Workbook

Sheet HTTK1
A1: HỆ THỐNG TÀI KHOẢN CẤP 1
A3: TK | B3: Loại TK | C3: TÊN TK | D3: SDDK1 | E3: DKNO1 | F3: DKCO1
A4: 1 | B4: 2 | C4: 3 | D4: 4 | E4: 5 | F4: 6
A5: 111 | B5: N | C5: Tiền Mặt
A6: 112 | B6: N | C6: Tiền gửi Ngân Hàng
A7: 113 | B7: N | C7: Tiền đang chuyển
A8: 121 | B8: N | C8: Chứng khoán kinh doanh
A9: 128 | B9: N | C9: Đầu tư nắm giữ đến ngày đáo hạn
A10: 131 | B10: N | C10: Phải thu của khách hàng
A11: 133 | B11: N | C11: Thuế GTGT được khấu trừ
A12: 136 | B12: N | C12: Phải thu nội bộ
A13: 138 | B13: N | C13: Phải thu khác
A14: 141 | B14: N | C14: Tạm ứng
A15: 151 | B15: N | C15: Hàng mua đang đi đường
A16: 152 | B16: N | C16: Nguyên liệu, vật liệu
... A80: 911 | B80: C | C80: Xác định kết quả kinh doanh
E81: =SUM(E5:E80) -> 0 | F81: =SUM(F5:F80) -> 0

Sheet DMTK
E1: BẢNG DANH MỤC TÀI KHOẢN
A3: MÃ TS-NV | B3: SHTK | C3: Loại TK | D3: TÊN TK | E3: TỒN DK | F3: SDD | G3: PSNO | H3: PSCO | I3: TỒN CK | J3: SDC | K3: DDNO | L3: DDCO | M3: MaTSNVDN | N3: SODN | O3: MaTSNVCK | P3: SOCK | Q3: ĐVT
A4: 0 | B4: 1 | C4: 2 | D4: 3 | E4: 4 | F4: 5 | G4: 6 | H4: 7 | I4: 8 | J4: 9 | K4: 10 | L4: 11 | M4: 12 | N4: 13 | O4: 14 | P4: 15 | Q4: 16
A5: 100.110.111 | B5: 1111 | C5: N | D5: Tiền Việt Nam | F5: 400000000 | G5: =SUMIFS(CT!$H$5:$H$143,CT!$D$5:$D$143,DMTK!$B5) -> 25200000 | H5: =SUMIFS(CT!$H$5:$H$143,CT!$E$5:$E$143,DMTK!$B5) -> 404100000 | J5: =IF(C5="N",F5+G5-H5,F5+H5-G5) -> 21100000 | M5: =IF(AND(LEFT(B5,4)="1311",F5<0),"300.310.312",IF(AND(LEFT(B5,3)="138",F5<0),"300.310.319",IF(AND(LEFT(B5,4)="3311",F5<0),"100.130.132",IF(AND(LEFT(B5,3)="333",F5<0),"100.150.153",IF(AND(LEFT(B5,3)="337",F5<0),"100.130.134",A5))))) -> 100.110.111 | N5: =IF(OR(AND(LEFT(B5,4)="1311",F5<0),AND(LEFT(B5,3)="138",F5<0),AND(LEFT(B5,4)="3311",F5<0),AND(LEFT(B5,3)="333",F5<0),AND(LEFT(B5,3)="337",F5<0),LEFT(B5,3)="214",LEFT(B5,3)="229",LEFT(B5,3)="419",AND(LEFT(B5,3)="421",F5<0)),-1,1)*F5 -> 400000000 | O5: =IF(AND(LEFT(B5,4)="1311",J5<0),"300.310.312",IF(AND(LEFT(B5,3)="138",J5<0),"300.310.319",IF(AND(LEFT(B5,4)="3311",J5<0),"100.130.132",IF(AND(LEFT(B5,3)="333",J5<0),"100.150.153",IF(AND(LEFT(B5,3)="337",J5<0),"100.130.134",A5))))) -> 100.110.111 | P5: =IF(OR(AND(LEFT(B5,4)="1311",J5<0),AND(LEFT(B5,3)="138",J5<0),AND(LEFT(B5,4)="3311",J5<0),AND(LEFT(B5,3)="333",J5<0),AND(LEFT(B5,3)="337",J5<0),LEFT(B5,3)="214",LEFT(B5,3)="229",LEFT(B5,3)="419",AND(LEFT(B5,3)="421",F5<0)),-1,1)*J5 -> 21100000
A6: 100.110.111 | B6: 1112 | C6: N | D6: Ngoại tệ | F6: 0 | G6: =SUMIFS(CT!$H$5:$H$143,CT!$D$5:$D$143,DMTK!$B6) -> 0 | H6: =SUMIFS(CT!$H$5:$H$143,CT!$E$5:$E$143,DMTK!$B6) -> 0 | J6: =IF(C6="N",F6+G6-H6,F6+H6-G6) -> 0 | M6: =IF(AND(LEFT(B6,4)="1311",F6<0),"300.310.312",IF(AND(LEFT(B6,3)="138",F6<0),"300.310.319",IF(AND(LEFT(B6,4)="3311",F6<0),"100.130.132",IF(AND(LEFT(B6,3)="333",F6<0),"100.150.153",IF(AND(LEFT(B6,3)="337",F6<0),"100.130.134",A6))))) -> 100.110.111 | N6: =IF(OR(AND(LEFT(B6,4)="1311",F6<0),AND(LEFT(B6,3)="138",F6<0),AND(LEFT(B6,4)="3311",F6<0),AND(LEFT(B6,3)="333",F6<0),AND(LEFT(B6,3)="337",F6<0),LEFT(B6,3)="214",LEFT(B6,3)="229",LEFT(B6,3)="419",AND(LEFT(B6,3)="421",F6<0)),-1,1)*F6 -> 0 | O6: =IF(AND(LEFT(B6,4)="1311",J6<0),"300.310.312",IF(AND(LEFT(B6,3)="138",J6<0),"300.310.319",IF(AND(LEFT(B6,4)="3311",J6<0),"100.130.132",IF(AND(LEFT(B6,3)="333",J6<0),"100.150.153",IF(AND(LEFT(B6,3)="337",J6<0),"100.130.134",A6))))) -> 100.110.111 | P6: =IF(OR(AND(LEFT(B6,4)="1311",J6<0),AND(LEFT(B6,3)="138",J6<0),AND(LEFT(B6,4)="3311",J6<0),AND(LEFT(B6,3)="333",J6<0),AND(LEFT(B6,3)="337",J6<0),LEFT(B6,3)="214",LEFT(B6,3)="229",LEFT(B6,3)="419",AND(LEFT(B6,3)="421",F6<0)),-1,1)*J6 -> 0
A7: 100.110.111 | B7: 1113 | C7: N | D7: Vàng tiền tệ | F7: 0 | G7: =SUMIFS(CT!$H$5:$H$143,CT!$D$5:$D$143,DMTK!$B7) -> 0 | H7: =SUMIFS(CT!$H$5:$H$143,CT!$E$5:$E$143,DMTK!$B7) -> 0 | J7: =IF(C7="N",F7+G7-H7,F7+H7-G7) -> 0 | M7: =IF(AND(LEFT(B7,4)="1311",F7<0),"300.310.312",IF(AND(LEFT(B7,3)="138",F7<0),"300.310.319",IF(AND(LEFT(B7,4)="3311",F7<0),"100.130.132",IF(AND(LEFT(B7,3)="333",F7<0),"100.150.153",IF(AND(LEFT(B7,3)="337",F7<0),"100.130.134",A7))))) -> 100.110.111 | N7: =IF(OR(AND(LEFT(B7,4)="1311",F7<0),AND(LEFT(B7,3)="138",F7<0),AND(LEFT(B7,4)="3311",F7<0),AND(LEFT(B7,3)="333",F7<0),AND(LEFT(B7,3)="337",F7<0),LEFT(B7,3)="214",LEFT(B7,3)="229",LEFT(B7,3)="419",AND(LEFT(B7,3)="421",F7<0)),-1,1)*F7 -> 0 | O7: =IF(AND(LEFT(B7,4)="1311",J7<0),"300.310.312",IF(AND(LEFT(B7,3)="138",J7<0),"300.310.319",IF(AND(LEFT(B7,4)="3311",J7<0),"100.130.132",IF(AND(LEFT(B7,3)="333",J7<0),"100.150.153",IF(AND(LEFT(B7,3)="337",J7<0),"100.130.134",A7))))) -> 100.110.111 | P7: =IF(OR(AND(LEFT(B7,4)="1311",J7<0),AND(LEFT(B7,3)="138",J7<0),AND(LEFT(B7,4)="3311",J7<0),AND(LEFT(B7,3)="333",J7<0),AND(LEFT(B7,3)="337",J7<0),LEFT(B7,3)="214",LEFT(B7,3)="229",LEFT(B7,3)="419",AND(LEFT(B7,3)="421",F7<0)),-1,1)*J7 -> 0
A8: 100.110.111 | B8: 1121.01 | C8: N | D8: Tiền Việt Nam NH Ngoại Thương | F8: 258221000 | G8: =SUMIFS(CT!$H$5:$H$143,CT!$D$5:$D$143,DMTK!$B8) -> 0 | H8: =SUMIFS(CT!$H$5:$H$143,CT!$E$5:$E$143,DMTK!$B8) -> 90000000 | J8: =IF(C8="N",F8+G8-H8,F8+H8-G8) -> 168221000 | M8: =IF(AND(LEFT(B8,4)="1311",F8<0),"300.310.312",IF(AND(LEFT(B8,3)="138",F8<0),"300.310.319",IF(AND(LEFT(B8,4)="3311",F8<0),"100.130.132",IF(AND(LEFT(B8,3)="333",F8<0),"100.150.153",IF(AND(LEFT(B8,3)="337",F8<0),"100.130.134",A8))))) -> 100.110.111 | N8: =IF(OR(AND(LEFT(B8,4)="1311",F8<0),AND(LEFT(B8,3)="138",F8<0),AND(LEFT(B8,4)="3311",F8<0),AND(LEFT(B8,3)="333",F8<0),AND(LEFT(B8,3)="337",F8<0),LEFT(B8,3)="214",LEFT(B8,3)="229",LEFT(B8,3)="419",AND(LEFT(B8,3)="421",F8<0)),-1,1)*F8 -> 258221000 | O8: =IF(AND(LEFT(B8,4)="1311",J8<0),"300.310.312",IF(AND(LEFT(B8,3)="138",J8<0),"300.310.319",IF(AND(LEFT(B8,4)="3311",J8<0),"100.130.132",IF(AND(LEFT(B8,3)="333",J8<0),"100.150.153",IF(AND(LEFT(B8,3)="337",J8<0),"100.130.134",A8))))) -> 100.110.111 | P8: =IF(OR(AND(LEFT(B8,4)="1311",J8<0),AND(LEFT(B8,3)="138",J8<0),AND(LEFT(B8,4)="3311",J8<0),AND(LEFT(B8,3)="333",J8<0),AND(LEFT(B8,3)="337",J8<0),LEFT(B8,3)="214",LEFT(B8,3)="229",LEFT(B8,3)="419",AND(LEFT(B8,3)="421",F8<0)),-1,1)*J8 -> 168221000
A9: 100.110.111 | B9: 1121.02 | C9: N | D9: Tiền Việt Nam NH Đông Á | F9: 60000000 | G9: =SUMIFS(CT!$H$5:$H$143,CT!$D$5:$D$143,DMTK!$B9) -> 30000000 | H9: =SUMIFS(CT!$H$5:$H$143,CT!$E$5:$E$143,DMTK!$B9) -> 0 | J9: =IF(C9="N",F9+G9-H9,F9+H9-G9) -> 90000000 | M9: =IF(AND(LEFT(B9,4)="1311",F9<0),"300.310.312",IF(AND(LEFT(B9,3)="138",F9<0),"300.310.319",IF(AND(LEFT(B9,4)="3311",F9<0),"100.130.132",IF(AND(LEFT(B9,3)="333",F9<0),"100.150.153",IF(AND(LEFT(B9,3)="337",F9<0),"100.130.134",A9))))) -> 100.110.111 | N9: =IF(OR(AND(LEFT(B9,4)="1311",F9<0),AND(LEFT(B9,3)="138",F9<0),AND(LEFT(B9,4)="3311",F9<0),AND(LEFT(B9,3)="333",F9<0),AND(LEFT(B9,3)="337",F9<0),LEFT(B9,3)="214",LEFT(B9,3)="229",LEFT(B9,3)="419",AND(LEFT(B9,3)="421",F9<0)),-1,1)*F9 -> 60000000 | O9: =IF(AND(LEFT(B9,4)="1311",J9<0),"300.310.312",IF(AND(LEFT(B9,3)="138",J9<0),"300.310.319",IF(AND(LEFT(B9,4)="3311",J9<0),"100.130.132",IF(AND(LEFT(B9,3)="333",J9<0),"100.150.153",IF(AND(LEFT(B9,3)="337",J9<0),"100.130.134",A9))))) -> 100.110.111 | P9: =IF(OR(AND(LEFT(B9,4)="1311",J9<0),AND(LEFT(B9,3)="138",J9<0),AND(LEFT(B9,4)="3311",J9<0),AND(LEFT(B9,3)="333",J9<0),AND(LEFT(B9,3)="337",J9<0),LEFT(B9,3)="214",LEFT(B9,3)="229",LEFT(B9,3)="419",AND(LEFT(B9,3)="421",F9<0)),-1,1)*J9 -> 90000000
A10: 100.110.111 | B10: 1121.03 | C10: N | D10: Tiền Việt Nam NH Á Châu | F10: 40000000 | G10: =SUMIFS(CT!$H$5:$H$143,CT!$D$5:$D$143,DMTK!$B10) -> 0 | H10: =SUMIFS(CT!$H$5:$H$143,CT!$E$5:$E$143,DMTK!$B10) -> 0 | J10: =IF(C10="N",F10+G10-H10,F10+H10-G10) -> 40000000 | M10: =IF(AND(LEFT(B10,4)="1311",F10<0),"300.310.312",IF(AND(LEFT(B10,3)="138",F10<0),"300.310.319",IF(AND(LEFT(B10,4)="3311",F10<0),"100.130.132",IF(AND(LEFT(B10,3)="333",F10<0),"100.150.153",IF(AND(LEFT(B10,3)="337",F10<0),"100.130.134",A10))))) -> 100.110.111 | N10: =IF(OR(AND(LEFT(B10,4)="1311",F10<0),AND(LEFT(B10,3)="138",F10<0),AND(LEFT(B10,4)="3311",F10<0),AND(LEFT(B10,3)="333",F10<0),AND(LEFT(B10,3)="337",F10<0),LEFT(B10,3)="214",LEFT(B10,3)="229",LEFT(B10,3)="419",AND(LEFT(B10,3)="421",F10<0)),-1,1)*F10 -> 40000000 | O10: =IF(AND(LEFT(B10,4)="1311",J10<0),"300.310.312",IF(AND(LEFT(B10,3)="138",J10<0),"300.310.319",IF(AND(LEFT(B10,4)="3311",J10<0),"100.130.132",IF(AND(LEFT(B10,3)="333",J10<0),"100.150.153",IF(AND(LEFT(B10,3)="337",J10<0),"100.130.134",A10))))) -> 100.110.111 | P10: =IF(OR(AND(LEFT(B10,4)="1311",J10<0),AND(LEFT(B10,3)="138",J10<0),AND(LEFT(B10,4)="3311",J10<0),AND(LEFT(B10,3)="333",J10<0),AND(LEFT(B10,3)="337",J10<0),LEFT(B10,3)="214",LEFT(B10,3)="229",LEFT(B10,3)="419",AND(LEFT(B10,3)="421",F10<0)),-1,1)*J10 -> 40000000
A11: 100.110.111 | B11: 1122 | C11: N | D11: Ngoại tệ | F11: 0 | G11: =SUMIFS(CT!$H$5:$H$143,CT!$D$5:$D$143,DMTK!$B11) -> 0 | H11: =SUMIFS(CT!$H$5:$H$143,CT!$E$5:$E$143,DMTK!$B11) -> 0 | J11: =IF(C11="N",F11+G11-H11,F11+H11-G11) -> 0 | M11: =IF(AND(LEFT(B11,4)="1311",F11<0),"300.310.312",IF(AND(LEFT(B11,3)="138",F11<0),"300.310.319",IF(AND(LEFT(B11,4)="3311",F11<0),"100.130.132",IF(AND(LEFT(B11,3)="333",F11<0),"100.150.153",IF(AND(LEFT(B11,3)="337",F11<0),"100.130.134",A11))))) -> 100.110.111 | N11: =IF(OR(AND(LEFT(B11,4)="1311",F11<0),AND(LEFT(B11,3)="138",F11<0),AND(LEFT(B11,4)="3311",F11<0),AND(LEFT(B11,3)="333",F11<0),AND(LEFT(B11,3)="337",F11<0),LEFT(B11,3)="214",LEFT(B11,3)="229",LEFT(B11,3)="419",AND(LEFT(B11,3)="421",F11<0)),-1,1)*F11 -> 0 | O11: =IF(AND(LEFT(B11,4)="1311",J11<0),"300.310.312",IF(AND(LEFT(B11,3)="138",J11<0),"300.310.319",IF(AND(LEFT(B11,4)="3311",J11<0),"100.130.132",IF(AND(LEFT(B11,3)="333",J11<0),"100.150.153",IF(AND(LEFT(B11,3)="337",J11<0),"100.130.134",A11))))) -> 100.110.111 | P11: =IF(OR(AND(LEFT(B11,4)="1311",J11<0),AND(LEFT(B11,3)="138",J11<0),AND(LEFT(B11,4)="3311",J11<0),AND(LEFT(B11,3)="333",J11<0),AND(LEFT(B11,3)="337",J11<0),LEFT(B11,3)="214",LEFT(B11,3)="229",LEFT(B11,3)="419",AND(LEFT(B11,3)="421",F11<0)),-1,1)*J11 -> 0
A12: 100.110.111 | B12: 1123 | C12: N | D12: Vàng tiền tệ | F12: 0 | G12: =SUMIFS(CT!$H$5:$H$143,CT!$D$5:$D$143,DMTK!$B12) -> 0 | H12: =SUMIFS(CT!$H$5:$H$143,CT!$E$5:$E$143,DMTK!$B12) -> 0 | J12: =IF(C12="N",F12+G12-H12,F12+H12-G12) -> 0 | M12: =IF(AND(LEFT(B12,4)="1311",F12<0),"300.310.312",IF(AND(LEFT(B12,3)="138",F12<0),"300.310.319",IF(AND(LEFT(B12,4)="3311",F12<0),"100.130.132",IF(AND(LEFT(B12,3)="333",F12<0),"100.150.153",IF(AND(LEFT(B12,3)="337",F12<0),"100.130.134",A12))))) -> 100.110.111 | N12: =IF(OR(AND(LEFT(B12,4)="1311",F12<0),AND(LEFT(B12,3)="138",F12<0),AND(LEFT(B12,4)="3311",F12<0),AND(LEFT(B12,3)="333",F12<0),AND(LEFT(B12,3)="337",F12<0),LEFT(B12,3)="214",LEFT(B12,3)="229",LEFT(B12,3)="419",AND(LEFT(B12,3)="421",F12<0)),-1,1)*F12 -> 0 | O12: =IF(AND(LEFT(B12,4)="1311",J12<0),"300.310.312",IF(AND(LEFT(B12,3)="138",J12<0),"300.310.319",IF(AND(LEFT(B12,4)="3311",J12<0),"100.130.132",IF(AND(LEFT(B12,3)="333",J12<0),"100.150.153",IF(AND(LEFT(B12,3)="337",J12<0),"100.130.134",A12))))) -> 100.110.111 | P12: =IF(OR(AND(LEFT(B12,4)="1311",J12<0),AND(LEFT(B12,3)="138",J12<0),AND(LEFT(B12,4)="3311",J12<0),AND(LEFT(B12,3)="333",J12<0),AND(LEFT(B12,3)="337",J12<0),LEFT(B12,3)="214",LEFT(B12,3)="229",LEFT(B12,3)="419",AND(LEFT(B12,3)="421",F12<0)),-1,1)*J12 -> 0
A13: 100.110.111 | B13: 1131 | C13: N | D13: Tiền Việt Nam | F13: 0 | G13: =SUMIFS(CT!$H$5:$H$143,CT!$D$5:$D$143,DMTK!$B13) -> 0 | H13: =SUMIFS(CT!$H$5:$H$143,CT!$E$5:$E$143,DMTK!$B13) -> 0 | J13: =IF(C13="N",F13+G13-H13,F13+H13-G13) -> 0 | M13: =IF(AND(LEFT(B13,4)="1311",F13<0),"300.310.312",IF(AND(LEFT(B13,3)="138",F13<0),"300.310.319",IF(AND(LEFT(B13,4)="3311",F13<0),"100.130.132",IF(AND(LEFT(B13,3)="333",F13<0),"100.150.153",IF(AND(LEFT(B13,3)="337",F13<0),"100.130.134",A13))))) -> 100.110.111 | N13: =IF(OR(AND(LEFT(B13,4)="1311",F13<0),AND(LEFT(B13,3)="138",F13<0),AND(LEFT(B13,4)="3311",F13<0),AND(LEFT(B13,3)="333",F13<0),AND(LEFT(B13,3)="337",F13<0),LEFT(B13,3)="214",LEFT(B13,3)="229",LEFT(B13,3)="419",AND(LEFT(B13,3)="421",F13<0)),-1,1)*F13 -> 0 | O13: =IF(AND(LEFT(B13,4)="1311",J13<0),"300.310.312",IF(AND(LEFT(B13,3)="138",J13<0),"300.310.319",IF(AND(LEFT(B13,4)="3311",J13<0),"100.130.132",IF(AND(LEFT(B13,3)="333",J13<0),"100.150.153",IF(AND(LEFT(B13,3)="337",J13<0),"100.130.134",A13))))) -> 100.110.111 | P13: =IF(OR(AND(LEFT(B13,4)="1311",J13<0),AND(LEFT(B13,3)="138",J13<0),AND(LEFT(B13,4)="3311",J13<0),AND(LEFT(B13,3)="333",J13<0),AND(LEFT(B13,3)="337",J13<0),LEFT(B13,3)="214",LEFT(B13,3)="229",LEFT(B13,3)="419",AND(LEFT(B13,3)="421",F13<0)),-1,1)*J13 -> 0
A14: 100.110.111 | B14: 1132 | C14: N | D14: Ngoại tệ | G14: =SUMIFS(CT!$H$5:$H$143,CT!$D$5:$D$143,DMTK!$B14) -> 0 | H14: =SUMIFS(CT!$H$5:$H$143,CT!$E$5:$E$143,DMTK!$B14) -> 0 | J14: =IF(C14="N",F14+G14-H14,F14+H14-G14) -> 0 | M14: =IF(AND(LEFT(B14,4)="1311",F14<0),"300.310.312",IF(AND(LEFT(B14,3)="138",F14<0),"300.310.319",IF(AND(LEFT(B14,4)="3311",F14<0),"100.130.132",IF(AND(LEFT(B14,3)="333",F14<0),"100.150.153",IF(AND(LEFT(B14,3)="337",F14<0),"100.130.134",A14))))) -> 100.110.111 | N14: =IF(OR(AND(LEFT(B14,4)="1311",F14<0),AND(LEFT(B14,3)="138",F14<0),AND(LEFT(B14,4)="3311",F14<0),AND(LEFT(B14,3)="333",F14<0),AND(LEFT(B14,3)="337",F14<0),LEFT(B14,3)="214",LEFT(B14,3)="229",LEFT(B14,3)="419",AND(LEFT(B14,3)="421",F14<0)),-1,1)*F14 -> 0 | O14: =IF(AND(LEFT(B14,4)="1311",J14<0),"300.310.312",IF(AND(LEFT(B14,3)="138",J14<0),"300.310.319",IF(AND(LEFT(B14,4)="3311",J14<0),"100.130.132",IF(AND(LEFT(B14,3)="333",J14<0),"100.150.153",IF(AND(LEFT(B14,3)="337",J14<0),"100.130.134",A14))))) -> 100.110.111 | P14: =IF(OR(AND(LEFT(B14,4)="1311",J14<0),AND(LEFT(B14,3)="138",J14<0),AND(LEFT(B14,4)="3311",J14<0),AND(LEFT(B14,3)="333",J14<0),AND(LEFT(B14,3)="337",J14<0),LEFT(B14,3)="214",LEFT(B14,3)="229",LEFT(B14,3)="419",AND(LEFT(B14,3)="421",F14<0)),-1,1)*J14 -> 0
A15: 100.120.121 | B15: 1211 | C15: N | D15: Cổ phiếu | F15: 0 | G15: =SUMIFS(CT!$H$5:$H$143,CT!$D$5:$D$143,DMTK!$B15) -> 0 | H15: =SUMIFS(CT!$H$5:$H$143,CT!$E$5:$E$143,DMTK!$B15) -> 0 | J15: =IF(C15="N",F15+G15-H15,F15+H15-G15) -> 0 | M15: =IF(AND(LEFT(B15,4)="1311",F15<0),"300.310.312",IF(AND(LEFT(B15,3)="138",F15<0),"300.310.319",IF(AND(LEFT(B15,4)="3311",F15<0),"100.130.132",IF(AND(LEFT(B15,3)="333",F15<0),"100.150.153",IF(AND(LEFT(B15,3)="337",F15<0),"100.130.134",A15))))) -> 100.120.121 | N15: =IF(OR(AND(LEFT(B15,4)="1311",F15<0),AND(LEFT(B15,3)="138",F15<0),AND(LEFT(B15,4)="3311",F15<0),AND(LEFT(B15,3)="333",F15<0),AND(LEFT(B15,3)="337",F15<0),LEFT(B15,3)="214",LEFT(B15,3)="229",LEFT(B15,3)="419",AND(LEFT(B15,3)="421",F15<0)),-1,1)*F15 -> 0 | O15: =IF(AND(LEFT(B15,4)="1311",J15<0),"300.310.312",IF(AND(LEFT(B15,3)="138",J15<0),"300.310.319",IF(AND(LEFT(B15,4)="3311",J15<0),"100.130.132",IF(AND(LEFT(B15,3)="333",J15<0),"100.150.153",IF(AND(LEFT(B15,3)="337",J15<0),"100.130.134",A15))))) -> 100.120.121 | P15: =IF(OR(AND(LEFT(B15,4)="1311",J15<0),AND(LEFT(B15,3)="138",J15<0),AND(LEFT(B15,4)="3311",J15<0),AND(LEFT(B15,3)="333",J15<0),AND(LEFT(B15,3)="337",J15<0),LEFT(B15,3)="214",LEFT(B15,3)="229",LEFT(B15,3)="419",AND(LEFT(B15,3)="421",F15<0)),-1,1)*J15 -> 0
A16: 100.120.121 | B16: 1212 | C16: N | D16: Trái phiếu | F16: 0 | G16: =SUMIFS(CT!$H$5:$H$143,CT!$D$5:$D$143,DMTK!$B16) -> 0 | H16: =SUMIFS(CT!$H$5:$H$143,CT!$E$5:$E$143,DMTK!$B16) -> 0 | J16: =IF(C16="N",F16+G16-H16,F16+H16-G16) -> 0 | M16: =IF(AND(LEFT(B16,4)="1311",F16<0),"300.310.312",IF(AND(LEFT(B16,3)="138",F16<0),"300.310.319",IF(AND(LEFT(B16,4)="3311",F16<0),"100.130.132",IF(AND(LEFT(B16,3)="333",F16<0),"100.150.153",IF(AND(LEFT(B16,3)="337",F16<0),"100.130.134",A16))))) -> 100.120.121 | N16: =IF(OR(AND(LEFT(B16,4)="1311",F16<0),AND(LEFT(B16,3)="138",F16<0),AND(LEFT(B16,4)="3311",F16<0),AND(LEFT(B16,3)="333",F16<0),AND(LEFT(B16,3)="337",F16<0),LEFT(B16,3)="214",LEFT(B16,3)="229",LEFT(B16,3)="419",AND(LEFT(B16,3)="421",F16<0)),-1,1)*F16 -> 0 | O16: =IF(AND(LEFT(B16,4)="1311",J16<0),"300.310.312",IF(AND(LEFT(B16,3)="138",J16<0),"300.310.319",IF(AND(LEFT(B16,4)="3311",J16<0),"100.130.132",IF(AND(LEFT(B16,3)="333",J16<0),"100.150.153",IF(AND(LEFT(B16,3)="337",J16<0),"100.130.134",A16))))) -> 100.120.121 | P16: =IF(OR(AND(LEFT(B16,4)="1311",J16<0),AND(LEFT(B16,3)="138",J16<0),AND(LEFT(B16,4)="3311",J16<0),AND(LEFT(B16,3)="333",J16<0),AND(LEFT(B16,3)="337",J16<0),LEFT(B16,3)="214",LEFT(B16,3)="229",LEFT(B16,3)="419",AND(LEFT(B16,3)="421",F16<0)),-1,1)*J16 -> 0
A17: 100.110.112 | B17: 12811 | C17: N | D17: Tiền gửi có kỳ hạn (không quá 3 tháng) | F17: 100000000 | G17: =SUMIFS(CT!$H$5:$H$143,CT!$D$5:$D$143,DMTK!$B17) -> 0 | H17: =SUMIFS(CT!$H$5:$H$143,CT!$E$5:$E$143,DMTK!$B17) -> 0 | J17: =IF(C17="N",F17+G17-H17,F17+H17-G17) -> 100000000 | M17: =IF(AND(LEFT(B17,4)="1311",F17<0),"300.310.312",IF(AND(LEFT(B17,3)="138",F17<0),"300.310.319",IF(AND(LEFT(B17,4)="3311",F17<0),"100.130.132",IF(AND(LEFT(B17,3)="333",F17<0),"100.150.153",IF(AND(LEFT(B17,3)="337",F17<0),"100.130.134",A17))))) -> 100.110.112 | N17: =IF(OR(AND(LEFT(B17,4)="1311",F17<0),AND(LEFT(B17,3)="138",F17<0),AND(LEFT(B17,4)="3311",F17<0),AND(LEFT(B17,3)="333",F17<0),AND(LEFT(B17,3)="337",F17<0),LEFT(B17,3)="214",LEFT(B17,3)="229",LEFT(B17,3)="419",AND(LEFT(B17,3)="421",F17<0)),-1,1)*F17 -> 100000000 | O17: =IF(AND(LEFT(B17,4)="1311",J17<0),"300.310.312",IF(AND(LEFT(B17,3)="138",J17<0),"300.310.319",IF(AND(LEFT(B17,4)="3311",J17<0),"100.130.132",IF(AND(LEFT(B17,3)="333",J17<0),"100.150.153",IF(AND(LEFT(B17,3)="337",J17<0),"100.130.134",A17))))) -> 100.110.112 | P17: =IF(OR(AND(LEFT(B17,4)="1311",J17<0),AND(LEFT(B17,3)="138",J17<0),AND(LEFT(B17,4)="3311",J17<0),AND(LEFT(B17,3)="333",J17<0),AND(LEFT(B17,3)="337",J17<0),LEFT(B17,3)="214",LEFT(B17,3)="229",LEFT(B17,3)="419",AND(LEFT(B17,3)="421",F17<0)),-1,1)*J17 -> 100000000
A18: 100.120.123 | B18: 12812 | C18: N | D18: Tiền gửi có kỳ hạn (không quá 12 tháng) | G18: =SUMIFS(CT!$H$5:$H$143,CT!$D$5:$D$143,DMTK!$B18) -> 0 | H18: =SUMIFS(CT!$H$5:$H$143,CT!$E$5:$E$143,DMTK!$B18) -> 0 | J18: =IF(C18="N",F18+G18-H18,F18+H18-G18) -> 0 | M18: =IF(AND(LEFT(B18,4)="1311",F18<0),"300.310.312",IF(AND(LEFT(B18,3)="138",F18<0),"300.310.319",IF(AND(LEFT(B18,4)="3311",F18<0),"100.130.132",IF(AND(LEFT(B18,3)="333",F18<0),"100.150.153",IF(AND(LEFT(B18,3)="337",F18<0),"100.130.134",A18))))) -> 100.120.123 | N18: =IF(OR(AND(LEFT(B18,4)="1311",F18<0),AND(LEFT(B18,3)="138",F18<0),AND(LEFT(B18,4)="3311",F18<0),AND(LEFT(B18,3)="333",F18<0),AND(LEFT(B18,3)="337",F18<0),LEFT(B18,3)="214",LEFT(B18,3)="229",LEFT(B18,3)="419",AND(LEFT(B18,3)="421",F18<0)),-1,1)*F18 -> 0 | O18: =IF(AND(LEFT(B18,4)="1311",J18<0),"300.310.312",IF(AND(LEFT(B18,3)="138",J18<0),"300.310.319",IF(AND(LEFT(B18,4)="3311",J18<0),"100.130.132",IF(AND(LEFT(B18,3)="333",J18<0),"100.150.153",IF(AND(LEFT(B18,3)="337",J18<0),"100.130.134",A18))))) -> 100.120.123 | P18: =IF(OR(AND(LEFT(B18,4)="1311",J18<0),AND(LEFT(B18,3)="138",J18<0),AND(LEFT(B18,4)="3311",J18<0),AND(LEFT(B18,3)="333",J18<0),AND(LEFT(B18,3)="337",J18<0),LEFT(B18,3)="214",LEFT(B18,3)="229",LEFT(B18,3)="419",AND(LEFT(B18,3)="421",F18<0)),-1,1)*J18 -> 0
A19: 100.130.135 | B19: 12831 | C19: N | D19: Cho vay (không quá 12 tháng) | G19: =SUMIFS(CT!$H$5:$H$143,CT!$D$5:$D$143,DMTK!$B19) -> 0 | H19: =SUMIFS(CT!$H$5:$H$143,CT!$E$5:$E$143,DMTK!$B19) -> 0 | J19: =IF(C19="N",F19+G19-H19,F19+H19-G19) -> 0 | M19: =IF(AND(LEFT(B19,4)="1311",F19<0),"300.310.312",IF(AND(LEFT(B19,3)="138",F19<0),"300.310.319",IF(AND(LEFT(B19,4)="3311",F19<0),"100.130.132",IF(AND(LEFT(B19,3)="333",F19<0),"100.150.153",IF(AND(LEFT(B19,3)="337",F19<0),"100.130.134",A19))))) -> 100.130.135 | N19: =IF(OR(AND(LEFT(B19,4)="1311",F19<0),AND(LEFT(B19,3)="138",F19<0),AND(LEFT(B19,4)="3311",F19<0),AND(LEFT(B19,3)="333",F19<0),AND(LEFT(B19,3)="337",F19<0),LEFT(B19,3)="214",LEFT(B19,3)="229",LEFT(B19,3)="419",AND(LEFT(B19,3)="421",F19<0)),-1,1)*F19 -> 0 | O19: =IF(AND(LEFT(B19,4)="1311",J19<0),"300.310.312",IF(AND(LEFT(B19,3)="138",J19<0),"300.310.319",IF(AND(LEFT(B19,4)="3311",J19<0),"100.130.132",IF(AND(LEFT(B19,3)="333",J19<0),"100.150.153",IF(AND(LEFT(B19,3)="337",J19<0),"100.130.134",A19))))) -> 100.130.135 | P19: =IF(OR(AND(LEFT(B19,4)="1311",J19<0),AND(LEFT(B19,3)="138",J19<0),AND(LEFT(B19,4)="3311",J19<0),AND(LEFT(B19,3)="333",J19<0),AND(LEFT(B19,3)="337",J19<0),LEFT(B19,3)="214",LEFT(B19,3)="229",LEFT(B19,3)="419",AND(LEFT(B19,3)="421",F19<0)),-1,1)*J19 -> 0
A20: 200.210.215 | B20: 12832 | C20: N | D20: Cho vay (trên 12 tháng) | G20: =SUMIFS(CT!$H$5:$H$143,CT!$D$5:$D$143,DMTK!$B20) -> 0 | H20: =SUMIFS(CT!$H$5:$H$143,CT!$E$5:$E$143,DMTK!$B20) -> 0 | J20: =IF(C20="N",F20+G20-H20,F20+H20-G20) -> 0 | M20: =IF(AND(LEFT(B20,4)="1311",F20<0),"300.310.312",IF(AND(LEFT(B20,3)="138",F20<0),"300.310.319",IF(AND(LEFT(B20,4)="3311",F20<0),"100.130.132",IF(AND(LEFT(B20,3)="333",F20<0),"100.150.153",IF(AND(LEFT(B20,3)="337",F20<0),"100.130.134",A20))))) -> 200.210.215 | N20: =IF(OR(AND(LEFT(B20,4)="1311",F20<0),AND(LEFT(B20,3)="138",F20<0),AND(LEFT(B20,4)="3311",F20<0),AND(LEFT(B20,3)="333",F20<0),AND(LEFT(B20,3)="337",F20<0),LEFT(B20,3)="214",LEFT(B20,3)="229",LEFT(B20,3)="419",AND(LEFT(B20,3)="421",F20<0)),-1,1)*F20 -> 0 | O20: =IF(AND(LEFT(B20,4)="1311",J20<0),"300.310.312",IF(AND(LEFT(B20,3)="138",J20<0),"300.310.319",IF(AND(LEFT(B20,4)="3311",J20<0),"100.130.132",IF(AND(LEFT(B20,3)="333",J20<0),"100.150.153",IF(AND(LEFT(B20,3)="337",J20<0),"100.130.134",A20))))) -> 200.210.215 | P20: =IF(OR(AND(LEFT(B20,4)="1311",J20<0),AND(LEFT(B20,3)="138",J20<0),AND(LEFT(B20,4)="3311",J20<0),AND(LEFT(B20,3)="333",J20<0),AND(LEFT(B20,3)="337",J20<0),LEFT(B20,3)="214",LEFT(B20,3)="229",LEFT(B20,3)="419",AND(LEFT(B20,3)="421",F20<0)),-1,1)*J20 -> 0
A21: 100.110.112 | B21: 12881 | C21: N | D21: Các khoản đầu tư khác nắm giữ đến ngày đáo hạn | F21: 0 | G21: =SUMIFS(CT!$H$5:$H$143,CT!$D$5:$D$143,DMTK!$B21) -> 0 | H21: =SUMIFS(CT!$H$5:$H$143,CT!$E$5:$E$143,DMTK!$B21) -> 0 | J21: =IF(C21="N",F21+G21-H21,F21+H21-G21) -> 0 | M21: =IF(AND(LEFT(B21,4)="1311",F21<0),"300.310.312",IF(AND(LEFT(B21,3)="138",F21<0),"300.310.319",IF(AND(LEFT(B21,4)="3311",F21<0),"100.130.132",IF(AND(LEFT(B21,3)="333",F21<0),"100.150.153",IF(AND(LEFT(B21,3)="337",F21<0),"100.130.134",A21))))) -> 100.110.112 | N21: =IF(OR(AND(LEFT(B21,4)="1311",F21<0),AND(LEFT(B21,3)="138",F21<0),AND(LEFT(B21,4)="3311",F21<0),AND(LEFT(B21,3)="333",F21<0),AND(LEFT(B21,3)="337",F21<0),LEFT(B21,3)="214",LEFT(B21,3)="229",LEFT(B21,3)="419",AND(LEFT(B21,3)="421",F21<0)),-1,1)*F21 -> 0 | O21: =IF(AND(LEFT(B21,4)="1311",J21<0),"300.310.312",IF(AND(LEFT(B21,3)="138",J21<0),"300.310.319",IF(AND(LEFT(B21,4)="3311",J21<0),"100.130.132",IF(AND(LEFT(B21,3)="333",J21<0),"100.150.153",IF(AND(LEFT(B21,3)="337",J21<0),"100.130.134",A21))))) -> 100.110.112 | P21: =IF(OR(AND(LEFT(B21,4)="1311",J21<0),AND(LEFT(B21,3)="138",J21<0),AND(LEFT(B21,4)="3311",J21<0),AND(LEFT(B21,3)="333",J21<0),AND(LEFT(B21,3)="337",J21<0),LEFT(B21,3)="214",LEFT(B21,3)="229",LEFT(B21,3)="419",AND(LEFT(B21,3)="421",F21<0)),-1,1)*J21 -> 0
A22: 100.120.123 | B22: 12882 | C22: N | D22: Các khoản đầu tư khác nắm giữ đến ngày đáo hạn (không quá 12 tháng) | G22: =SUMIFS(CT!$H$5:$H$143,CT!$D$5:$D$143,DMTK!$B22) -> 0 | H22: =SUMIFS(CT!$H$5:$H$143,CT!$E$5:$E$143,DMTK!$B22) -> 0 | J22: =IF(C22="N",F22+G22-H22,F22+H22-G22) -> 0 | M22: =IF(AND(LEFT(B22,4)="1311",F22<0),"300.310.312",IF(AND(LEFT(B22,3)="138",F22<0),"300.310.319",IF(AND(LEFT(B22,4)="3311",F22<0),"100.130.132",IF(AND(LEFT(B22,3)="333",F22<0),"100.150.153",IF(AND(LEFT(B22,3)="337",F22<0),"100.130.134",A22))))) -> 100.120.123 | N22: =IF(OR(AND(LEFT(B22,4)="1311",F22<0),AND(LEFT(B22,3)="138",F22<0),AND(LEFT(B22,4)="3311",F22<0),AND(LEFT(B22,3)="333",F22<0),AND(LEFT(B22,3)="337",F22<0),LEFT(B22,3)="214",LEFT(B22,3)="229",LEFT(B22,3)="419",AND(LEFT(B22,3)="421",F22<0)),-1,1)*F22 -> 0 | O22: =IF(AND(LEFT(B22,4)="1311",J22<0),"300.310.312",IF(AND(LEFT(B22,3)="138",J22<0),"300.310.319",IF(AND(LEFT(B22,4)="3311",J22<0),"100.130.132",IF(AND(LEFT(B22,3)="333",J22<0),"100.150.153",IF(AND(LEFT(B22,3)="337",J22<0),"100.130.134",A22))))) -> 100.120.123 | P22: =IF(OR(AND(LEFT(B22,4)="1311",J22<0),AND(LEFT(B22,3)="138",J22<0),AND(LEFT(B22,4)="3311",J22<0),AND(LEFT(B22,3)="333",J22<0),AND(LEFT(B22,3)="337",J22<0),LEFT(B22,3)="214",LEFT(B22,3)="229",LEFT(B22,3)="419",AND(LEFT(B22,3)="421",F22<0)),-1,1)*J22 -> 0
A23: 100.130.131 | B23: 1311.01 | C23: N | D23: Công ty Quang Minh (ngắn hạn) | F23: 100000000 | G23: =SUMIFS(CT!$H$5:$H$143,CT!$D$5:$D$143,DMTK!$B23) -> 0 | H23: =SUMIFS(CT!$H$5:$H$143,CT!$E$5:$E$143,DMTK!$B23) -> 20000000 | J23: =IF(C23="N",F23+G23-H23,F23+H23-G23) -> 80000000 | M23: =IF(AND(LEFT(B23,4)="1311",F23<0),"300.310.312",IF(AND(LEFT(B23,3)="138",F23<0),"300.310.319",IF(AND(LEFT(B23,4)="3311",F23<0),"100.130.132",IF(AND(LEFT(B23,3)="333",F23<0),"100.150.153",IF(AND(LEFT(B23,3)="337",F23<0),"100.130.134",A23))))) -> 100.130.131 | N23: =IF(OR(AND(LEFT(B23,4)="1311",F23<0),AND(LEFT(B23,3)="138",F23<0),AND(LEFT(B23,4)="3311",F23<0),AND(LEFT(B23,3)="333",F23<0),AND(LEFT(B23,3)="337",F23<0),LEFT(B23,3)="214",LEFT(B23,3)="229",LEFT(B23,3)="419",AND(LEFT(B23,3)="421",F23<0)),-1,1)*F23 -> 100000000 | O23: =IF(AND(LEFT(B23,4)="1311",J23<0),"300.310.312",IF(AND(LEFT(B23,3)="138",J23<0),"300.310.319",IF(AND(LEFT(B23,4)="3311",J23<0),"100.130.132",IF(AND(LEFT(B23,3)="333",J23<0),"100.150.153",IF(AND(LEFT(B23,3)="337",J23<0),"100.130.134",A23))))) -> 100.130.131 | P23: =IF(OR(AND(LEFT(B23,4)="1311",J23<0),AND(LEFT(B23,3)="138",J23<0),AND(LEFT(B23,4)="3311",J23<0),AND(LEFT(B23,3)="333",J23<0),AND(LEFT(B23,3)="337",J23<0),LEFT(B23,3)="214",LEFT(B23,3)="229",LEFT(B23,3)="419",AND(LEFT(B23,3)="421",F23<0)),-1,1)*J23 -> 80000000
A24: 100.130.131 | B24: 1311.02 | C24: N | D24: Cty TNHH TMDV Mai Anh (ngắn hạn) | F24: 70000000 | G24: =SUMIFS(CT!$H$5:$H$143,CT!$D$5:$D$143,DMTK!$B24) -> 0 | H24: =SUMIFS(CT!$H$5:$H$143,CT!$E$5:$E$143,DMTK!$B24) -> 30000000 | J24: =IF(C24="N",F24+G24-H24,F24+H24-G24) -> 40000000 | M24: =IF(AND(LEFT(B24,4)="1311",F24<0),"300.310.312",IF(AND(LEFT(B24,3)="138",F24<0),"300.310.319",IF(AND(LEFT(B24,4)="3311",F24<0),"100.130.132",IF(AND(LEFT(B24,3)="333",F24<0),"100.150.153",IF(AND(LEFT(B24,3)="337",F24<0),"100.130.134",A24))))) -> 100.130.131 | N24: =IF(OR(AND(LEFT(B24,4)="1311",F24<0),AND(LEFT(B24,3)="138",F24<0),AND(LEFT(B24,4)="3311",F24<0),AND(LEFT(B24,3)="333",F24<0),AND(LEFT(B24,3)="337",F24<0),LEFT(B24,3)="214",LEFT(B24,3)="229",LEFT(B24,3)="419",AND(LEFT(B24,3)="421",F24<0)),-1,1)*F24 -> 70000000 | O24: =IF(AND(LEFT(B24,4)="1311",J24<0),"300.310.312",IF(AND(LEFT(B24,3)="138",J24<0),"300.310.319",IF(AND(LEFT(B24,4)="3311",J24<0),"100.130.132",IF(AND(LEFT(B24,3)="333",J24<0),"100.150.153",IF(AND(LEFT(B24,3)="337",J24<0),"100.130.134",A24))))) -> 100.130.131 | P24: =IF(OR(AND(LEFT(B24,4)="1311",J24<0),AND(LEFT(B24,3)="138",J24<0),AND(LEFT(B24,4)="3311",J24<0),AND(LEFT(B24,3)="333",J24<0),AND(LEFT(B24,3)="337",J24<0),LEFT(B24,3)="214",LEFT(B24,3)="229",LEFT(B24,3)="419",AND(LEFT(B24,3)="421",F24<0)),-1,1)*J24 -> 40000000
A25: 100.130.131 | B25: 1311.03 | C25: N | D25: Cty TNHH Phương Nam (ngắn hạn) | F25: 57000000 | G25: =SUMIFS(CT!$H$5:$H$143,CT!$D$5:$D$143,DMTK!$B25) -> 0 | H25: =SUMIFS(CT!$H$5:$H$143,CT!$E$5:$E$143,DMTK!$B25) -> 5000000 | J25: =IF(C25="N",F25+G25-H25,F25+H25-G25) -> 52000000 | M25: =IF(AND(LEFT(B25,4)="1311",F25<0),"300.310.312",IF(AND(LEFT(B25,3)="138",F25<0),"300.310.319",IF(AND(LEFT(B25,4)="3311",F25<0),"100.130.132",IF(AND(LEFT(B25,3)="333",F25<0),"100.150.153",IF(AND(LEFT(B25,3)="337",F25<0),"100.130.134",A25))))) -> 100.130.131 | N25: =IF(OR(AND(LEFT(B25,4)="1311",F25<0),AND(LEFT(B25,3)="138",F25<0),AND(LEFT(B25,4)="3311",F25<0),AND(LEFT(B25,3)="333",F25<0),AND(LEFT(B25,3)="337",F25<0),LEFT(B25,3)="214",LEFT(B25,3)="229",LEFT(B25,3)="419",AND(LEFT(B25,3)="421",F25<0)),-1,1)*F25 -> 57000000 | O25: =IF(AND(LEFT(B25,4)="1311",J25<0),"300.310.312",IF(AND(LEFT(B25,3)="138",J25<0),"300.310.319",IF(AND(LEFT(B25,4)="3311",J25<0),"100.130.132",IF(AND(LEFT(B25,3)="333",J25<0),"100.150.153",IF(AND(LEFT(B25,3)="337",J25<0),"100.130.134",A25))))) -> 100.130.131 | P25: =IF(OR(AND(LEFT(B25,4)="1311",J25<0),AND(LEFT(B25,3)="138",J25<0),AND(LEFT(B25,4)="3311",J25<0),AND(LEFT(B25,3)="333",J25<0),AND(LEFT(B25,3)="337",J25<0),LEFT(B25,3)="214",LEFT(B25,3)="229",LEFT(B25,3)="419",AND(LEFT(B25,3)="421",F25<0)),-1,1)*J25 -> 52000000
A26: 100.130.131 | B26: 1311.04 | C26: N | D26: Cty TNHH Kim Tín (ngắn hạn) | F26: -52000000 | G26: =SUMIFS(CT!$H$5:$H$143,CT!$D$5:$D$143,DMTK!$B26) -> 31500000 | H26: =SUMIFS(CT!$H$5:$H$143,CT!$E$5:$E$143,DMTK!$B26) -> 0 | J26: =IF(C26="N",F26+G26-H26,F26+H26-G26) -> -20500000 | M26: =IF(AND(LEFT(B26,4)="1311",F26<0),"300.310.312",IF(AND(LEFT(B26,3)="138",F26<0),"300.310.319",IF(AND(LEFT(B26,4)="3311",F26<0),"100.130.132",IF(AND(LEFT(B26,3)="333",F26<0),"100.150.153",IF(AND(LEFT(B26,3)="337",F26<0),"100.130.134",A26))))) -> 300.310.312 | N26: =IF(OR(AND(LEFT(B26,4)="1311",F26<0),AND(LEFT(B26,3)="138",F26<0),AND(LEFT(B26,4)="3311",F26<0),AND(LEFT(B26,3)="333",F26<0),AND(LEFT(B26,3)="337",F26<0),LEFT(B26,3)="214",LEFT(B26,3)="229",LEFT(B26,3)="419",AND(LEFT(B26,3)="421",F26<0)),-1,1)*F26 -> 52000000 | O26: =IF(AND(LEFT(B26,4)="1311",J26<0),"300.310.312",IF(AND(LEFT(B26,3)="138",J26<0),"300.310.319",IF(AND(LEFT(B26,4)="3311",J26<0),"100.130.132",IF(AND(LEFT(B26,3)="333",J26<0),"100.150.153",IF(AND(LEFT(B26,3)="337",J26<0),"100.130.134",A26))))) -> 300.310.312 | P26: =IF(OR(AND(LEFT(B26,4)="1311",J26<0),AND(LEFT(B26,3)="138",J26<0),AND(LEFT(B26,4)="3311",J26<0),AND(LEFT(B26,3)="333",J26<0),AND(LEFT(B26,3)="337",J26<0),LEFT(B26,3)="214",LEFT(B26,3)="229",LEFT(B26,3)="419",AND(LEFT(B26,3)="421",F26<0)),-1,1)*J26 -> 20500000
A27: 100.130.131 | B27: 1311.05 | C27: N | D27: Cty TNHH Nam Việt (ngắn hạn) | G27: =SUMIFS(CT!$H$5:$H$143,CT!$D$5:$D$143,DMTK!$B27) -> 31500000 | H27: =SUMIFS(CT!$H$5:$H$143,CT!$E$5:$E$143,DMTK!$B27) -> 0 | J27: =IF(C27="N",F27+G27-H27,F27+H27-G27) -> 31500000 | M27: =IF(AND(LEFT(B27,4)="1311",F27<0),"300.310.312",IF(AND(LEFT(B27,3)="138",F27<0),"300.310.319",IF(AND(LEFT(B27,4)="3311",F27<0),"100.130.132",IF(AND(LEFT(B27,3)="333",F27<0),"100.150.153",IF(AND(LEFT(B27,3)="337",F27<0),"100.130.134",A27))))) -> 100.130.131 | N27: =IF(OR(AND(LEFT(B27,4)="1311",F27<0),AND(LEFT(B27,3)="138",F27<0),AND(LEFT(B27,4)="3311",F27<0),AND(LEFT(B27,3)="333",F27<0),AND(LEFT(B27,3)="337",F27<0),LEFT(B27,3)="214",LEFT(B27,3)="229",LEFT(B27,3)="419",AND(LEFT(B27,3)="421",F27<0)),-1,1)*F27 -> 0 | O27: =IF(AND(LEFT(B27,4)="1311",J27<0),"300.310.312",IF(AND(LEFT(B27,3)="138",J27<0),"300.310.319",IF(AND(LEFT(B27,4)="3311",J27<0),"100.130.132",IF(AND(LEFT(B27,3)="333",J27<0),"100.150.153",IF(AND(LEFT(B27,3)="337",J27<0),"100.130.134",A27))))) -> 100.130.131 | P27: =IF(OR(AND(LEFT(B27,4)="1311",J27<0),AND(LEFT(B27,3)="138",J27<0),AND(LEFT(B27,4)="3311",J27<0),AND(LEFT(B27,3)="333",J27<0),AND(LEFT(B27,3)="337",J27<0),LEFT(B27,3)="214",LEFT(B27,3)="229",LEFT(B27,3)="419",AND(LEFT(B27,3)="421",F27<0)),-1,1)*J27 -> 31500000
A28: 100.130.131 | B28: 1311.06 | C28: N | D28: Cty XNK Vật Tư (ngắn hạn) | F28: 0 | G28: =SUMIFS(CT!$H$5:$H$143,CT!$D$5:$D$143,DMTK!$B28) -> 29400000 | H28: =SUMIFS(CT!$H$5:$H$143,CT!$E$5:$E$143,DMTK!$B28) -> 0 | J28: =IF(C28="N",F28+G28-H28,F28+H28-G28) -> 29400000 | M28: =IF(AND(LEFT(B28,4)="1311",F28<0),"300.310.312",IF(AND(LEFT(B28,3)="138",F28<0),"300.310.319",IF(AND(LEFT(B28,4)="3311",F28<0),"100.130.132",IF(AND(LEFT(B28,3)="333",F28<0),"100.150.153",IF(AND(LEFT(B28,3)="337",F28<0),"100.130.134",A28))))) -> 100.130.131 | N28: =IF(OR(AND(LEFT(B28,4)="1311",F28<0),AND(LEFT(B28,3)="138",F28<0),AND(LEFT(B28,4)="3311",F28<0),AND(LEFT(B28,3)="333",F28<0),AND(LEFT(B28,3)="337",F28<0),LEFT(B28,3)="214",LEFT(B28,3)="229",LEFT(B28,3)="419",AND(LEFT(B28,3)="421",F28<0)),-1,1)*F28 -> 0 | O28: =IF(AND(LEFT(B28,4)="1311",J28<0),"300.310.312",IF(AND(LEFT(B28,3)="138",J28<0),"300.310.319",IF(AND(LEFT(B28,4)="3311",J28<0),"100.130.132",IF(AND(LEFT(B28,3)="333",J28<0),"100.150.153",IF(AND(LEFT(B28,3)="337",J28<0),"100.130.134",A28))))) -> 100.130.131 | P28: =IF(OR(AND(LEFT(B28,4)="1311",J28<0),AND(LEFT(B28,3)="138",J28<0),AND(LEFT(B28,4)="3311",J28<0),AND(LEFT(B28,3)="333",J28<0),AND(LEFT(B28,3)="337",J28<0),LEFT(B28,3)="214",LEFT(B28,3)="229",LEFT(B28,3)="419",AND(LEFT(B28,3)="421",F28<0)),-1,1)*J28 -> 29400000
A29: 100.150.152 | B29: 1331 | C29: N | D29: Thuế GTGT được khấu trừ của hàng hóa, dịch vụ | F29: 0 | G29: =SUMIFS(CT!$H$5:$H$143,CT!$D$5:$D$143,DMTK!$B29) -> 1960000 | H29: =SUMIFS(CT!$H$5:$H$143,CT!$E$5:$E$143,DMTK!$B29) -> 0 | J29: =IF(C29="N",F29+G29-H29,F29+H29-G29) -> 1960000 | M29: =IF(AND(LEFT(B29,4)="1311",F29<0),"300.310.312",IF(AND(LEFT(B29,3)="138",F29<0),"300.310.319",IF(AND(LEFT(B29,4)="3311",F29<0),"100.130.132",IF(AND(LEFT(B29,3)="333",F29<0),"100.150.153",IF(AND(LEFT(B29,3)="337",F29<0),"100.130.134",A29))))) -> 100.150.152 | N29: =IF(OR(AND(LEFT(B29,4)="1311",F29<0),AND(LEFT(B29,3)="138",F29<0),AND(LEFT(B29,4)="3311",F29<0),AND(LEFT(B29,3)="333",F29<0),AND(LEFT(B29,3)="337",F29<0),LEFT(B29,3)="214",LEFT(B29,3)="229",LEFT(B29,3)="419",AND(LEFT(B29,3)="421",F29<0)),-1,1)*F29 -> 0 | O29: =IF(AND(LEFT(B29,4)="1311",J29<0),"300.310.312",IF(AND(LEFT(B29,3)="138",J29<0),"300.310.319",IF(AND(LEFT(B29,4)="3311",J29<0),"100.130.132",IF(AND(LEFT(B29,3)="333",J29<0),"100.150.153",IF(AND(LEFT(B29,3)="337",J29<0),"100.130.134",A29))))) -> 100.150.152 | P29: =IF(OR(AND(LEFT(B29,4)="1311",J29<0),AND(LEFT(B29,3)="138",J29<0),AND(LEFT(B29,4)="3311",J29<0),AND(LEFT(B29,3)="333",J29<0),AND(LEFT(B29,3)="337",J29<0),LEFT(B29,3)="214",LEFT(B29,3)="229",LEFT(B29,3)="419",AND(LEFT(B29,3)="421",F29<0)),-1,1)*J29 -> 1960000
A30: 100.150.152 | B30: 1332 | C30: N | D30: Thuế GTGT được khấu trừ của TSCĐ | F30: 0 | G30: =SUMIFS(CT!$H$5:$H$143,CT!$D$5:$D$143,DMTK!$B30) -> 14000000 | H30: =SUMIFS(CT!$H$5:$H$143,CT!$E$5:$E$143,DMTK!$B30) -> 0 | J30: =IF(C30="N",F30+G30-H30,F30+H30-G30) -> 14000000 | M30: =IF(AND(LEFT(B30,4)="1311",F30<0),"300.310.312",IF(AND(LEFT(B30,3)="138",F30<0),"300.310.319",IF(AND(LEFT(B30,4)="3311",F30<0),"100.130.132",IF(AND(LEFT(B30,3)="333",F30<0),"100.150.153",IF(AND(LEFT(B30,3)="337",F30<0),"100.130.134",A30))))) -> 100.150.152 | N30: =IF(OR(AND(LEFT(B30,4)="1311",F30<0),AND(LEFT(B30,3)="138",F30<0),AND(LEFT(B30,4)="3311",F30<0),AND(LEFT(B30,3)="333",F30<0),AND(LEFT(B30,3)="337",F30<0),LEFT(B30,3)="214",LEFT(B30,3)="229",LEFT(B30,3)="419",AND(LEFT(B30,3)="421",F30<0)),-1,1)*F30 -> 0 | O30: =IF(AND(LEFT(B30,4)="1311",J30<0),"300.310.312",IF(AND(LEFT(B30,3)="138",J30<0),"300.310.319",IF(AND(LEFT(B30,4)="3311",J30<0),"100.130.132",IF(AND(LEFT(B30,3)="333",J30<0),"100.150.153",IF(AND(LEFT(B30,3)="337",J30<0),"100.130.134",A30))))) -> 100.150.152 | P30: =IF(OR(AND(LEFT(B30,4)="1311",J30<0),AND(LEFT(B30,3)="138",J30<0),AND(LEFT(B30,4)="3311",J30<0),AND(LEFT(B30,3)="333",J30<0),AND(LEFT(B30,3)="337",J30<0),LEFT(B30,3)="214",LEFT(B30,3)="229",LEFT(B30,3)="419",AND(LEFT(B30,3)="421",F30<0)),-1,1)*J30 -> 14000000
A31: 200.210.213 | B31: 1361 | C31: N | D31: Vốn kinh doanh ở các đơn vị trực thuộc | G31: =SUMIFS(CT!$H$5:$H$143,CT!$D$5:$D$143,DMTK!$B31) -> 0 | H31: =SUMIFS(CT!$H$5:$H$143,CT!$E$5:$E$143,DMTK!$B31) -> 0 | J31: =IF(C31="N",F31+G31-H31,F31+H31-G31) -> 0 | M31: =IF(AND(LEFT(B31,4)="1311",F31<0),"300.310.312",IF(AND(LEFT(B31,3)="138",F31<0),"300.310.319",IF(AND(LEFT(B31,4)="3311",F31<0),"100.130.132",IF(AND(LEFT(B31,3)="333",F31<0),"100.150.153",IF(AND(LEFT(B31,3)="337",F31<0),"100.130.134",A31))))) -> 200.210.213 | N31: =IF(OR(AND(LEFT(B31,4)="1311",F31<0),AND(LEFT(B31,3)="138",F31<0),AND(LEFT(B31,4)="3311",F31<0),AND(LEFT(B31,3)="333",F31<0),AND(LEFT(B31,3)="337",F31<0),LEFT(B31,3)="214",LEFT(B31,3)="229",LEFT(B31,3)="419",AND(LEFT(B31,3)="421",F31<0)),-1,1)*F31 -> 0 | O31: =IF(AND(LEFT(B31,4)="1311",J31<0),"300.310.312",IF(AND(LEFT(B31,3)="138",J31<0),"300.310.319",IF(AND(LEFT(B31,4)="3311",J31<0),"100.130.132",IF(AND(LEFT(B31,3)="333",J31<0),"100.150.153",IF(AND(LEFT(B31,3)="337",J31<0),"100.130.134",A31))))) -> 200.210.213 | P31: =IF(OR(AND(LEFT(B31,4)="1311",J31<0),AND(LEFT(B31,3)="138",J31<0),AND(LEFT(B31,4)="3311",J31<0),AND(LEFT(B31,3)="333",J31<0),AND(LEFT(B31,3)="337",J31<0),LEFT(B31,3)="214",LEFT(B31,3)="229",LEFT(B31,3)="419",AND(LEFT(B31,3)="421",F31<0)),-1,1)*J31 -> 0
A32: 100.130.133 | B32: 13621 | C32: N | D32: Phải thu nội bộ về chênh lệch tỷ giá (không quá 12 tháng) | G32: =SUMIFS(CT!$H$5:$H$143,CT!$D$5:$D$143,DMTK!$B32) -> 0 | H32: =SUMIFS(CT!$H$5:$H$143,CT!$E$5:$E$143,DMTK!$B32) -> 0 | J32: =IF(C32="N",F32+G32-H32,F32+H32-G32) -> 0 | M32: =IF(AND(LEFT(B32,4)="1311",F32<0),"300.310.312",IF(AND(LEFT(B32,3)="138",F32<0),"300.310.319",IF(AND(LEFT(B32,4)="3311",F32<0),"100.130.132",IF(AND(LEFT(B32,3)="333",F32<0),"100.150.153",IF(AND(LEFT(B32,3)="337",F32<0),"100.130.134",A32))))) -> 100.130.133 | N32: =IF(OR(AND(LEFT(B32,4)="1311",F32<0),AND(LEFT(B32,3)="138",F32<0),AND(LEFT(B32,4)="3311",F32<0),AND(LEFT(B32,3)="333",F32<0),AND(LEFT(B32,3)="337",F32<0),LEFT(B32,3)="214",LEFT(B32,3)="229",LEFT(B32,3)="419",AND(LEFT(B32,3)="421",F32<0)),-1,1)*F32 -> 0 | O32: =IF(AND(LEFT(B32,4)="1311",J32<0),"300.310.312",IF(AND(LEFT(B32,3)="138",J32<0),"300.310.319",IF(AND(LEFT(B32,4)="3311",J32<0),"100.130.132",IF(AND(LEFT(B32,3)="333",J32<0),"100.150.153",IF(AND(LEFT(B32,3)="337",J32<0),"100.130.134",A32))))) -> 100.130.133 | P32: =IF(OR(AND(LEFT(B32,4)="1311",J32<0),AND(LEFT(B32,3)="138",J32<0),AND(LEFT(B32,4)="3311",J32<0),AND(LEFT(B32,3)="333",J32<0),AND(LEFT(B32,3)="337",J32<0),LEFT(B32,3)="214",LEFT(B32,3)="229",LEFT(B32,3)="419",AND(LEFT(B32,3)="421",F32<0)),-1,1)*J32 -> 0
A33: 200.210.214 | B33: 13622 | C33: N | D33: Phải thu nội bộ về chênh lệch tỷ giá (trên 12 tháng) | G33: =SUMIFS(CT!$H$5:$H$143,CT!$D$5:$D$143,DMTK!$B33) -> 0 | H33: =SUMIFS(CT!$H$5:$H$143,CT!$E$5:$E$143,DMTK!$B33) -> 0 | J33: =IF(C33="N",F33+G33-H33,F33+H33-G33) -> 0 | M33: =IF(AND(LEFT(B33,4)="1311",F33<0),"300.310.312",IF(AND(LEFT(B33,3)="138",F33<0),"300.310.319",IF(AND(LEFT(B33,4)="3311",F33<0),"100.130.132",IF(AND(LEFT(B33,3)="333",F33<0),"100.150.153",IF(AND(LEFT(B33,3)="337",F33<0),"100.130.134",A33))))) -> 200.210.214 | N33: =IF(OR(AND(LEFT(B33,4)="1311",F33<0),AND(LEFT(B33,3)="138",F33<0),AND(LEFT(B33,4)="3311",F33<0),AND(LEFT(B33,3)="333",F33<0),AND(LEFT(B33,3)="337",F33<0),LEFT(B33,3)="214",LEFT(B33,3)="229",LEFT(B33,3)="419",AND(LEFT(B33,3)="421",F33<0)),-1,1)*F33 -> 0 | O33: =IF(AND(LEFT(B33,4)="1311",J33<0),"300.310.312",IF(AND(LEFT(B33,3)="138",J33<0),"300.310.319",IF(AND(LEFT(B33,4)="3311",J33<0),"100.130.132",IF(AND(LEFT(B33,3)="333",J33<0),"100.150.153",IF(AND(LEFT(B33,3)="337",J33<0),"100.130.134",A33))))) -> 200.210.214 | P33: =IF(OR(AND(LEFT(B33,4)="1311",J33<0),AND(LEFT(B33,3)="138",J33<0),AND(LEFT(B33,4)="3311",J33<0),AND(LEFT(B33,3)="333",J33<0),AND(LEFT(B33,3)="337",J33<0),LEFT(B33,3)="214",LEFT(B33,3)="229",LEFT(B33,3)="419",AND(LEFT(B33,3)="421",F33<0)),-1,1)*J33 -> 0
A34: 100.130.133 | B34: 13631 | C34: N | D34: Phải thu nội bộ về chi phí đi vay đủ điều kiện được vốn hóa (không quá 12 tháng) | F34: 0 | G34: =SUMIFS(CT!$H$5:$H$143,CT!$D$5:$D$143,DMTK!$B34) -> 0 | H34: =SUMIFS(CT!$H$5:$H$143,CT!$E$5:$E$143,DMTK!$B34) -> 0 | J34: =IF(C34="N",F34+G34-H34,F34+H34-G34) -> 0 | M34: =IF(AND(LEFT(B34,4)="1311",F34<0),"300.310.312",IF(AND(LEFT(B34,3)="138",F34<0),"300.310.319",IF(AND(LEFT(B34,4)="3311",F34<0),"100.130.132",IF(AND(LEFT(B34,3)="333",F34<0),"100.150.153",IF(AND(LEFT(B34,3)="337",F34<0),"100.130.134",A34))))) -> 100.130.133 | N34: =IF(OR(AND(LEFT(B34,4)="1311",F34<0),AND(LEFT(B34,3)="138",F34<0),AND(LEFT(B34,4)="3311",F34<0),AND(LEFT(B34,3)="333",F34<0),AND(LEFT(B34,3)="337",F34<0),LEFT(B34,3)="214",LEFT(B34,3)="229",LEFT(B34,3)="419",AND(LEFT(B34,3)="421",F34<0)),-1,1)*F34 -> 0 | O34: =IF(AND(LEFT(B34,4)="1311",J34<0),"300.310.312",IF(AND(LEFT(B34,3)="138",J34<0),"300.310.319",IF(AND(LEFT(B34,4)="3311",J34<0),"100.130.132",IF(AND(LEFT(B34,3)="333",J34<0),"100.150.153",IF(AND(LEFT(B34,3)="337",J34<0),"100.130.134",A34))))) -> 100.130.133 | P34: =IF(OR(AND(LEFT(B34,4)="1311",J34<0),AND(LEFT(B34,3)="138",J34<0),AND(LEFT(B34,4)="3311",J34<0),AND(LEFT(B34,3)="333",J34<0),AND(LEFT(B34,3)="337",J34<0),LEFT(B34,3)="214",LEFT(B34,3)="229",LEFT(B34,3)="419",AND(LEFT(B34,3)="421",F34<0)),-1,1)*J34 -> 0
A35: 200.210.214 | B35: 13632 | C35: N | D35: Phải thu nội bộ về chi phí đi vay đủ điều kiện được vốn hóa (trên 12 tháng) | G35: =SUMIFS(CT!$H$5:$H$143,CT!$D$5:$D$143,DMTK!$B35) -> 0 | H35: =SUMIFS(CT!$H$5:$H$143,CT!$E$5:$E$143,DMTK!$B35) -> 0 | J35: =IF(C35="N",F35+G35-H35,F35+H35-G35) -> 0 | M35: =IF(AND(LEFT(B35,4)="1311",F35<0),"300.310.312",IF(AND(LEFT(B35,3)="138",F35<0),"300.310.319",IF(AND(LEFT(B35,4)="3311",F35<0),"100.130.132",IF(AND(LEFT(B35,3)="333",F35<0),"100.150.153",IF(AND(LEFT(B35,3)="337",F35<0),"100.130.134",A35))))) -> 200.210.214 | N35: =IF(OR(AND(LEFT(B35,4)="1311",F35<0),AND(LEFT(B35,3)="138",F35<0),AND(LEFT(B35,4)="3311",F35<0),AND(LEFT(B35,3)="333",F35<0),AND(LEFT(B35,3)="337",F35<0),LEFT(B35,3)="214",LEFT(B35,3)="229",LEFT(B35,3)="419",AND(LEFT(B35,3)="421",F35<0)),-1,1)*F35 -> 0 | O35: =IF(AND(LEFT(B35,4)="1311",J35<0),"300.310.312",IF(AND(LEFT(B35,3)="138",J35<0),"300.310.319",IF(AND(LEFT(B35,4)="3311",J35<0),"100.130.132",IF(AND(LEFT(B35,3)="333",J35<0),"100.150.153",IF(AND(LEFT(B35,3)="337",J35<0),"100.130.134",A35))))) -> 200.210.214 | P35: =IF(OR(AND(LEFT(B35,4)="1311",J35<0),AND(LEFT(B35,3)="138",J35<0),AND(LEFT(B35,4)="3311",J35<0),AND(LEFT(B35,3)="333",J35<0),AND(LEFT(B35,3)="337",J35<0),LEFT(B35,3)="214",LEFT(B35,3)="229",LEFT(B35,3)="419",AND(LEFT(B35,3)="421",F35<0)),-1,1)*J35 -> 0
A36: 100.130.133 | B36: 13681 | C36: N | D36: Phải thu nội bộ khác (không quá 12 tháng) | G36: =SUMIFS(CT!$H$5:$H$143,CT!$D$5:$D$143,DMTK!$B36) -> 0 | H36: =SUMIFS(CT!$H$5:$H$143,CT!$E$5:$E$143,DMTK!$B36) -> 0 | J36: =IF(C36="N",F36+G36-H36,F36+H36-G36) -> 0 | M36: =IF(AND(LEFT(B36,4)="1311",F36<0),"300.310.312",IF(AND(LEFT(B36,3)="138",F36<0),"300.310.319",IF(AND(LEFT(B36,4)="3311",F36<0),"100.130.132",IF(AND(LEFT(B36,3)="333",F36<0),"100.150.153",IF(AND(LEFT(B36,3)="337",F36<0),"100.130.134",A36))))) -> 100.130.133 | N36: =IF(OR(AND(LEFT(B36,4)="1311",F36<0),AND(LEFT(B36,3)="138",F36<0),AND(LEFT(B36,4)="3311",F36<0),AND(LEFT(B36,3)="333",F36<0),AND(LEFT(B36,3)="337",F36<0),LEFT(B36,3)="214",LEFT(B36,3)="229",LEFT(B36,3)="419",AND(LEFT(B36,3)="421",F36<0)),-1,1)*F36 -> 0 | O36: =IF(AND(LEFT(B36,4)="1311",J36<0),"300.310.312",IF(AND(LEFT(B36,3)="138",J36<0),"300.310.319",IF(AND(LEFT(B36,4)="3311",J36<0),"100.130.132",IF(AND(LEFT(B36,3)="333",J36<0),"100.150.153",IF(AND(LEFT(B36,3)="337",J36<0),"100.130.134",A36))))) -> 100.130.133 | P36: =IF(OR(AND(LEFT(B36,4)="1311",J36<0),AND(LEFT(B36,3)="138",J36<0),AND(LEFT(B36,4)="3311",J36<0),AND(LEFT(B36,3)="333",J36<0),AND(LEFT(B36,3)="337",J36<0),LEFT(B36,3)="214",LEFT(B36,3)="229",LEFT(B36,3)="419",AND(LEFT(B36,3)="421",F36<0)),-1,1)*J36 -> 0
A37: 200.210.214 | B37: 13682 | C37: N | D37: Phải thu nội bộ khác (trên 12 tháng) | G37: =SUMIFS(CT!$H$5:$H$143,CT!$D$5:$D$143,DMTK!$B37) -> 0 | H37: =SUMIFS(CT!$H$5:$H$143,CT!$E$5:$E$143,DMTK!$B37) -> 0 | J37: =IF(C37="N",F37+G37-H37,F37+H37-G37) -> 0 | M37: =IF(AND(LEFT(B37,4)="1311",F37<0),"300.310.312",IF(AND(LEFT(B37,3)="138",F37<0),"300.310.319",IF(AND(LEFT(B37,4)="3311",F37<0),"100.130.132",IF(AND(LEFT(B37,3)="333",F37<0),"100.150.153",IF(AND(LEFT(B37,3)="337",F37<0),"100.130.134",A37))))) -> 200.210.214 | N37: =IF(OR(AND(LEFT(B37,4)="1311",F37<0),AND(LEFT(B37,3)="138",F37<0),AND(LEFT(B37,4)="3311",F37<0),AND(LEFT(B37,3)="333",F37<0),AND(LEFT(B37,3)="337",F37<0),LEFT(B37,3)="214",LEFT(B37,3)="229",LEFT(B37,3)="419",AND(LEFT(B37,3)="421",F37<0)),-1,1)*F37 -> 0 | O37: =IF(AND(LEFT(B37,4)="1311",J37<0),"300.310.312",IF(AND(LEFT(B37,3)="138",J37<0),"300.310.319",IF(AND(LEFT(B37,4)="3311",J37<0),"100.130.132",IF(AND(LEFT(B37,3)="333",J37<0),"100.150.153",IF(AND(LEFT(B37,3)="337",J37<0),"100.130.134",A37))))) -> 200.210.214 | P37: =IF(OR(AND(LEFT(B37,4)="1311",J37<0),AND(LEFT(B37,3)="138",J37<0),AND(LEFT(B37,4)="3311",J37<0),AND(LEFT(B37,3)="333",J37<0),AND(LEFT(B37,3)="337",J37<0),LEFT(B37,3)="214",LEFT(B37,3)="229",LEFT(B37,3)="419",AND(LEFT(B37,3)="421",F37<0)),-1,1)*J37 -> 0
A38: 100.130.139 | B38: 1381 | C38: N | D38: Tài sản thiếu chờ xử lý | G38: =SUMIFS(CT!$H$5:$H$143,CT!$D$5:$D$143,DMTK!$B38) -> 0 | H38: =SUMIFS(CT!$H$5:$H$143,CT!$E$5:$E$143,DMTK!$B38) -> 0 | J38: =IF(C38="N",F38+G38-H38,F38+H38-G38) -> 0 | M38: =IF(AND(LEFT(B38,4)="1311",F38<0),"300.310.312",IF(AND(LEFT(B38,3)="138",F38<0),"300.310.319",IF(AND(LEFT(B38,4)="3311",F38<0),"100.130.132",IF(AND(LEFT(B38,3)="333",F38<0),"100.150.153",IF(AND(LEFT(B38,3)="337",F38<0),"100.130.134",A38))))) -> 100.130.139 | N38: =IF(OR(AND(LEFT(B38,4)="1311",F38<0),AND(LEFT(B38,3)="138",F38<0),AND(LEFT(B38,4)="3311",F38<0),AND(LEFT(B38,3)="333",F38<0),AND(LEFT(B38,3)="337",F38<0),LEFT(B38,3)="214",LEFT(B38,3)="229",LEFT(B38,3)="419",AND(LEFT(B38,3)="421",F38<0)),-1,1)*F38 -> 0 | O38: =IF(AND(LEFT(B38,4)="1311",J38<0),"300.310.312",IF(AND(LEFT(B38,3)="138",J38<0),"300.310.319",IF(AND(LEFT(B38,4)="3311",J38<0),"100.130.132",IF(AND(LEFT(B38,3)="333",J38<0),"100.150.153",IF(AND(LEFT(B38,3)="337",J38<0),"100.130.134",A38))))) -> 100.130.139 | P38: =IF(OR(AND(LEFT(B38,4)="1311",J38<0),AND(LEFT(B38,3)="138",J38<0),AND(LEFT(B38,4)="3311",J38<0),AND(LEFT(B38,3)="333",J38<0),AND(LEFT(B38,3)="337",J38<0),LEFT(B38,3)="214",LEFT(B38,3)="229",LEFT(B38,3)="419",AND(LEFT(B38,3)="421",F38<0)),-1,1)*J38 -> 0
A39: 100.130.136 | B39: 13851 | C39: N | D39: Phải thu về cổ phần hóa (không quá 12 tháng) | G39: =SUMIFS(CT!$H$5:$H$143,CT!$D$5:$D$143,DMTK!$B39) -> 0 | H39: =SUMIFS(CT!$H$5:$H$143,CT!$E$5:$E$143,DMTK!$B39) -> 0 | J39: =IF(C39="N",F39+G39-H39,F39+H39-G39) -> 0 | M39: =IF(AND(LEFT(B39,4)="1311",F39<0),"300.310.312",IF(AND(LEFT(B39,3)="138",F39<0),"300.310.319",IF(AND(LEFT(B39,4)="3311",F39<0),"100.130.132",IF(AND(LEFT(B39,3)="333",F39<0),"100.150.153",IF(AND(LEFT(B39,3)="337",F39<0),"100.130.134",A39))))) -> 100.130.136 | N39: =IF(OR(AND(LEFT(B39,4)="1311",F39<0),AND(LEFT(B39,3)="138",F39<0),AND(LEFT(B39,4)="3311",F39<0),AND(LEFT(B39,3)="333",F39<0),AND(LEFT(B39,3)="337",F39<0),LEFT(B39,3)="214",LEFT(B39,3)="229",LEFT(B39,3)="419",AND(LEFT(B39,3)="421",F39<0)),-1,1)*F39 -> 0 | O39: =IF(AND(LEFT(B39,4)="1311",J39<0),"300.310.312",IF(AND(LEFT(B39,3)="138",J39<0),"300.310.319",IF(AND(LEFT(B39,4)="3311",J39<0),"100.130.132",IF(AND(LEFT(B39,3)="333",J39<0),"100.150.153",IF(AND(LEFT(B39,3)="337",J39<0),"100.130.134",A39))))) -> 100.130.136 | P39: =IF(OR(AND(LEFT(B39,4)="1311",J39<0),AND(LEFT(B39,3)="138",J39<0),AND(LEFT(B39,4)="3311",J39<0),AND(LEFT(B39,3)="333",J39<0),AND(LEFT(B39,3)="337",J39<0),LEFT(B39,3)="214",LEFT(B39,3)="229",LEFT(B39,3)="419",AND(LEFT(B39,3)="421",F39<0)),-1,1)*J39 -> 0
A40: 200.210.216 | B40: 13852 | C40: N | D40: Phải thu về cổ phần hóa | F40: 0 | G40: =SUMIFS(CT!$H$5:$H$143,CT!$D$5:$D$143,DMTK!$B40) -> 0 | H40: =SUMIFS(CT!$H$5:$H$143,CT!$E$5:$E$143,DMTK!$B40) -> 0 | J40: =IF(C40="N",F40+G40-H40,F40+H40-G40) -> 0 | M40: =IF(AND(LEFT(B40,4)="1311",F40<0),"300.310.312",IF(AND(LEFT(B40,3)="138",F40<0),"300.310.319",IF(AND(LEFT(B40,4)="3311",F40<0),"100.130.132",IF(AND(LEFT(B40,3)="333",F40<0),"100.150.153",IF(AND(LEFT(B40,3)="337",F40<0),"100.130.134",A40))))) -> 200.210.216 | N40: =IF(OR(AND(LEFT(B40,4)="1311",F40<0),AND(LEFT(B40,3)="138",F40<0),AND(LEFT(B40,4)="3311",F40<0),AND(LEFT(B40,3)="333",F40<0),AND(LEFT(B40,3)="337",F40<0),LEFT(B40,3)="214",LEFT(B40,3)="229",LEFT(B40,3)="419",AND(LEFT(B40,3)="421",F40<0)),-1,1)*F40 -> 0 | O40: =IF(AND(LEFT(B40,4)="1311",J40<0),"300.310.312",IF(AND(LEFT(B40,3)="138",J40<0),"300.310.319",IF(AND(LEFT(B40,4)="3311",J40<0),"100.130.132",IF(AND(LEFT(B40,3)="333",J40<0),"100.150.153",IF(AND(LEFT(B40,3)="337",J40<0),"100.130.134",A40))))) -> 200.210.216 | P40: =IF(OR(AND(LEFT(B40,4)="1311",J40<0),AND(LEFT(B40,3)="138",J40<0),AND(LEFT(B40,4)="3311",J40<0),AND(LEFT(B40,3)="333",J40<0),AND(LEFT(B40,3)="337",J40<0),LEFT(B40,3)="214",LEFT(B40,3)="229",LEFT(B40,3)="419",AND(LEFT(B40,3)="421",F40<0)),-1,1)*J40 -> 0
A41: 100.130.136 | B41: 13881 | C41: N | D41: Phải thu khác (không quá 12 tháng) | F41: 52200000 | G41: =SUMIFS(CT!$H$5:$H$143,CT!$D$5:$D$143,DMTK!$B41) -> 0 | H41: =SUMIFS(CT!$H$5:$H$143,CT!$E$5:$E$143,DMTK!$B41) -> 0 | J41: =IF(C41="N",F41+G41-H41,F41+H41-G41) -> 52200000 | M41: =IF(AND(LEFT(B41,4)="1311",F41<0),"300.310.312",IF(AND(LEFT(B41,3)="138",F41<0),"300.310.319",IF(AND(LEFT(B41,4)="3311",F41<0),"100.130.132",IF(AND(LEFT(B41,3)="333",F41<0),"100.150.153",IF(AND(LEFT(B41,3)="337",F41<0),"100.130.134",A41))))) -> 100.130.136 | N41: =IF(OR(AND(LEFT(B41,4)="1311",F41<0),AND(LEFT(B41,3)="138",F41<0),AND(LEFT(B41,4)="3311",F41<0),AND(LEFT(B41,3)="333",F41<0),AND(LEFT(B41,3)="337",F41<0),LEFT(B41,3)="214",LEFT(B41,3)="229",LEFT(B41,3)="419",AND(LEFT(B41,3)="421",F41<0)),-1,1)*F41 -> 52200000 | O41: =IF(AND(LEFT(B41,4)="1311",J41<0),"300.310.312",IF(AND(LEFT(B41,3)="138",J41<0),"300.310.319",IF(AND(LEFT(B41,4)="3311",J41<0),"100.130.132",IF(AND(LEFT(B41,3)="333",J41<0),"100.150.153",IF(AND(LEFT(B41,3)="337",J41<0),"100.130.134",A41))))) -> 100.130.136 | P41: =IF(OR(AND(LEFT(B41,4)="1311",J41<0),AND(LEFT(B41,3)="138",J41<0),AND(LEFT(B41,4)="3311",J41<0),AND(LEFT(B41,3)="333",J41<0),AND(LEFT(B41,3)="337",J41<0),LEFT(B41,3)="214",LEFT(B41,3)="229",LEFT(B41,3)="419",AND(LEFT(B41,3)="421",F41<0)),-1,1)*J41 -> 52200000
A42: 200.210.216 | B42: 13882 | C42: N | D42: Phải thu khác (trên 12 tháng) | G42: =SUMIFS(CT!$H$5:$H$143,CT!$D$5:$D$143,DMTK!$B42) -> 0 | H42: =SUMIFS(CT!$H$5:$H$143,CT!$E$5:$E$143,DMTK!$B42) -> 0 | J42: =IF(C42="N",F42+G42-H42,F42+H42-G42) -> 0 | M42: =IF(AND(LEFT(B42,4)="1311",F42<0),"300.310.312",IF(AND(LEFT(B42,3)="138",F42<0),"300.310.319",IF(AND(LEFT(B42,4)="3311",F42<0),"100.130.132",IF(AND(LEFT(B42,3)="333",F42<0),"100.150.153",IF(AND(LEFT(B42,3)="337",F42<0),"100.130.134",A42))))) -> 200.210.216 | N42: =IF(OR(AND(LEFT(B42,4)="1311",F42<0),AND(LEFT(B42,3)="138",F42<0),AND(LEFT(B42,4)="3311",F42<0),AND(LEFT(B42,3)="333",F42<0),AND(LEFT(B42,3)="337",F42<0),LEFT(B42,3)="214",LEFT(B42,3)="229",LEFT(B42,3)="419",AND(LEFT(B42,3)="421",F42<0)),-1,1)*F42 -> 0 | O42: =IF(AND(LEFT(B42,4)="1311",J42<0),"300.310.312",IF(AND(LEFT(B42,3)="138",J42<0),"300.310.319",IF(AND(LEFT(B42,4)="3311",J42<0),"100.130.132",IF(AND(LEFT(B42,3)="333",J42<0),"100.150.153",IF(AND(LEFT(B42,3)="337",J42<0),"100.130.134",A42))))) -> 200.210.216 | P42: =IF(OR(AND(LEFT(B42,4)="1311",J42<0),AND(LEFT(B42,3)="138",J42<0),AND(LEFT(B42,4)="3311",J42<0),AND(LEFT(B42,3)="333",J42<0),AND(LEFT(B42,3)="337",J42<0),LEFT(B42,3)="214",LEFT(B42,3)="229",LEFT(B42,3)="419",AND(LEFT(B42,3)="421",F42<0)),-1,1)*J42 -> 0
A43: 100.130.136 | B43: 141.0101 | C43: N | D43: Vương Thiện Minh | F43: 200000 | G43: =SUMIFS(CT!$H$5:$H$143,CT!$D$5:$D$143,DMTK!$B43) -> 0 | H43: =SUMIFS(CT!$H$5:$H$143,CT!$E$5:$E$143,DMTK!$B43) -> 0 | J43: =IF(C43="N",F43+G43-H43,F43+H43-G43) -> 200000 | M43: =IF(AND(LEFT(B43,4)="1311",F43<0),"300.310.312",IF(AND(LEFT(B43,3)="138",F43<0),"300.310.319",IF(AND(LEFT(B43,4)="3311",F43<0),"100.130.132",IF(AND(LEFT(B43,3)="333",F43<0),"100.150.153",IF(AND(LEFT(B43,3)="337",F43<0),"100.130.134",A43))))) -> 100.130.136 | N43: =IF(OR(AND(LEFT(B43,4)="1311",F43<0),AND(LEFT(B43,3)="138",F43<0),AND(LEFT(B43,4)="3311",F43<0),AND(LEFT(B43,3)="333",F43<0),AND(LEFT(B43,3)="337",F43<0),LEFT(B43,3)="214",LEFT(B43,3)="229",LEFT(B43,3)="419",AND(LEFT(B43,3)="421",F43<0)),-1,1)*F43 -> 200000 | O43: =IF(AND(LEFT(B43,4)="1311",J43<0),"300.310.312",IF(AND(LEFT(B43,3)="138",J43<0),"300.310.319",IF(AND(LEFT(B43,4)="3311",J43<0),"100.130.132",IF(AND(LEFT(B43,3)="333",J43<0),"100.150.153",IF(AND(LEFT(B43,3)="337",J43<0),"100.130.134",A43))))) -> 100.130.136 | P43: =IF(OR(AND(LEFT(B43,4)="1311",J43<0),AND(LEFT(B43,3)="138",J43<0),AND(LEFT(B43,4)="3311",J43<0),AND(LEFT(B43,3)="333",J43<0),AND(LEFT(B43,3)="337",J43<0),LEFT(B43,3)="214",LEFT(B43,3)="229",LEFT(B43,3)="419",AND(LEFT(B43,3)="421",F43<0)),-1,1)*J43 -> 200000
A44: 100.130.136 | B44: 141.0102 | C44: N | D44: Hồ Sĩ Nhật | F44: 1000000 | G44: =SUMIFS(CT!$H$5:$H$143,CT!$D$5:$D$143,DMTK!$B44) -> 2000000 | H44: =SUMIFS(CT!$H$5:$H$143,CT!$E$5:$E$143,DMTK!$B44) -> 2000000 | J44: =IF(C44="N",F44+G44-H44,F44+H44-G44) -> 1000000 | M44: =IF(AND(LEFT(B44,4)="1311",F44<0),"300.310.312",IF(AND(LEFT(B44,3)="138",F44<0),"300.310.319",IF(AND(LEFT(B44,4)="3311",F44<0),"100.130.132",IF(AND(LEFT(B44,3)="333",F44<0),"100.150.153",IF(AND(LEFT(B44,3)="337",F44<0),"100.130.134",A44))))) -> 100.130.136 | N44: =IF(OR(AND(LEFT(B44,4)="1311",F44<0),AND(LEFT(B44,3)="138",F44<0),AND(LEFT(B44,4)="3311",F44<0),AND(LEFT(B44,3)="333",F44<0),AND(LEFT(B44,3)="337",F44<0),LEFT(B44,3)="214",LEFT(B44,3)="229",LEFT(B44,3)="419",AND(LEFT(B44,3)="421",F44<0)),-1,1)*F44 -> 1000000 | O44: =IF(AND(LEFT(B44,4)="1311",J44<0),"300.310.312",IF(AND(LEFT(B44,3)="138",J44<0),"300.310.319",IF(AND(LEFT(B44,4)="3311",J44<0),"100.130.132",IF(AND(LEFT(B44,3)="333",J44<0),"100.150.153",IF(AND(LEFT(B44,3)="337",J44<0),"100.130.134",A44))))) -> 100.130.136 | P44: =IF(OR(AND(LEFT(B44,4)="1311",J44<0),AND(LEFT(B44,3)="138",J44<0),AND(LEFT(B44,4)="3311",J44<0),AND(LEFT(B44,3)="333",J44<0),AND(LEFT(B44,3)="337",J44<0),LEFT(B44,3)="214",LEFT(B44,3)="229",LEFT(B44,3)="419",AND(LEFT(B44,3)="421",F44<0)),-1,1)*J44 -> 1000000
A45: 100.130.136 | B45: 141.0103 | C45: N | D45: Phạm Minh Duy | F45: 300000 | G45: =SUMIFS(CT!$H$5:$H$143,CT!$D$5:$D$143,DMTK!$B45) -> 0 | H45: =SUMIFS(CT!$H$5:$H$143,CT!$E$5:$E$143,DMTK!$B45) -> 0 | J45: =IF(C45="N",F45+G45-H45,F45+H45-G45) -> 300000 | M45: =IF(AND(LEFT(B45,4)="1311",F45<0),"300.310.312",IF(AND(LEFT(B45,3)="138",F45<0),"300.310.319",IF(AND(LEFT(B45,4)="3311",F45<0),"100.130.132",IF(AND(LEFT(B45,3)="333",F45<0),"100.150.153",IF(AND(LEFT(B45,3)="337",F45<0),"100.130.134",A45))))) -> 100.130.136 | N45: =IF(OR(AND(LEFT(B45,4)="1311",F45<0),AND(LEFT(B45,3)="138",F45<0),AND(LEFT(B45,4)="3311",F45<0),AND(LEFT(B45,3)="333",F45<0),AND(LEFT(B45,3)="337",F45<0),LEFT(B45,3)="214",LEFT(B45,3)="229",LEFT(B45,3)="419",AND(LEFT(B45,3)="421",F45<0)),-1,1)*F45 -> 300000 | O45: =IF(AND(LEFT(B45,4)="1311",J45<0),"300.310.312",IF(AND(LEFT(B45,3)="138",J45<0),"300.310.319",IF(AND(LEFT(B45,4)="3311",J45<0),"100.130.132",IF(AND(LEFT(B45,3)="333",J45<0),"100.150.153",IF(AND(LEFT(B45,3)="337",J45<0),"100.130.134",A45))))) -> 100.130.136 | P45: =IF(OR(AND(LEFT(B45,4)="1311",J45<0),AND(LEFT(B45,3)="138",J45<0),AND(LEFT(B45,4)="3311",J45<0),AND(LEFT(B45,3)="333",J45<0),AND(LEFT(B45,3)="337",J45<0),LEFT(B45,3)="214",LEFT(B45,3)="229",LEFT(B45,3)="419",AND(LEFT(B45,3)="421",F45<0)),-1,1)*J45 -> 300000
A46: 100.130.136 | B46: 141.0201 | C46: N | D46: Đoàn Trâm Anh | F46: 1500000 | G46: =SUMIFS(CT!$H$5:$H$143,CT!$D$5:$D$143,DMTK!$B46) -> 0 | H46: =SUMIFS(CT!$H$5:$H$143,CT!$E$5:$E$143,DMTK!$B46) -> 0 | J46: =IF(C46="N",F46+G46-H46,F46+H46-G46) -> 1500000 | M46: =IF(AND(LEFT(B46,4)="1311",F46<0),"300.310.312",IF(AND(LEFT(B46,3)="138",F46<0),"300.310.319",IF(AND(LEFT(B46,4)="3311",F46<0),"100.130.132",IF(AND(LEFT(B46,3)="333",F46<0),"100.150.153",IF(AND(LEFT(B46,3)="337",F46<0),"100.130.134",A46))))) -> 100.130.136 | N46: =IF(OR(AND(LEFT(B46,4)="1311",F46<0),AND(LEFT(B46,3)="138",F46<0),AND(LEFT(B46,4)="3311",F46<0),AND(LEFT(B46,3)="333",F46<0),AND(LEFT(B46,3)="337",F46<0),LEFT(B46,3)="214",LEFT(B46,3)="229",LEFT(B46,3)="419",AND(LEFT(B46,3)="421",F46<0)),-1,1)*F46 -> 1500000 | O46: =IF(AND(LEFT(B46,4)="1311",J46<0),"300.310.312",IF(AND(LEFT(B46,3)="138",J46<0),"300.310.319",IF(AND(LEFT(B46,4)="3311",J46<0),"100.130.132",IF(AND(LEFT(B46,3)="333",J46<0),"100.150.153",IF(AND(LEFT(B46,3)="337",J46<0),"100.130.134",A46))))) -> 100.130.136 | P46: =IF(OR(AND(LEFT(B46,4)="1311",J46<0),AND(LEFT(B46,3)="138",J46<0),AND(LEFT(B46,4)="3311",J46<0),AND(LEFT(B46,3)="333",J46<0),AND(LEFT(B46,3)="337",J46<0),LEFT(B46,3)="214",LEFT(B46,3)="229",LEFT(B46,3)="419",AND(LEFT(B46,3)="421",F46<0)),-1,1)*J46 -> 1500000
A47: 100.130.136 | B47: 141.0202 | C47: N | D47: Nguyễn Hoài Nam | F47: 500000 | G47: =SUMIFS(CT!$H$5:$H$143,CT!$D$5:$D$143,DMTK!$B47) -> 0 | H47: =SUMIFS(CT!$H$5:$H$143,CT!$E$5:$E$143,DMTK!$B47) -> 0 | J47: =IF(C47="N",F47+G47-H47,F47+H47-G47) -> 500000 | M47: =IF(AND(LEFT(B47,4)="1311",F47<0),"300.310.312",IF(AND(LEFT(B47,3)="138",F47<0),"300.310.319",IF(AND(LEFT(B47,4)="3311",F47<0),"100.130.132",IF(AND(LEFT(B47,3)="333",F47<0),"100.150.153",IF(AND(LEFT(B47,3)="337",F47<0),"100.130.134",A47))))) -> 100.130.136 | N47: =IF(OR(AND(LEFT(B47,4)="1311",F47<0),AND(LEFT(B47,3)="138",F47<0),AND(LEFT(B47,4)="3311",F47<0),AND(LEFT(B47,3)="333",F47<0),AND(LEFT(B47,3)="337",F47<0),LEFT(B47,3)="214",LEFT(B47,3)="229",LEFT(B47,3)="419",AND(LEFT(B47,3)="421",F47<0)),-1,1)*F47 -> 500000 | O47: =IF(AND(LEFT(B47,4)="1311",J47<0),"300.310.312",IF(AND(LEFT(B47,3)="138",J47<0),"300.310.319",IF(AND(LEFT(B47,4)="3311",J47<0),"100.130.132",IF(AND(LEFT(B47,3)="333",J47<0),"100.150.153",IF(AND(LEFT(B47,3)="337",J47<0),"100.130.134",A47))))) -> 100.130.136 | P47: =IF(OR(AND(LEFT(B47,4)="1311",J47<0),AND(LEFT(B47,3)="138",J47<0),AND(LEFT(B47,4)="3311",J47<0),AND(LEFT(B47,3)="333",J47<0),AND(LEFT(B47,3)="337",J47<0),LEFT(B47,3)="214",LEFT(B47,3)="229",LEFT(B47,3)="419",AND(LEFT(B47,3)="421",F47<0)),-1,1)*J47 -> 500000
A48: 100.140.141 | B48: 151 | C48: N | D48: Hàng hóa đang đi đường | F48: 0 | G48: =SUMIFS(CT!$H$5:$H$143,CT!$D$5:$D$143,DMTK!$B48) -> 0 | H48: =SUMIFS(CT!$H$5:$H$143,CT!$E$5:$E$143,DMTK!$B48) -> 0 | J48: =IF(C48="N",F48+G48-H48,F48+H48-G48) -> 0 | M48: =IF(AND(LEFT(B48,4)="1311",F48<0),"300.310.312",IF(AND(LEFT(B48,3)="138",F48<0),"300.310.319",IF(AND(LEFT(B48,4)="3311",F48<0),"100.130.132",IF(AND(LEFT(B48,3)="333",F48<0),"100.150.153",IF(AND(LEFT(B48,3)="337",F48<0),"100.130.134",A48))))) -> 100.140.141 | N48: =IF(OR(AND(LEFT(B48,4)="1311",F48<0),AND(LEFT(B48,3)="138",F48<0),AND(LEFT(B48,4)="3311",F48<0),AND(LEFT(B48,3)="333",F48<0),AND(LEFT(B48,3)="337",F48<0),LEFT(B48,3)="214",LEFT(B48,3)="229",LEFT(B48,3)="419",AND(LEFT(B48,3)="421",F48<0)),-1,1)*F48 -> 0 | O48: =IF(AND(LEFT(B48,4)="1311",J48<0),"300.310.312",IF(AND(LEFT(B48,3)="138",J48<0),"300.310.319",IF(AND(LEFT(B48,4)="3311",J48<0),"100.130.132",IF(AND(LEFT(B48,3)="333",J48<0),"100.150.153",IF(AND(LEFT(B48,3)="337",J48<0),"100.130.134",A48))))) -> 100.140.141 | P48: =IF(OR(AND(LEFT(B48,4)="1311",J48<0),AND(LEFT(B48,3)="138",J48<0),AND(LEFT(B48,4)="3311",J48<0),AND(LEFT(B48,3)="333",J48<0),AND(LEFT(B48,3)="337",J48<0),LEFT(B48,3)="214",LEFT(B48,3)="229",LEFT(B48,3)="419",AND(LEFT(B48,3)="421",F48<0)),-1,1)*J48 -> 0
A49: 100.140.141 | B49: 1521.0101 | C49: N | D49: Gỗ cao su | E49: 10 | F49: 33000000 | G49: =SUMIFS(CT!$H$5:$H$143,CT!$D$5:$D$143,DMTK!$B49) -> 0 | H49: =SUMIFS(CT!$H$5:$H$143,CT!$E$5:$E$143,DMTK!$B49) -> 13200000 | J49: =IF(C49="N",F49+G49-H49,F49+H49-G49) -> 19800000 | M49: =IF(AND(LEFT(B49,4)="1311",F49<0),"300.310.312",IF(AND(LEFT(B49,3)="138",F49<0),"300.310.319",IF(AND(LEFT(B49,4)="3311",F49<0),"100.130.132",IF(AND(LEFT(B49,3)="333",F49<0),"100.150.153",IF(AND(LEFT(B49,3)="337",F49<0),"100.130.134",A49))))) -> 100.140.141 | N49: =IF(OR(AND(LEFT(B49,4)="1311",F49<0),AND(LEFT(B49,3)="138",F49<0),AND(LEFT(B49,4)="3311",F49<0),AND(LEFT(B49,3)="333",F49<0),AND(LEFT(B49,3)="337",F49<0),LEFT(B49,3)="214",LEFT(B49,3)="229",LEFT(B49,3)="419",AND(LEFT(B49,3)="421",F49<0)),-1,1)*F49 -> 33000000 | O49: =IF(AND(LEFT(B49,4)="1311",J49<0),"300.310.312",IF(AND(LEFT(B49,3)="138",J49<0),"300.310.319",IF(AND(LEFT(B49,4)="3311",J49<0),"100.130.132",IF(AND(LEFT(B49,3)="333",J49<0),"100.150.153",IF(AND(LEFT(B49,3)="337",J49<0),"100.130.134",A49))))) -> 100.140.141 | P49: =IF(OR(AND(LEFT(B49,4)="1311",J49<0),AND(LEFT(B49,3)="138",J49<0),AND(LEFT(B49,4)="3311",J49<0),AND(LEFT(B49,3)="333",J49<0),AND(LEFT(B49,3)="337",J49<0),LEFT(B49,3)="214",LEFT(B49,3)="229",LEFT(B49,3)="419",AND(LEFT(B49,3)="421",F49<0)),-1,1)*J49 -> 19800000
A50: 100.140.141 | B50: 1521.0102 | C50: N | D50: Gỗ tràm bông vàng | E50: 5 | F50: 22000000 | G50: =SUMIFS(CT!$H$5:$H$143,CT!$D$5:$D$143,DMTK!$B50) -> 22500000 | H50: =SUMIFS(CT!$H$5:$H$143,CT!$E$5:$E$143,DMTK!$B50) -> 0 | J50: =IF(C50="N",F50+G50-H50,F50+H50-G50) -> 44500000 | M50: =IF(AND(LEFT(B50,4)="1311",F50<0),"300.310.312",IF(AND(LEFT(B50,3)="138",F50<0),"300.310.319",IF(AND(LEFT(B50,4)="3311",F50<0),"100.130.132",IF(AND(LEFT(B50,3)="333",F50<0),"100.150.153",IF(AND(LEFT(B50,3)="337",F50<0),"100.130.134",A50))))) -> 100.140.141 | N50: =IF(OR(AND(LEFT(B50,4)="1311",F50<0),AND(LEFT(B50,3)="138",F50<0),AND(LEFT(B50,4)="3311",F50<0),AND(LEFT(B50,3)="333",F50<0),AND(LEFT(B50,3)="337",F50<0),LEFT(B50,3)="214",LEFT(B50,3)="229",LEFT(B50,3)="419",AND(LEFT(B50,3)="421",F50<0)),-1,1)*F50 -> 22000000 | O50: =IF(AND(LEFT(B50,4)="1311",J50<0),"300.310.312",IF(AND(LEFT(B50,3)="138",J50<0),"300.310.319",IF(AND(LEFT(B50,4)="3311",J50<0),"100.130.132",IF(AND(LEFT(B50,3)="333",J50<0),"100.150.153",IF(AND(LEFT(B50,3)="337",J50<0),"100.130.134",A50))))) -> 100.140.141 | P50: =IF(OR(AND(LEFT(B50,4)="1311",J50<0),AND(LEFT(B50,3)="138",J50<0),AND(LEFT(B50,4)="3311",J50<0),AND(LEFT(B50,3)="333",J50<0),AND(LEFT(B50,3)="337",J50<0),LEFT(B50,3)="214",LEFT(B50,3)="229",LEFT(B50,3)="419",AND(LEFT(B50,3)="421",F50<0)),-1,1)*J50 -> 44500000
A51: 100.140.141 | B51: 1521.0103 | C51: N | D51: Gỗ thông | E51: 4 | F51: 14400000 | G51: =SUMIFS(CT!$H$5:$H$143,CT!$D$5:$D$143,DMTK!$B51) -> 0 | H51: =SUMIFS(CT!$H$5:$H$143,CT!$E$5:$E$143,DMTK!$B51) -> 0 | J51: =IF(C51="N",F51+G51-H51,F51+H51-G51) -> 14400000 | M51: =IF(AND(LEFT(B51,4)="1311",F51<0),"300.310.312",IF(AND(LEFT(B51,3)="138",F51<0),"300.310.319",IF(AND(LEFT(B51,4)="3311",F51<0),"100.130.132",IF(AND(LEFT(B51,3)="333",F51<0),"100.150.153",IF(AND(LEFT(B51,3)="337",F51<0),"100.130.134",A51))))) -> 100.140.141 | N51: =IF(OR(AND(LEFT(B51,4)="1311",F51<0),AND(LEFT(B51,3)="138",F51<0),AND(LEFT(B51,4)="3311",F51<0),AND(LEFT(B51,3)="333",F51<0),AND(LEFT(B51,3)="337",F51<0),LEFT(B51,3)="214",LEFT(B51,3)="229",LEFT(B51,3)="419",AND(LEFT(B51,3)="421",F51<0)),-1,1)*F51 -> 14400000 | O51: =IF(AND(LEFT(B51,4)="1311",J51<0),"300.310.312",IF(AND(LEFT(B51,3)="138",J51<0),"300.310.319",IF(AND(LEFT(B51,4)="3311",J51<0),"100.130.132",IF(AND(LEFT(B51,3)="333",J51<0),"100.150.153",IF(AND(LEFT(B51,3)="337",J51<0),"100.130.134",A51))))) -> 100.140.141 | P51: =IF(OR(AND(LEFT(B51,4)="1311",J51<0),AND(LEFT(B51,3)="138",J51<0),AND(LEFT(B51,4)="3311",J51<0),AND(LEFT(B51,3)="333",J51<0),AND(LEFT(B51,3)="337",J51<0),LEFT(B51,3)="214",LEFT(B51,3)="229",LEFT(B51,3)="419",AND(LEFT(B51,3)="421",F51<0)),-1,1)*J51 -> 14400000
A52: 100.140.141 | B52: 1521.0201 | C52: N | D52: Ván MDF 9x6x8 | E52: 200 | F52: 24000000 | G52: =SUMIFS(CT!$H$5:$H$143,CT!$D$5:$D$143,DMTK!$B52) -> 0 | H52: =SUMIFS(CT!$H$5:$H$143,CT!$E$5:$E$143,DMTK!$B52) -> 3600000 | J52: =IF(C52="N",F52+G52-H52,F52+H52-G52) -> 20400000 | M52: =IF(AND(LEFT(B52,4)="1311",F52<0),"300.310.312",IF(AND(LEFT(B52,3)="138",F52<0),"300.310.319",IF(AND(LEFT(B52,4)="3311",F52<0),"100.130.132",IF(AND(LEFT(B52,3)="333",F52<0),"100.150.153",IF(AND(LEFT(B52,3)="337",F52<0),"100.130.134",A52))))) -> 100.140.141 | N52: =IF(OR(AND(LEFT(B52,4)="1311",F52<0),AND(LEFT(B52,3)="138",F52<0),AND(LEFT(B52,4)="3311",F52<0),AND(LEFT(B52,3)="333",F52<0),AND(LEFT(B52,3)="337",F52<0),LEFT(B52,3)="214",LEFT(B52,3)="229",LEFT(B52,3)="419",AND(LEFT(B52,3)="421",F52<0)),-1,1)*F52 -> 24000000 | O52: =IF(AND(LEFT(B52,4)="1311",J52<0),"300.310.312",IF(AND(LEFT(B52,3)="138",J52<0),"300.310.319",IF(AND(LEFT(B52,4)="3311",J52<0),"100.130.132",IF(AND(LEFT(B52,3)="333",J52<0),"100.150.153",IF(AND(LEFT(B52,3)="337",J52<0),"100.130.134",A52))))) -> 100.140.141 | P52: =IF(OR(AND(LEFT(B52,4)="1311",J52<0),AND(LEFT(B52,3)="138",J52<0),AND(LEFT(B52,4)="3311",J52<0),AND(LEFT(B52,3)="333",J52<0),AND(LEFT(B52,3)="337",J52<0),LEFT(B52,3)="214",LEFT(B52,3)="229",LEFT(B52,3)="419",AND(LEFT(B52,3)="421",F52<0)),-1,1)*J52 -> 20400000
A53: 100.140.141 | B53: 1521.0202 | C53: N | D53: Ván MDF 9x4x8 | E53: 300 | F53: 31200000 | G53: =SUMIFS(CT!$H$5:$H$143,CT!$D$5:$D$143,DMTK!$B53) -> 0 | H53: =SUMIFS(CT!$H$5:$H$143,CT!$E$5:$E$143,DMTK!$B53) -> 0 | J53: =IF(C53="N",F53+G53-H53,F53+H53-G53) -> 31200000 | M53: =IF(AND(LEFT(B53,4)="1311",F53<0),"300.310.312",IF(AND(LEFT(B53,3)="138",F53<0),"300.310.319",IF(AND(LEFT(B53,4)="3311",F53<0),"100.130.132",IF(AND(LEFT(B53,3)="333",F53<0),"100.150.153",IF(AND(LEFT(B53,3)="337",F53<0),"100.130.134",A53))))) -> 100.140.141 | N53: =IF(OR(AND(LEFT(B53,4)="1311",F53<0),AND(LEFT(B53,3)="138",F53<0),AND(LEFT(B53,4)="3311",F53<0),AND(LEFT(B53,3)="333",F53<0),AND(LEFT(B53,3)="337",F53<0),LEFT(B53,3)="214",LEFT(B53,3)="229",LEFT(B53,3)="419",AND(LEFT(B53,3)="421",F53<0)),-1,1)*F53 -> 31200000 | O53: =IF(AND(LEFT(B53,4)="1311",J53<0),"300.310.312",IF(AND(LEFT(B53,3)="138",J53<0),"300.310.319",IF(AND(LEFT(B53,4)="3311",J53<0),"100.130.132",IF(AND(LEFT(B53,3)="333",J53<0),"100.150.153",IF(AND(LEFT(B53,3)="337",J53<0),"100.130.134",A53))))) -> 100.140.141 | P53: =IF(OR(AND(LEFT(B53,4)="1311",J53<0),AND(LEFT(B53,3)="138",J53<0),AND(LEFT(B53,4)="3311",J53<0),AND(LEFT(B53,3)="333",J53<0),AND(LEFT(B53,3)="337",J53<0),LEFT(B53,3)="214",LEFT(B53,3)="229",LEFT(B53,3)="419",AND(LEFT(B53,3)="421",F53<0)),-1,1)*J53 -> 31200000
A54: 100.140.141 | B54: 1521.0203 | C54: N | D54: Ván MDF 4,5x6x8 | E54: 100 | F54: 10000000 | G54: =SUMIFS(CT!$H$5:$H$143,CT!$D$5:$D$143,DMTK!$B54) -> 0 | H54: =SUMIFS(CT!$H$5:$H$143,CT!$E$5:$E$143,DMTK!$B54) -> 0 | J54: =IF(C54="N",F54+G54-H54,F54+H54-G54) -> 10000000 | M54: =IF(AND(LEFT(B54,4)="1311",F54<0),"300.310.312",IF(AND(LEFT(B54,3)="138",F54<0),"300.310.319",IF(AND(LEFT(B54,4)="3311",F54<0),"100.130.132",IF(AND(LEFT(B54,3)="333",F54<0),"100.150.153",IF(AND(LEFT(B54,3)="337",F54<0),"100.130.134",A54))))) -> 100.140.141 | N54: =IF(OR(AND(LEFT(B54,4)="1311",F54<0),AND(LEFT(B54,3)="138",F54<0),AND(LEFT(B54,4)="3311",F54<0),AND(LEFT(B54,3)="333",F54<0),AND(LEFT(B54,3)="337",F54<0),LEFT(B54,3)="214",LEFT(B54,3)="229",LEFT(B54,3)="419",AND(LEFT(B54,3)="421",F54<0)),-1,1)*F54 -> 10000000 | O54: =IF(AND(LEFT(B54,4)="1311",J54<0),"300.310.312",IF(AND(LEFT(B54,3)="138",J54<0),"300.310.319",IF(AND(LEFT(B54,4)="3311",J54<0),"100.130.132",IF(AND(LEFT(B54,3)="333",J54<0),"100.150.153",IF(AND(LEFT(B54,3)="337",J54<0),"100.130.134",A54))))) -> 100.140.141 | P54: =IF(OR(AND(LEFT(B54,4)="1311",J54<0),AND(LEFT(B54,3)="138",J54<0),AND(LEFT(B54,4)="3311",J54<0),AND(LEFT(B54,3)="333",J54<0),AND(LEFT(B54,3)="337",J54<0),LEFT(B54,3)="214",LEFT(B54,3)="229",LEFT(B54,3)="419",AND(LEFT(B54,3)="421",F54<0)),-1,1)*J54 -> 10000000
A55: 100.140.141 | B55: 1521.0301 | C55: N | D55: Keo AB | E55: 50 | F55: 1200000 | G55: =SUMIFS(CT!$H$5:$H$143,CT!$D$5:$D$143,DMTK!$B55) -> 5000000 | H55: =SUMIFS(CT!$H$5:$H$143,CT!$E$5:$E$143,DMTK!$B55) -> 0 | J55: =IF(C55="N",F55+G55-H55,F55+H55-G55) -> 6200000 | M55: =IF(AND(LEFT(B55,4)="1311",F55<0),"300.310.312",IF(AND(LEFT(B55,3)="138",F55<0),"300.310.319",IF(AND(LEFT(B55,4)="3311",F55<0),"100.130.132",IF(AND(LEFT(B55,3)="333",F55<0),"100.150.153",IF(AND(LEFT(B55,3)="337",F55<0),"100.130.134",A55))))) -> 100.140.141 | N55: =IF(OR(AND(LEFT(B55,4)="1311",F55<0),AND(LEFT(B55,3)="138",F55<0),AND(LEFT(B55,4)="3311",F55<0),AND(LEFT(B55,3)="333",F55<0),AND(LEFT(B55,3)="337",F55<0),LEFT(B55,3)="214",LEFT(B55,3)="229",LEFT(B55,3)="419",AND(LEFT(B55,3)="421",F55<0)),-1,1)*F55 -> 1200000 | O55: =IF(AND(LEFT(B55,4)="1311",J55<0),"300.310.312",IF(AND(LEFT(B55,3)="138",J55<0),"300.310.319",IF(AND(LEFT(B55,4)="3311",J55<0),"100.130.132",IF(AND(LEFT(B55,3)="333",J55<0),"100.150.153",IF(AND(LEFT(B55,3)="337",J55<0),"100.130.134",A55))))) -> 100.140.141 | P55: =IF(OR(AND(LEFT(B55,4)="1311",J55<0),AND(LEFT(B55,3)="138",J55<0),AND(LEFT(B55,4)="3311",J55<0),AND(LEFT(B55,3)="333",J55<0),AND(LEFT(B55,3)="337",J55<0),LEFT(B55,3)="214",LEFT(B55,3)="229",LEFT(B55,3)="419",AND(LEFT(B55,3)="421",F55<0)),-1,1)*J55 -> 6200000
A56: 100.140.141 | B56: 1521.0302 | C56: N | D56: Keo ghép | E56: 150 | F56: 7200000 | G56: =SUMIFS(CT!$H$5:$H$143,CT!$D$5:$D$143,DMTK!$B56) -> 0 | H56: =SUMIFS(CT!$H$5:$H$143,CT!$E$5:$E$143,DMTK!$B56) -> 480000 | J56: =IF(C56="N",F56+G56-H56,F56+H56-G56) -> 6720000 | M56: =IF(AND(LEFT(B56,4)="1311",F56<0),"300.310.312",IF(AND(LEFT(B56,3)="138",F56<0),"300.310.319",IF(AND(LEFT(B56,4)="3311",F56<0),"100.130.132",IF(AND(LEFT(B56,3)="333",F56<0),"100.150.153",IF(AND(LEFT(B56,3)="337",F56<0),"100.130.134",A56))))) -> 100.140.141 | N56: =IF(OR(AND(LEFT(B56,4)="1311",F56<0),AND(LEFT(B56,3)="138",F56<0),AND(LEFT(B56,4)="3311",F56<0),AND(LEFT(B56,3)="333",F56<0),AND(LEFT(B56,3)="337",F56<0),LEFT(B56,3)="214",LEFT(B56,3)="229",LEFT(B56,3)="419",AND(LEFT(B56,3)="421",F56<0)),-1,1)*F56 -> 7200000 | O56: =IF(AND(LEFT(B56,4)="1311",J56<0),"300.310.312",IF(AND(LEFT(B56,3)="138",J56<0),"300.310.319",IF(AND(LEFT(B56,4)="3311",J56<0),"100.130.132",IF(AND(LEFT(B56,3)="333",J56<0),"100.150.153",IF(AND(LEFT(B56,3)="337",J56<0),"100.130.134",A56))))) -> 100.140.141 | P56: =IF(OR(AND(LEFT(B56,4)="1311",J56<0),AND(LEFT(B56,3)="138",J56<0),AND(LEFT(B56,4)="3311",J56<0),AND(LEFT(B56,3)="333",J56<0),AND(LEFT(B56,3)="337",J56<0),LEFT(B56,3)="214",LEFT(B56,3)="229",LEFT(B56,3)="419",AND(LEFT(B56,3)="421",F56<0)),-1,1)*J56 -> 6720000
A57: 100.140.141 | B57: 1521.0303 | C57: N | D57: Keo 502 | E57: 500 | F57: 1150000 | G57: =SUMIFS(CT!$H$5:$H$143,CT!$D$5:$D$143,DMTK!$B57) -> 0 | H57: =SUMIFS(CT!$H$5:$H$143,CT!$E$5:$E$143,DMTK!$B57) -> 46000 | J57: =IF(C57="N",F57+G57-H57,F57+H57-G57) -> 1104000 | M57: =IF(AND(LEFT(B57,4)="1311",F57<0),"300.310.312",IF(AND(LEFT(B57,3)="138",F57<0),"300.310.319",IF(AND(LEFT(B57,4)="3311",F57<0),"100.130.132",IF(AND(LEFT(B57,3)="333",F57<0),"100.150.153",IF(AND(LEFT(B57,3)="337",F57<0),"100.130.134",A57))))) -> 100.140.141 | N57: =IF(OR(AND(LEFT(B57,4)="1311",F57<0),AND(LEFT(B57,3)="138",F57<0),AND(LEFT(B57,4)="3311",F57<0),AND(LEFT(B57,3)="333",F57<0),AND(LEFT(B57,3)="337",F57<0),LEFT(B57,3)="214",LEFT(B57,3)="229",LEFT(B57,3)="419",AND(LEFT(B57,3)="421",F57<0)),-1,1)*F57 -> 1150000 | O57: =IF(AND(LEFT(B57,4)="1311",J57<0),"300.310.312",IF(AND(LEFT(B57,3)="138",J57<0),"300.310.319",IF(AND(LEFT(B57,4)="3311",J57<0),"100.130.132",IF(AND(LEFT(B57,3)="333",J57<0),"100.150.153",IF(AND(LEFT(B57,3)="337",J57<0),"100.130.134",A57))))) -> 100.140.141 | P57: =IF(OR(AND(LEFT(B57,4)="1311",J57<0),AND(LEFT(B57,3)="138",J57<0),AND(LEFT(B57,4)="3311",J57<0),AND(LEFT(B57,3)="333",J57<0),AND(LEFT(B57,3)="337",J57<0),LEFT(B57,3)="214",LEFT(B57,3)="229",LEFT(B57,3)="419",AND(LEFT(B57,3)="421",F57<0)),-1,1)*J57 -> 1104000
A58: 100.140.141 | B58: 1521.0401 | C58: N | D58: AC chuối | E58: 100 | F58: 1500000 | G58: =SUMIFS(CT!$H$5:$H$143,CT!$D$5:$D$143,DMTK!$B58) -> 3200000 | H58: =SUMIFS(CT!$H$5:$H$143,CT!$E$5:$E$143,DMTK!$B58) -> 469980 | J58: =IF(C58="N",F58+G58-H58,F58+H58-G58) -> 4230020 | M58: =IF(AND(LEFT(B58,4)="1311",F58<0),"300.310.312",IF(AND(LEFT(B58,3)="138",F58<0),"300.310.319",IF(AND(LEFT(B58,4)="3311",F58<0),"100.130.132",IF(AND(LEFT(B58,3)="333",F58<0),"100.150.153",IF(AND(LEFT(B58,3)="337",F58<0),"100.130.134",A58))))) -> 100.140.141 | N58: =IF(OR(AND(LEFT(B58,4)="1311",F58<0),AND(LEFT(B58,3)="138",F58<0),AND(LEFT(B58,4)="3311",F58<0),AND(LEFT(B58,3)="333",F58<0),AND(LEFT(B58,3)="337",F58<0),LEFT(B58,3)="214",LEFT(B58,3)="229",LEFT(B58,3)="419",AND(LEFT(B58,3)="421",F58<0)),-1,1)*F58 -> 1500000 | O58: =IF(AND(LEFT(B58,4)="1311",J58<0),"300.310.312",IF(AND(LEFT(B58,3)="138",J58<0),"300.310.319",IF(AND(LEFT(B58,4)="3311",J58<0),"100.130.132",IF(AND(LEFT(B58,3)="333",J58<0),"100.150.153",IF(AND(LEFT(B58,3)="337",J58<0),"100.130.134",A58))))) -> 100.140.141 | P58: =IF(OR(AND(LEFT(B58,4)="1311",J58<0),AND(LEFT(B58,3)="138",J58<0),AND(LEFT(B58,4)="3311",J58<0),AND(LEFT(B58,3)="333",J58<0),AND(LEFT(B58,3)="337",J58<0),LEFT(B58,3)="214",LEFT(B58,3)="229",LEFT(B58,3)="419",AND(LEFT(B58,3)="421",F58<0)),-1,1)*J58 -> 4230020
A59: 100.140.141 | B59: 1521.0402 | C59: N | D59: NC chuối | E59: 50 | F59: 850000 | G59: =SUMIFS(CT!$H$5:$H$143,CT!$D$5:$D$143,DMTK!$B59) -> 0 | H59: =SUMIFS(CT!$H$5:$H$143,CT!$E$5:$E$143,DMTK!$B59) -> 0 | J59: =IF(C59="N",F59+G59-H59,F59+H59-G59) -> 850000 | M59: =IF(AND(LEFT(B59,4)="1311",F59<0),"300.310.312",IF(AND(LEFT(B59,3)="138",F59<0),"300.310.319",IF(AND(LEFT(B59,4)="3311",F59<0),"100.130.132",IF(AND(LEFT(B59,3)="333",F59<0),"100.150.153",IF(AND(LEFT(B59,3)="337",F59<0),"100.130.134",A59))))) -> 100.140.141 | N59: =IF(OR(AND(LEFT(B59,4)="1311",F59<0),AND(LEFT(B59,3)="138",F59<0),AND(LEFT(B59,4)="3311",F59<0),AND(LEFT(B59,3)="333",F59<0),AND(LEFT(B59,3)="337",F59<0),LEFT(B59,3)="214",LEFT(B59,3)="229",LEFT(B59,3)="419",AND(LEFT(B59,3)="421",F59<0)),-1,1)*F59 -> 850000 | O59: =IF(AND(LEFT(B59,4)="1311",J59<0),"300.310.312",IF(AND(LEFT(B59,3)="138",J59<0),"300.310.319",IF(AND(LEFT(B59,4)="3311",J59<0),"100.130.132",IF(AND(LEFT(B59,3)="333",J59<0),"100.150.153",IF(AND(LEFT(B59,3)="337",J59<0),"100.130.134",A59))))) -> 100.140.141 | P59: =IF(OR(AND(LEFT(B59,4)="1311",J59<0),AND(LEFT(B59,3)="138",J59<0),AND(LEFT(B59,4)="3311",J59<0),AND(LEFT(B59,3)="333",J59<0),AND(LEFT(B59,3)="337",J59<0),LEFT(B59,3)="214",LEFT(B59,3)="229",LEFT(B59,3)="419",AND(LEFT(B59,3)="421",F59<0)),-1,1)*J59 -> 850000
A60: 100.140.141 | B60: 1521.0403 | C60: N | D60: Dầu thông | E60: 80 | F60: 1040000 | G60: =SUMIFS(CT!$H$5:$H$143,CT!$D$5:$D$143,DMTK!$B60) -> 1500000 | H60: =SUMIFS(CT!$H$5:$H$143,CT!$E$5:$E$143,DMTK!$B60) -> 282220 | J60: =IF(C60="N",F60+G60-H60,F60+H60-G60) -> 2257780 | M60: =IF(AND(LEFT(B60,4)="1311",F60<0),"300.310.312",IF(AND(LEFT(B60,3)="138",F60<0),"300.310.319",IF(AND(LEFT(B60,4)="3311",F60<0),"100.130.132",IF(AND(LEFT(B60,3)="333",F60<0),"100.150.153",IF(AND(LEFT(B60,3)="337",F60<0),"100.130.134",A60))))) -> 100.140.141 | N60: =IF(OR(AND(LEFT(B60,4)="1311",F60<0),AND(LEFT(B60,3)="138",F60<0),AND(LEFT(B60,4)="3311",F60<0),AND(LEFT(B60,3)="333",F60<0),AND(LEFT(B60,3)="337",F60<0),LEFT(B60,3)="214",LEFT(B60,3)="229",LEFT(B60,3)="419",AND(LEFT(B60,3)="421",F60<0)),-1,1)*F60 -> 1040000 | O60: =IF(AND(LEFT(B60,4)="1311",J60<0),"300.310.312",IF(AND(LEFT(B60,3)="138",J60<0),"300.310.319",IF(AND(LEFT(B60,4)="3311",J60<0),"100.130.132",IF(AND(LEFT(B60,3)="333",J60<0),"100.150.153",IF(AND(LEFT(B60,3)="337",J60<0),"100.130.134",A60))))) -> 100.140.141 | P60: =IF(OR(AND(LEFT(B60,4)="1311",J60<0),AND(LEFT(B60,3)="138",J60<0),AND(LEFT(B60,4)="3311",J60<0),AND(LEFT(B60,3)="333",J60<0),AND(LEFT(B60,3)="337",J60<0),LEFT(B60,3)="214",LEFT(B60,3)="229",LEFT(B60,3)="419",AND(LEFT(B60,3)="421",F60<0)),-1,1)*J60 -> 2257780
A61: 100.140.141 | B61: 1522 | C61: N | D61: Nguyên vật liệu phụ | F61: 0 | G61: =SUMIFS(CT!$H$5:$H$143,CT!$D$5:$D$143,DMTK!$B61) -> 0 | H61: =SUMIFS(CT!$H$5:$H$143,CT!$E$5:$E$143,DMTK!$B61) -> 0 | J61: =IF(C61="N",F61+G61-H61,F61+H61-G61) -> 0 | M61: =IF(AND(LEFT(B61,4)="1311",F61<0),"300.310.312",IF(AND(LEFT(B61,3)="138",F61<0),"300.310.319",IF(AND(LEFT(B61,4)="3311",F61<0),"100.130.132",IF(AND(LEFT(B61,3)="333",F61<0),"100.150.153",IF(AND(LEFT(B61,3)="337",F61<0),"100.130.134",A61))))) -> 100.140.141 | N61: =IF(OR(AND(LEFT(B61,4)="1311",F61<0),AND(LEFT(B61,3)="138",F61<0),AND(LEFT(B61,4)="3311",F61<0),AND(LEFT(B61,3)="333",F61<0),AND(LEFT(B61,3)="337",F61<0),LEFT(B61,3)="214",LEFT(B61,3)="229",LEFT(B61,3)="419",AND(LEFT(B61,3)="421",F61<0)),-1,1)*F61 -> 0 | O61: =IF(AND(LEFT(B61,4)="1311",J61<0),"300.310.312",IF(AND(LEFT(B61,3)="138",J61<0),"300.310.319",IF(AND(LEFT(B61,4)="3311",J61<0),"100.130.132",IF(AND(LEFT(B61,3)="333",J61<0),"100.150.153",IF(AND(LEFT(B61,3)="337",J61<0),"100.130.134",A61))))) -> 100.140.141 | P61: =IF(OR(AND(LEFT(B61,4)="1311",J61<0),AND(LEFT(B61,3)="138",J61<0),AND(LEFT(B61,4)="3311",J61<0),AND(LEFT(B61,3)="333",J61<0),AND(LEFT(B61,3)="337",J61<0),LEFT(B61,3)="214",LEFT(B61,3)="229",LEFT(B61,3)="419",AND(LEFT(B61,3)="421",F61<0)),-1,1)*J61 -> 0
A62: 100.140.141 | B62: 1531.01 | C62: N | D62: Máy tính Casio | E62: 15 | F62: 7500000 | G62: =SUMIFS(CT!$H$5:$H$143,CT!$D$5:$D$143,DMTK!$B62) -> 0 | H62: =SUMIFS(CT!$H$5:$H$143,CT!$E$5:$E$143,DMTK!$B62) -> 2500000 | J62: =IF(C62="N",F62+G62-H62,F62+H62-G62) -> 5000000 | M62: =IF(AND(LEFT(B62,4)="1311",F62<0),"300.310.312",IF(AND(LEFT(B62,3)="138",F62<0),"300.310.319",IF(AND(LEFT(B62,4)="3311",F62<0),"100.130.132",IF(AND(LEFT(B62,3)="333",F62<0),"100.150.153",IF(AND(LEFT(B62,3)="337",F62<0),"100.130.134",A62))))) -> 100.140.141 | N62: =IF(OR(AND(LEFT(B62,4)="1311",F62<0),AND(LEFT(B62,3)="138",F62<0),AND(LEFT(B62,4)="3311",F62<0),AND(LEFT(B62,3)="333",F62<0),AND(LEFT(B62,3)="337",F62<0),LEFT(B62,3)="214",LEFT(B62,3)="229",LEFT(B62,3)="419",AND(LEFT(B62,3)="421",F62<0)),-1,1)*F62 -> 7500000 | O62: =IF(AND(LEFT(B62,4)="1311",J62<0),"300.310.312",IF(AND(LEFT(B62,3)="138",J62<0),"300.310.319",IF(AND(LEFT(B62,4)="3311",J62<0),"100.130.132",IF(AND(LEFT(B62,3)="333",J62<0),"100.150.153",IF(AND(LEFT(B62,3)="337",J62<0),"100.130.134",A62))))) -> 100.140.141 | P62: =IF(OR(AND(LEFT(B62,4)="1311",J62<0),AND(LEFT(B62,3)="138",J62<0),AND(LEFT(B62,4)="3311",J62<0),AND(LEFT(B62,3)="333",J62<0),AND(LEFT(B62,3)="337",J62<0),LEFT(B62,3)="214",LEFT(B62,3)="229",LEFT(B62,3)="419",AND(LEFT(B62,3)="421",F62<0)),-1,1)*J62 -> 5000000
A63: 100.140.141 | B63: 1531.02 | C63: N | D63: Kệ tủ | E63: 20 | F63: 5000000 | G63: =SUMIFS(CT!$H$5:$H$143,CT!$D$5:$D$143,DMTK!$B63) -> 0 | H63: =SUMIFS(CT!$H$5:$H$143,CT!$E$5:$E$143,DMTK!$B63) -> 1000000 | J63: =IF(C63="N",F63+G63-H63,F63+H63-G63) -> 4000000 | M63: =IF(AND(LEFT(B63,4)="1311",F63<0),"300.310.312",IF(AND(LEFT(B63,3)="138",F63<0),"300.310.319",IF(AND(LEFT(B63,4)="3311",F63<0),"100.130.132",IF(AND(LEFT(B63,3)="333",F63<0),"100.150.153",IF(AND(LEFT(B63,3)="337",F63<0),"100.130.134",A63))))) -> 100.140.141 | N63: =IF(OR(AND(LEFT(B63,4)="1311",F63<0),AND(LEFT(B63,3)="138",F63<0),AND(LEFT(B63,4)="3311",F63<0),AND(LEFT(B63,3)="333",F63<0),AND(LEFT(B63,3)="337",F63<0),LEFT(B63,3)="214",LEFT(B63,3)="229",LEFT(B63,3)="419",AND(LEFT(B63,3)="421",F63<0)),-1,1)*F63 -> 5000000 | O63: =IF(AND(LEFT(B63,4)="1311",J63<0),"300.310.312",IF(AND(LEFT(B63,3)="138",J63<0),"300.310.319",IF(AND(LEFT(B63,4)="3311",J63<0),"100.130.132",IF(AND(LEFT(B63,3)="333",J63<0),"100.150.153",IF(AND(LEFT(B63,3)="337",J63<0),"100.130.134",A63))))) -> 100.140.141 | P63: =IF(OR(AND(LEFT(B63,4)="1311",J63<0),AND(LEFT(B63,3)="138",J63<0),AND(LEFT(B63,4)="3311",J63<0),AND(LEFT(B63,3)="333",J63<0),AND(LEFT(B63,3)="337",J63<0),LEFT(B63,3)="214",LEFT(B63,3)="229",LEFT(B63,3)="419",AND(LEFT(B63,3)="421",F63<0)),-1,1)*J63 -> 4000000
A64: 100.140.141 | B64: 1531.03 | C64: N | D64: Lưỡi cưa | E64: 100 | F64: 1000000 | G64: =SUMIFS(CT!$H$5:$H$143,CT!$D$5:$D$143,DMTK!$B64) -> 0 | H64: =SUMIFS(CT!$H$5:$H$143,CT!$E$5:$E$143,DMTK!$B64) -> 100000 | J64: =IF(C64="N",F64+G64-H64,F64+H64-G64) -> 900000 | M64: =IF(AND(LEFT(B64,4)="1311",F64<0),"300.310.312",IF(AND(LEFT(B64,3)="138",F64<0),"300.310.319",IF(AND(LEFT(B64,4)="3311",F64<0),"100.130.132",IF(AND(LEFT(B64,3)="333",F64<0),"100.150.153",IF(AND(LEFT(B64,3)="337",F64<0),"100.130.134",A64))))) -> 100.140.141 | N64: =IF(OR(AND(LEFT(B64,4)="1311",F64<0),AND(LEFT(B64,3)="138",F64<0),AND(LEFT(B64,4)="3311",F64<0),AND(LEFT(B64,3)="333",F64<0),AND(LEFT(B64,3)="337",F64<0),LEFT(B64,3)="214",LEFT(B64,3)="229",LEFT(B64,3)="419",AND(LEFT(B64,3)="421",F64<0)),-1,1)*F64 -> 1000000 | O64: =IF(AND(LEFT(B64,4)="1311",J64<0),"300.310.312",IF(AND(LEFT(B64,3)="138",J64<0),"300.310.319",IF(AND(LEFT(B64,4)="3311",J64<0),"100.130.132",IF(AND(LEFT(B64,3)="333",J64<0),"100.150.153",IF(AND(LEFT(B64,3)="337",J64<0),"100.130.134",A64))))) -> 100.140.141 | P64: =IF(OR(AND(LEFT(B64,4)="1311",J64<0),AND(LEFT(B64,3)="138",J64<0),AND(LEFT(B64,4)="3311",J64<0),AND(LEFT(B64,3)="333",J64<0),AND(LEFT(B64,3)="337",J64<0),LEFT(B64,3)="214",LEFT(B64,3)="229",LEFT(B64,3)="419",AND(LEFT(B64,3)="421",F64<0)),-1,1)*J64 -> 900000
A65: 100.140.141 | B65: 1531.04 | C65: N | D65: Mũi khoan | E65: 400 | F65: 2000000 | G65: =SUMIFS(CT!$H$5:$H$143,CT!$D$5:$D$143,DMTK!$B65) -> 0 | H65: =SUMIFS(CT!$H$5:$H$143,CT!$E$5:$E$143,DMTK!$B65) -> 100000 | J65: =IF(C65="N",F65+G65-H65,F65+H65-G65) -> 1900000 | M65: =IF(AND(LEFT(B65,4)="1311",F65<0),"300.310.312",IF(AND(LEFT(B65,3)="138",F65<0),"300.310.319",IF(AND(LEFT(B65,4)="3311",F65<0),"100.130.132",IF(AND(LEFT(B65,3)="333",F65<0),"100.150.153",IF(AND(LEFT(B65,3)="337",F65<0),"100.130.134",A65))))) -> 100.140.141 | N65: =IF(OR(AND(LEFT(B65,4)="1311",F65<0),AND(LEFT(B65,3)="138",F65<0),AND(LEFT(B65,4)="3311",F65<0),AND(LEFT(B65,3)="333",F65<0),AND(LEFT(B65,3)="337",F65<0),LEFT(B65,3)="214",LEFT(B65,3)="229",LEFT(B65,3)="419",AND(LEFT(B65,3)="421",F65<0)),-1,1)*F65 -> 2000000 | O65: =IF(AND(LEFT(B65,4)="1311",J65<0),"300.310.312",IF(AND(LEFT(B65,3)="138",J65<0),"300.310.319",IF(AND(LEFT(B65,4)="3311",J65<0),"100.130.132",IF(AND(LEFT(B65,3)="333",J65<0),"100.150.153",IF(AND(LEFT(B65,3)="337",J65<0),"100.130.134",A65))))) -> 100.140.141 | P65: =IF(OR(AND(LEFT(B65,4)="1311",J65<0),AND(LEFT(B65,3)="138",J65<0),AND(LEFT(B65,4)="3311",J65<0),AND(LEFT(B65,3)="333",J65<0),AND(LEFT(B65,3)="337",J65<0),LEFT(B65,3)="214",LEFT(B65,3)="229",LEFT(B65,3)="419",AND(LEFT(B65,3)="421",F65<0)),-1,1)*J65 -> 1900000
A66: 100.140.141 | B66: 1531.05 | C66: N | D66: Dao thép | E66: 100 | F66: 1000000 | G66: =SUMIFS(CT!$H$5:$H$143,CT!$D$5:$D$143,DMTK!$B66) -> 0 | H66: =SUMIFS(CT!$H$5:$H$143,CT!$E$5:$E$143,DMTK!$B66) -> 300000 | J66: =IF(C66="N",F66+G66-H66,F66+H66-G66) -> 700000 | M66: =IF(AND(LEFT(B66,4)="1311",F66<0),"300.310.312",IF(AND(LEFT(B66,3)="138",F66<0),"300.310.319",IF(AND(LEFT(B66,4)="3311",F66<0),"100.130.132",IF(AND(LEFT(B66,3)="333",F66<0),"100.150.153",IF(AND(LEFT(B66,3)="337",F66<0),"100.130.134",A66))))) -> 100.140.141 | N66: =IF(OR(AND(LEFT(B66,4)="1311",F66<0),AND(LEFT(B66,3)="138",F66<0),AND(LEFT(B66,4)="3311",F66<0),AND(LEFT(B66,3)="333",F66<0),AND(LEFT(B66,3)="337",F66<0),LEFT(B66,3)="214",LEFT(B66,3)="229",LEFT(B66,3)="419",AND(LEFT(B66,3)="421",F66<0)),-1,1)*F66 -> 1000000 | O66: =IF(AND(LEFT(B66,4)="1311",J66<0),"300.310.312",IF(AND(LEFT(B66,3)="138",J66<0),"300.310.319",IF(AND(LEFT(B66,4)="3311",J66<0),"100.130.132",IF(AND(LEFT(B66,3)="333",J66<0),"100.150.153",IF(AND(LEFT(B66,3)="337",J66<0),"100.130.134",A66))))) -> 100.140.141 | P66: =IF(OR(AND(LEFT(B66,4)="1311",J66<0),AND(LEFT(B66,3)="138",J66<0),AND(LEFT(B66,4)="3311",J66<0),AND(LEFT(B66,3)="333",J66<0),AND(LEFT(B66,3)="337",J66<0),LEFT(B66,3)="214",LEFT(B66,3)="229",LEFT(B66,3)="419",AND(LEFT(B66,3)="421",F66<0)),-1,1)*J66 -> 700000
A67: 200.240.241 | B67: 154.01 | C67: N | D67: Ghế tay vịn | F67: 70000000 | G67: =SUMIFS(CT!$H$5:$H$143,CT!$D$5:$D$143,DMTK!$B67) -> 99050185 | H67: =SUMIFS(CT!$H$5:$H$143,CT!$E$5:$E$143,DMTK!$B67) -> 102060000 | J67: =IF(C67="N",F67+G67-H67,F67+H67-G67) -> 66990185 | M67: =IF(AND(LEFT(B67,4)="1311",F67<0),"300.310.312",IF(AND(LEFT(B67,3)="138",F67<0),"300.310.319",IF(AND(LEFT(B67,4)="3311",F67<0),"100.130.132",IF(AND(LEFT(B67,3)="333",F67<0),"100.150.153",IF(AND(LEFT(B67,3)="337",F67<0),"100.130.134",A67))))) -> 200.240.241 | N67: =IF(OR(AND(LEFT(B67,4)="1311",F67<0),AND(LEFT(B67,3)="138",F67<0),AND(LEFT(B67,4)="3311",F67<0),AND(LEFT(B67,3)="333",F67<0),AND(LEFT(B67,3)="337",F67<0),LEFT(B67,3)="214",LEFT(B67,3)="229",LEFT(B67,3)="419",AND(LEFT(B67,3)="421",F67<0)),-1,1)*F67 -> 70000000 | O67: =IF(AND(LEFT(B67,4)="1311",J67<0),"300.310.312",IF(AND(LEFT(B67,3)="138",J67<0),"300.310.319",IF(AND(LEFT(B67,4)="3311",J67<0),"100.130.132",IF(AND(LEFT(B67,3)="333",J67<0),"100.150.153",IF(AND(LEFT(B67,3)="337",J67<0),"100.130.134",A67))))) -> 200.240.241 | P67: =IF(OR(AND(LEFT(B67,4)="1311",J67<0),AND(LEFT(B67,3)="138",J67<0),AND(LEFT(B67,4)="3311",J67<0),AND(LEFT(B67,3)="333",J67<0),AND(LEFT(B67,3)="337",J67<0),LEFT(B67,3)="214",LEFT(B67,3)="229",LEFT(B67,3)="419",AND(LEFT(B67,3)="421",F67<0)),-1,1)*J67 -> 66990185
A68: 200.240.241 | B68: 154.02 | C68: N | D68: Ghế không tay | F68: 80000000 | G68: =SUMIFS(CT!$H$5:$H$143,CT!$D$5:$D$143,DMTK!$B68) -> 48800000 | H68: =SUMIFS(CT!$H$5:$H$143,CT!$E$5:$E$143,DMTK!$B68) -> 61800000 | J68: =IF(C68="N",F68+G68-H68,F68+H68-G68) -> 67000000 | M68: =IF(AND(LEFT(B68,4)="1311",F68<0),"300.310.312",IF(AND(LEFT(B68,3)="138",F68<0),"300.310.319",IF(AND(LEFT(B68,4)="3311",F68<0),"100.130.132",IF(AND(LEFT(B68,3)="333",F68<0),"100.150.153",IF(AND(LEFT(B68,3)="337",F68<0),"100.130.134",A68))))) -> 200.240.241 | N68: =IF(OR(AND(LEFT(B68,4)="1311",F68<0),AND(LEFT(B68,3)="138",F68<0),AND(LEFT(B68,4)="3311",F68<0),AND(LEFT(B68,3)="333",F68<0),AND(LEFT(B68,3)="337",F68<0),LEFT(B68,3)="214",LEFT(B68,3)="229",LEFT(B68,3)="419",AND(LEFT(B68,3)="421",F68<0)),-1,1)*F68 -> 80000000 | O68: =IF(AND(LEFT(B68,4)="1311",J68<0),"300.310.312",IF(AND(LEFT(B68,3)="138",J68<0),"300.310.319",IF(AND(LEFT(B68,4)="3311",J68<0),"100.130.132",IF(AND(LEFT(B68,3)="333",J68<0),"100.150.153",IF(AND(LEFT(B68,3)="337",J68<0),"100.130.134",A68))))) -> 200.240.241 | P68: =IF(OR(AND(LEFT(B68,4)="1311",J68<0),AND(LEFT(B68,3)="138",J68<0),AND(LEFT(B68,4)="3311",J68<0),AND(LEFT(B68,3)="333",J68<0),AND(LEFT(B68,3)="337",J68<0),LEFT(B68,3)="214",LEFT(B68,3)="229",LEFT(B68,3)="419",AND(LEFT(B68,3)="421",F68<0)),-1,1)*J68 -> 67000000
A69: 200.240.241 | B69: 154.03 | C69: N | D69: Bàn tròn | F69: 7000000 | G69: =SUMIFS(CT!$H$5:$H$143,CT!$D$5:$D$143,DMTK!$B69) -> 61494681 | H69: =SUMIFS(CT!$H$5:$H$143,CT!$E$5:$E$143,DMTK!$B69) -> 61500000 | J69: =IF(C69="N",F69+G69-H69,F69+H69-G69) -> 6994681 | M69: =IF(AND(LEFT(B69,4)="1311",F69<0),"300.310.312",IF(AND(LEFT(B69,3)="138",F69<0),"300.310.319",IF(AND(LEFT(B69,4)="3311",F69<0),"100.130.132",IF(AND(LEFT(B69,3)="333",F69<0),"100.150.153",IF(AND(LEFT(B69,3)="337",F69<0),"100.130.134",A69))))) -> 200.240.241 | N69: =IF(OR(AND(LEFT(B69,4)="1311",F69<0),AND(LEFT(B69,3)="138",F69<0),AND(LEFT(B69,4)="3311",F69<0),AND(LEFT(B69,3)="333",F69<0),AND(LEFT(B69,3)="337",F69<0),LEFT(B69,3)="214",LEFT(B69,3)="229",LEFT(B69,3)="419",AND(LEFT(B69,3)="421",F69<0)),-1,1)*F69 -> 7000000 | O69: =IF(AND(LEFT(B69,4)="1311",J69<0),"300.310.312",IF(AND(LEFT(B69,3)="138",J69<0),"300.310.319",IF(AND(LEFT(B69,4)="3311",J69<0),"100.130.132",IF(AND(LEFT(B69,3)="333",J69<0),"100.150.153",IF(AND(LEFT(B69,3)="337",J69<0),"100.130.134",A69))))) -> 200.240.241 | P69: =IF(OR(AND(LEFT(B69,4)="1311",J69<0),AND(LEFT(B69,3)="138",J69<0),AND(LEFT(B69,4)="3311",J69<0),AND(LEFT(B69,3)="333",J69<0),AND(LEFT(B69,3)="337",J69<0),LEFT(B69,3)="214",LEFT(B69,3)="229",LEFT(B69,3)="419",AND(LEFT(B69,3)="421",F69<0)),-1,1)*J69 -> 6994681
A70: 200.240.241 | B70: 154.04 | C70: N | D70: Bàn oval | F70: 43000000 | G70: =SUMIFS(CT!$H$5:$H$143,CT!$D$5:$D$143,DMTK!$B70) -> 48800000 | H70: =SUMIFS(CT!$H$5:$H$143,CT!$E$5:$E$143,DMTK!$B70) -> 0 | J70: =IF(C70="N",F70+G70-H70,F70+H70-G70) -> 91800000 | M70: =IF(AND(LEFT(B70,4)="1311",F70<0),"300.310.312",IF(AND(LEFT(B70,3)="138",F70<0),"300.310.319",IF(AND(LEFT(B70,4)="3311",F70<0),"100.130.132",IF(AND(LEFT(B70,3)="333",F70<0),"100.150.153",IF(AND(LEFT(B70,3)="337",F70<0),"100.130.134",A70))))) -> 200.240.241 | N70: =IF(OR(AND(LEFT(B70,4)="1311",F70<0),AND(LEFT(B70,3)="138",F70<0),AND(LEFT(B70,4)="3311",F70<0),AND(LEFT(B70,3)="333",F70<0),AND(LEFT(B70,3)="337",F70<0),LEFT(B70,3)="214",LEFT(B70,3)="229",LEFT(B70,3)="419",AND(LEFT(B70,3)="421",F70<0)),-1,1)*F70 -> 43000000 | O70: =IF(AND(LEFT(B70,4)="1311",J70<0),"300.310.312",IF(AND(LEFT(B70,3)="138",J70<0),"300.310.319",IF(AND(LEFT(B70,4)="3311",J70<0),"100.130.132",IF(AND(LEFT(B70,3)="333",J70<0),"100.150.153",IF(AND(LEFT(B70,3)="337",J70<0),"100.130.134",A70))))) -> 200.240.241 | P70: =IF(OR(AND(LEFT(B70,4)="1311",J70<0),AND(LEFT(B70,3)="138",J70<0),AND(LEFT(B70,4)="3311",J70<0),AND(LEFT(B70,3)="333",J70<0),AND(LEFT(B70,3)="337",J70<0),LEFT(B70,3)="214",LEFT(B70,3)="229",LEFT(B70,3)="419",AND(LEFT(B70,3)="421",F70<0)),-1,1)*J70 -> 91800000
A71: 200.240.241 | B71: 154.05 | C71: N | D71: Bàn chữ nhật | F71: 22000000 | G71: =SUMIFS(CT!$H$5:$H$143,CT!$D$5:$D$143,DMTK!$B71) -> 48800000 | H71: =SUMIFS(CT!$H$5:$H$143,CT!$E$5:$E$143,DMTK!$B71) -> 0 | J71: =IF(C71="N",F71+G71-H71,F71+H71-G71) -> 70800000 | M71: =IF(AND(LEFT(B71,4)="1311",F71<0),"300.310.312",IF(AND(LEFT(B71,3)="138",F71<0),"300.310.319",IF(AND(LEFT(B71,4)="3311",F71<0),"100.130.132",IF(AND(LEFT(B71,3)="333",F71<0),"100.150.153",IF(AND(LEFT(B71,3)="337",F71<0),"100.130.134",A71))))) -> 200.240.241 | N71: =IF(OR(AND(LEFT(B71,4)="1311",F71<0),AND(LEFT(B71,3)="138",F71<0),AND(LEFT(B71,4)="3311",F71<0),AND(LEFT(B71,3)="333",F71<0),AND(LEFT(B71,3)="337",F71<0),LEFT(B71,3)="214",LEFT(B71,3)="229",LEFT(B71,3)="419",AND(LEFT(B71,3)="421",F71<0)),-1,1)*F71 -> 22000000 | O71: =IF(AND(LEFT(B71,4)="1311",J71<0),"300.310.312",IF(AND(LEFT(B71,3)="138",J71<0),"300.310.319",IF(AND(LEFT(B71,4)="3311",J71<0),"100.130.132",IF(AND(LEFT(B71,3)="333",J71<0),"100.150.153",IF(AND(LEFT(B71,3)="337",J71<0),"100.130.134",A71))))) -> 200.240.241 | P71: =IF(OR(AND(LEFT(B71,4)="1311",J71<0),AND(LEFT(B71,3)="138",J71<0),AND(LEFT(B71,4)="3311",J71<0),AND(LEFT(B71,3)="333",J71<0),AND(LEFT(B71,3)="337",J71<0),LEFT(B71,3)="214",LEFT(B71,3)="229",LEFT(B71,3)="419",AND(LEFT(B71,3)="421",F71<0)),-1,1)*J71 -> 70800000
A72: 100.140.141 | B72: 1551.0101 | C72: N | D72: Ghế tay vịn | E72: 250 | F72: 62500000 | G72: =SUMIFS(CT!$H$5:$H$143,CT!$D$5:$D$143,DMTK!$B72) -> 102060000 | H72: =SUMIFS(CT!$H$5:$H$143,CT!$E$5:$E$143,DMTK!$B72) -> 25123700 | J72: =IF(C72="N",F72+G72-H72,F72+H72-G72) -> 139436300 | M72: =IF(AND(LEFT(B72,4)="1311",F72<0),"300.310.312",IF(AND(LEFT(B72,3)="138",F72<0),"300.310.319",IF(AND(LEFT(B72,4)="3311",F72<0),"100.130.132",IF(AND(LEFT(B72,3)="333",F72<0),"100.150.153",IF(AND(LEFT(B72,3)="337",F72<0),"100.130.134",A72))))) -> 100.140.141 | N72: =IF(OR(AND(LEFT(B72,4)="1311",F72<0),AND(LEFT(B72,3)="138",F72<0),AND(LEFT(B72,4)="3311",F72<0),AND(LEFT(B72,3)="333",F72<0),AND(LEFT(B72,3)="337",F72<0),LEFT(B72,3)="214",LEFT(B72,3)="229",LEFT(B72,3)="419",AND(LEFT(B72,3)="421",F72<0)),-1,1)*F72 -> 62500000 | O72: =IF(AND(LEFT(B72,4)="1311",J72<0),"300.310.312",IF(AND(LEFT(B72,3)="138",J72<0),"300.310.319",IF(AND(LEFT(B72,4)="3311",J72<0),"100.130.132",IF(AND(LEFT(B72,3)="333",J72<0),"100.150.153",IF(AND(LEFT(B72,3)="337",J72<0),"100.130.134",A72))))) -> 100.140.141 | P72: =IF(OR(AND(LEFT(B72,4)="1311",J72<0),AND(LEFT(B72,3)="138",J72<0),AND(LEFT(B72,4)="3311",J72<0),AND(LEFT(B72,3)="333",J72<0),AND(LEFT(B72,3)="337",J72<0),LEFT(B72,3)="214",LEFT(B72,3)="229",LEFT(B72,3)="419",AND(LEFT(B72,3)="421",F72<0)),-1,1)*J72 -> 139436300
A73: 100.140.141 | B73: 1551.0102 | C73: N | D73: Ghế không tay | E73: 220 | F73: 44000000 | G73: =SUMIFS(CT!$H$5:$H$143,CT!$D$5:$D$143,DMTK!$B73) -> 61800000 | H73: =SUMIFS(CT!$H$5:$H$143,CT!$E$5:$E$143,DMTK!$B73) -> 20346200 | J73: =IF(C73="N",F73+G73-H73,F73+H73-G73) -> 85453800 | M73: =IF(AND(LEFT(B73,4)="1311",F73<0),"300.310.312",IF(AND(LEFT(B73,3)="138",F73<0),"300.310.319",IF(AND(LEFT(B73,4)="3311",F73<0),"100.130.132",IF(AND(LEFT(B73,3)="333",F73<0),"100.150.153",IF(AND(LEFT(B73,3)="337",F73<0),"100.130.134",A73))))) -> 100.140.141 | N73: =IF(OR(AND(LEFT(B73,4)="1311",F73<0),AND(LEFT(B73,3)="138",F73<0),AND(LEFT(B73,4)="3311",F73<0),AND(LEFT(B73,3)="333",F73<0),AND(LEFT(B73,3)="337",F73<0),LEFT(B73,3)="214",LEFT(B73,3)="229",LEFT(B73,3)="419",AND(LEFT(B73,3)="421",F73<0)),-1,1)*F73 -> 44000000 | O73: =IF(AND(LEFT(B73,4)="1311",J73<0),"300.310.312",IF(AND(LEFT(B73,3)="138",J73<0),"300.310.319",IF(AND(LEFT(B73,4)="3311",J73<0),"100.130.132",IF(AND(LEFT(B73,3)="333",J73<0),"100.150.153",IF(AND(LEFT(B73,3)="337",J73<0),"100.130.134",A73))))) -> 100.140.141 | P73: =IF(OR(AND(LEFT(B73,4)="1311",J73<0),AND(LEFT(B73,3)="138",J73<0),AND(LEFT(B73,4)="3311",J73<0),AND(LEFT(B73,3)="333",J73<0),AND(LEFT(B73,3)="337",J73<0),LEFT(B73,3)="214",LEFT(B73,3)="229",LEFT(B73,3)="419",AND(LEFT(B73,3)="421",F73<0)),-1,1)*J73 -> 85453800
A74: 100.140.141 | B74: 1551.0201 | C74: N | D74: Bàn tròn | E74: 150 | F74: 45000000 | G74: =SUMIFS(CT!$H$5:$H$143,CT!$D$5:$D$143,DMTK!$B74) -> 61500000 | H74: =SUMIFS(CT!$H$5:$H$143,CT!$E$5:$E$143,DMTK!$B74) -> 0 | J74: =IF(C74="N",F74+G74-H74,F74+H74-G74) -> 106500000 | M74: =IF(AND(LEFT(B74,4)="1311",F74<0),"300.310.312",IF(AND(LEFT(B74,3)="138",F74<0),"300.310.319",IF(AND(LEFT(B74,4)="3311",F74<0),"100.130.132",IF(AND(LEFT(B74,3)="333",F74<0),"100.150.153",IF(AND(LEFT(B74,3)="337",F74<0),"100.130.134",A74))))) -> 100.140.141 | N74: =IF(OR(AND(LEFT(B74,4)="1311",F74<0),AND(LEFT(B74,3)="138",F74<0),AND(LEFT(B74,4)="3311",F74<0),AND(LEFT(B74,3)="333",F74<0),AND(LEFT(B74,3)="337",F74<0),LEFT(B74,3)="214",LEFT(B74,3)="229",LEFT(B74,3)="419",AND(LEFT(B74,3)="421",F74<0)),-1,1)*F74 -> 45000000 | O74: =IF(AND(LEFT(B74,4)="1311",J74<0),"300.310.312",IF(AND(LEFT(B74,3)="138",J74<0),"300.310.319",IF(AND(LEFT(B74,4)="3311",J74<0),"100.130.132",IF(AND(LEFT(B74,3)="333",J74<0),"100.150.153",IF(AND(LEFT(B74,3)="337",J74<0),"100.130.134",A74))))) -> 100.140.141 | P74: =IF(OR(AND(LEFT(B74,4)="1311",J74<0),AND(LEFT(B74,3)="138",J74<0),AND(LEFT(B74,4)="3311",J74<0),AND(LEFT(B74,3)="333",J74<0),AND(LEFT(B74,3)="337",J74<0),LEFT(B74,3)="214",LEFT(B74,3)="229",LEFT(B74,3)="419",AND(LEFT(B74,3)="421",F74<0)),-1,1)*J74 -> 106500000
A75: 100.140.141 | B75: 1551.0202 | C75: N | D75: Bàn oval | E75: 50 | F75: 25000000 | G75: =SUMIFS(CT!$H$5:$H$143,CT!$D$5:$D$143,DMTK!$B75) -> 0 | H75: =SUMIFS(CT!$H$5:$H$143,CT!$E$5:$E$143,DMTK!$B75) -> 25000000 | J75: =IF(C75="N",F75+G75-H75,F75+H75-G75) -> 0 | M75: =IF(AND(LEFT(B75,4)="1311",F75<0),"300.310.312",IF(AND(LEFT(B75,3)="138",F75<0),"300.310.319",IF(AND(LEFT(B75,4)="3311",F75<0),"100.130.132",IF(AND(LEFT(B75,3)="333",F75<0),"100.150.153",IF(AND(LEFT(B75,3)="337",F75<0),"100.130.134",A75))))) -> 100.140.141 | N75: =IF(OR(AND(LEFT(B75,4)="1311",F75<0),AND(LEFT(B75,3)="138",F75<0),AND(LEFT(B75,4)="3311",F75<0),AND(LEFT(B75,3)="333",F75<0),AND(LEFT(B75,3)="337",F75<0),LEFT(B75,3)="214",LEFT(B75,3)="229",LEFT(B75,3)="419",AND(LEFT(B75,3)="421",F75<0)),-1,1)*F75 -> 25000000 | O75: =IF(AND(LEFT(B75,4)="1311",J75<0),"300.310.312",IF(AND(LEFT(B75,3)="138",J75<0),"300.310.319",IF(AND(LEFT(B75,4)="3311",J75<0),"100.130.132",IF(AND(LEFT(B75,3)="333",J75<0),"100.150.153",IF(AND(LEFT(B75,3)="337",J75<0),"100.130.134",A75))))) -> 100.140.141 | P75: =IF(OR(AND(LEFT(B75,4)="1311",J75<0),AND(LEFT(B75,3)="138",J75<0),AND(LEFT(B75,4)="3311",J75<0),AND(LEFT(B75,3)="333",J75<0),AND(LEFT(B75,3)="337",J75<0),LEFT(B75,3)="214",LEFT(B75,3)="229",LEFT(B75,3)="419",AND(LEFT(B75,3)="421",F75<0)),-1,1)*J75 -> 0
A76: 100.140.141 | B76: 1551.0203 | C76: N | D76: Bàn chữ nhật | E76: 100 | F76: 70000000 | G76: =SUMIFS(CT!$H$5:$H$143,CT!$D$5:$D$143,DMTK!$B76) -> 0 | H76: =SUMIFS(CT!$H$5:$H$143,CT!$E$5:$E$143,DMTK!$B76) -> 0 | J76: =IF(C76="N",F76+G76-H76,F76+H76-G76) -> 70000000 | M76: =IF(AND(LEFT(B76,4)="1311",F76<0),"300.310.312",IF(AND(LEFT(B76,3)="138",F76<0),"300.310.319",IF(AND(LEFT(B76,4)="3311",F76<0),"100.130.132",IF(AND(LEFT(B76,3)="333",F76<0),"100.150.153",IF(AND(LEFT(B76,3)="337",F76<0),"100.130.134",A76))))) -> 100.140.141 | N76: =IF(OR(AND(LEFT(B76,4)="1311",F76<0),AND(LEFT(B76,3)="138",F76<0),AND(LEFT(B76,4)="3311",F76<0),AND(LEFT(B76,3)="333",F76<0),AND(LEFT(B76,3)="337",F76<0),LEFT(B76,3)="214",LEFT(B76,3)="229",LEFT(B76,3)="419",AND(LEFT(B76,3)="421",F76<0)),-1,1)*F76 -> 70000000 | O76: =IF(AND(LEFT(B76,4)="1311",J76<0),"300.310.312",IF(AND(LEFT(B76,3)="138",J76<0),"300.310.319",IF(AND(LEFT(B76,4)="3311",J76<0),"100.130.132",IF(AND(LEFT(B76,3)="333",J76<0),"100.150.153",IF(AND(LEFT(B76,3)="337",J76<0),"100.130.134",A76))))) -> 100.140.141 | P76: =IF(OR(AND(LEFT(B76,4)="1311",J76<0),AND(LEFT(B76,3)="138",J76<0),AND(LEFT(B76,4)="3311",J76<0),AND(LEFT(B76,3)="333",J76<0),AND(LEFT(B76,3)="337",J76<0),LEFT(B76,3)="214",LEFT(B76,3)="229",LEFT(B76,3)="419",AND(LEFT(B76,3)="421",F76<0)),-1,1)*J76 -> 70000000
A77: 100.140.141 | B77: 1561 | C77: N | D77: Giá mua hàng hóa | F77: 0 | G77: =SUMIFS(CT!$H$5:$H$143,CT!$D$5:$D$143,DMTK!$B77) -> 0 | H77: =SUMIFS(CT!$H$5:$H$143,CT!$E$5:$E$143,DMTK!$B77) -> 0 | J77: =IF(C77="N",F77+G77-H77,F77+H77-G77) -> 0 | M77: =IF(AND(LEFT(B77,4)="1311",F77<0),"300.310.312",IF(AND(LEFT(B77,3)="138",F77<0),"300.310.319",IF(AND(LEFT(B77,4)="3311",F77<0),"100.130.132",IF(AND(LEFT(B77,3)="333",F77<0),"100.150.153",IF(AND(LEFT(B77,3)="337",F77<0),"100.130.134",A77))))) -> 100.140.141 | N77: =IF(OR(AND(LEFT(B77,4)="1311",F77<0),AND(LEFT(B77,3)="138",F77<0),AND(LEFT(B77,4)="3311",F77<0),AND(LEFT(B77,3)="333",F77<0),AND(LEFT(B77,3)="337",F77<0),LEFT(B77,3)="214",LEFT(B77,3)="229",LEFT(B77,3)="419",AND(LEFT(B77,3)="421",F77<0)),-1,1)*F77 -> 0 | O77: =IF(AND(LEFT(B77,4)="1311",J77<0),"300.310.312",IF(AND(LEFT(B77,3)="138",J77<0),"300.310.319",IF(AND(LEFT(B77,4)="3311",J77<0),"100.130.132",IF(AND(LEFT(B77,3)="333",J77<0),"100.150.153",IF(AND(LEFT(B77,3)="337",J77<0),"100.130.134",A77))))) -> 100.140.141 | P77: =IF(OR(AND(LEFT(B77,4)="1311",J77<0),AND(LEFT(B77,3)="138",J77<0),AND(LEFT(B77,4)="3311",J77<0),AND(LEFT(B77,3)="333",J77<0),AND(LEFT(B77,3)="337",J77<0),LEFT(B77,3)="214",LEFT(B77,3)="229",LEFT(B77,3)="419",AND(LEFT(B77,3)="421",F77<0)),-1,1)*J77 -> 0
A78: 100.140.141 | B78: 1562 | C78: N | D78: Chi phí thu mua hàng hóa | F78: 0 | G78: =SUMIFS(CT!$H$5:$H$143,CT!$D$5:$D$143,DMTK!$B78) -> 0 | H78: =SUMIFS(CT!$H$5:$H$143,CT!$E$5:$E$143,DMTK!$B78) -> 0 | J78: =IF(C78="N",F78+G78-H78,F78+H78-G78) -> 0 | M78: =IF(AND(LEFT(B78,4)="1311",F78<0),"300.310.312",IF(AND(LEFT(B78,3)="138",F78<0),"300.310.319",IF(AND(LEFT(B78,4)="3311",F78<0),"100.130.132",IF(AND(LEFT(B78,3)="333",F78<0),"100.150.153",IF(AND(LEFT(B78,3)="337",F78<0),"100.130.134",A78))))) -> 100.140.141 | N78: =IF(OR(AND(LEFT(B78,4)="1311",F78<0),AND(LEFT(B78,3)="138",F78<0),AND(LEFT(B78,4)="3311",F78<0),AND(LEFT(B78,3)="333",F78<0),AND(LEFT(B78,3)="337",F78<0),LEFT(B78,3)="214",LEFT(B78,3)="229",LEFT(B78,3)="419",AND(LEFT(B78,3)="421",F78<0)),-1,1)*F78 -> 0 | O78: =IF(AND(LEFT(B78,4)="1311",J78<0),"300.310.312",IF(AND(LEFT(B78,3)="138",J78<0),"300.310.319",IF(AND(LEFT(B78,4)="3311",J78<0),"100.130.132",IF(AND(LEFT(B78,3)="333",J78<0),"100.150.153",IF(AND(LEFT(B78,3)="337",J78<0),"100.130.134",A78))))) -> 100.140.141 | P78: =IF(OR(AND(LEFT(B78,4)="1311",J78<0),AND(LEFT(B78,3)="138",J78<0),AND(LEFT(B78,4)="3311",J78<0),AND(LEFT(B78,3)="333",J78<0),AND(LEFT(B78,3)="337",J78<0),LEFT(B78,3)="214",LEFT(B78,3)="229",LEFT(B78,3)="419",AND(LEFT(B78,3)="421",F78<0)),-1,1)*J78 -> 0
A79: 100.140.141 | B79: 1567 | C79: N | D79: Hàng hóa bất động sản | F79: 0 | G79: =SUMIFS(CT!$H$5:$H$143,CT!$D$5:$D$143,DMTK!$B79) -> 0 | H79: =SUMIFS(CT!$H$5:$H$143,CT!$E$5:$E$143,DMTK!$B79) -> 0 | J79: =IF(C79="N",F79+G79-H79,F79+H79-G79) -> 0 | M79: =IF(AND(LEFT(B79,4)="1311",F79<0),"300.310.312",IF(AND(LEFT(B79,3)="138",F79<0),"300.310.319",IF(AND(LEFT(B79,4)="3311",F79<0),"100.130.132",IF(AND(LEFT(B79,3)="333",F79<0),"100.150.153",IF(AND(LEFT(B79,3)="337",F79<0),"100.130.134",A79))))) -> 100.140.141 | N79: =IF(OR(AND(LEFT(B79,4)="1311",F79<0),AND(LEFT(B79,3)="138",F79<0),AND(LEFT(B79,4)="3311",F79<0),AND(LEFT(B79,3)="333",F79<0),AND(LEFT(B79,3)="337",F79<0),LEFT(B79,3)="214",LEFT(B79,3)="229",LEFT(B79,3)="419",AND(LEFT(B79,3)="421",F79<0)),-1,1)*F79 -> 0 | O79: =IF(AND(LEFT(B79,4)="1311",J79<0),"300.310.312",IF(AND(LEFT(B79,3)="138",J79<0),"300.310.319",IF(AND(LEFT(B79,4)="3311",J79<0),"100.130.132",IF(AND(LEFT(B79,3)="333",J79<0),"100.150.153",IF(AND(LEFT(B79,3)="337",J79<0),"100.130.134",A79))))) -> 100.140.141 | P79: =IF(OR(AND(LEFT(B79,4)="1311",J79<0),AND(LEFT(B79,3)="138",J79<0),AND(LEFT(B79,4)="3311",J79<0),AND(LEFT(B79,3)="333",J79<0),AND(LEFT(B79,3)="337",J79<0),LEFT(B79,3)="214",LEFT(B79,3)="229",LEFT(B79,3)="419",AND(LEFT(B79,3)="421",F79<0)),-1,1)*J79 -> 0
A80: 100.140.141 | B80: 157 | C80: N | D80: Hàng gửi đi bán | F80: 0 | G80: =SUMIFS(CT!$H$5:$H$143,CT!$D$5:$D$143,DMTK!$B80) -> 0 | H80: =SUMIFS(CT!$H$5:$H$143,CT!$E$5:$E$143,DMTK!$B80) -> 0 | J80: =IF(C80="N",F80+G80-H80,F80+H80-G80) -> 0 | M80: =IF(AND(LEFT(B80,4)="1311",F80<0),"300.310.312",IF(AND(LEFT(B80,3)="138",F80<0),"300.310.319",IF(AND(LEFT(B80,4)="3311",F80<0),"100.130.132",IF(AND(LEFT(B80,3)="333",F80<0),"100.150.153",IF(AND(LEFT(B80,3)="337",F80<0),"100.130.134",A80))))) -> 100.140.141 | N80: =IF(OR(AND(LEFT(B80,4)="1311",F80<0),AND(LEFT(B80,3)="138",F80<0),AND(LEFT(B80,4)="3311",F80<0),AND(LEFT(B80,3)="333",F80<0),AND(LEFT(B80,3)="337",F80<0),LEFT(B80,3)="214",LEFT(B80,3)="229",LEFT(B80,3)="419",AND(LEFT(B80,3)="421",F80<0)),-1,1)*F80 -> 0 | O80: =IF(AND(LEFT(B80,4)="1311",J80<0),"300.310.312",IF(AND(LEFT(B80,3)="138",J80<0),"300.310.319",IF(AND(LEFT(B80,4)="3311",J80<0),"100.130.132",IF(AND(LEFT(B80,3)="333",J80<0),"100.150.153",IF(AND(LEFT(B80,3)="337",J80<0),"100.130.134",A80))))) -> 100.140.141 | P80: =IF(OR(AND(LEFT(B80,4)="1311",J80<0),AND(LEFT(B80,3)="138",J80<0),AND(LEFT(B80,4)="3311",J80<0),AND(LEFT(B80,3)="333",J80<0),AND(LEFT(B80,3)="337",J80<0),LEFT(B80,3)="214",LEFT(B80,3)="229",LEFT(B80,3)="419",AND(LEFT(B80,3)="421",F80<0)),-1,1)*J80 -> 0
A81: 100.140.141 | B81: 158 | C81: N | D81: Hàng hóa kho bảo thuế | G81: =SUMIFS(CT!$H$5:$H$143,CT!$D$5:$D$143,DMTK!$B81) -> 0 | H81: =SUMIFS(CT!$H$5:$H$143,CT!$E$5:$E$143,DMTK!$B81) -> 0 | J81: =IF(C81="N",F81+G81-H81,F81+H81-G81) -> 0 | M81: =IF(AND(LEFT(B81,4)="1311",F81<0),"300.310.312",IF(AND(LEFT(B81,3)="138",F81<0),"300.310.319",IF(AND(LEFT(B81,4)="3311",F81<0),"100.130.132",IF(AND(LEFT(B81,3)="333",F81<0),"100.150.153",IF(AND(LEFT(B81,3)="337",F81<0),"100.130.134",A81))))) -> 100.140.141 | N81: =IF(OR(AND(LEFT(B81,4)="1311",F81<0),AND(LEFT(B81,3)="138",F81<0),AND(LEFT(B81,4)="3311",F81<0),AND(LEFT(B81,3)="333",F81<0),AND(LEFT(B81,3)="337",F81<0),LEFT(B81,3)="214",LEFT(B81,3)="229",LEFT(B81,3)="419",AND(LEFT(B81,3)="421",F81<0)),-1,1)*F81 -> 0 | O81: =IF(AND(LEFT(B81,4)="1311",J81<0),"300.310.312",IF(AND(LEFT(B81,3)="138",J81<0),"300.310.319",IF(AND(LEFT(B81,4)="3311",J81<0),"100.130.132",IF(AND(LEFT(B81,3)="333",J81<0),"100.150.153",IF(AND(LEFT(B81,3)="337",J81<0),"100.130.134",A81))))) -> 100.140.141 | P81: =IF(OR(AND(LEFT(B81,4)="1311",J81<0),AND(LEFT(B81,3)="138",J81<0),AND(LEFT(B81,4)="3311",J81<0),AND(LEFT(B81,3)="333",J81<0),AND(LEFT(B81,3)="337",J81<0),LEFT(B81,3)="214",LEFT(B81,3)="229",LEFT(B81,3)="419",AND(LEFT(B81,3)="421",F81<0)),-1,1)*J81 -> 0
A82: 400.430.432 | B82: 1611 | C82: N | D82: Chi sự nghiệp năm trước | F82: 0 | G82: =SUMIFS(CT!$H$5:$H$143,CT!$D$5:$D$143,DMTK!$B82) -> 0 | H82: =SUMIFS(CT!$H$5:$H$143,CT!$E$5:$E$143,DMTK!$B82) -> 0 | J82: =IF(C82="N",F82+G82-H82,F82+H82-G82) -> 0 | M82: =IF(AND(LEFT(B82,4)="1311",F82<0),"300.310.312",IF(AND(LEFT(B82,3)="138",F82<0),"300.310.319",IF(AND(LEFT(B82,4)="3311",F82<0),"100.130.132",IF(AND(LEFT(B82,3)="333",F82<0),"100.150.153",IF(AND(LEFT(B82,3)="337",F82<0),"100.130.134",A82))))) -> 400.430.432 | N82: =IF(OR(AND(LEFT(B82,4)="1311",F82<0),AND(LEFT(B82,3)="138",F82<0),AND(LEFT(B82,4)="3311",F82<0),AND(LEFT(B82,3)="333",F82<0),AND(LEFT(B82,3)="337",F82<0),LEFT(B82,3)="214",LEFT(B82,3)="229",LEFT(B82,3)="419",AND(LEFT(B82,3)="421",F82<0)),-1,1)*F82 -> 0 | O82: =IF(AND(LEFT(B82,4)="1311",J82<0),"300.310.312",IF(AND(LEFT(B82,3)="138",J82<0),"300.310.319",IF(AND(LEFT(B82,4)="3311",J82<0),"100.130.132",IF(AND(LEFT(B82,3)="333",J82<0),"100.150.153",IF(AND(LEFT(B82,3)="337",J82<0),"100.130.134",A82))))) -> 400.430.432 | P82: =IF(OR(AND(LEFT(B82,4)="1311",J82<0),AND(LEFT(B82,3)="138",J82<0),AND(LEFT(B82,4)="3311",J82<0),AND(LEFT(B82,3)="333",J82<0),AND(LEFT(B82,3)="337",J82<0),LEFT(B82,3)="214",LEFT(B82,3)="229",LEFT(B82,3)="419",AND(LEFT(B82,3)="421",F82<0)),-1,1)*J82 -> 0
A83: 400.430.432 | B83: 1612 | C83: N | D83: Chi sự nghiệp năm nay | F83: 0 | G83: =SUMIFS(CT!$H$5:$H$143,CT!$D$5:$D$143,DMTK!$B83) -> 0 | H83: =SUMIFS(CT!$H$5:$H$143,CT!$E$5:$E$143,DMTK!$B83) -> 0 | J83: =IF(C83="N",F83+G83-H83,F83+H83-G83) -> 0 | M83: =IF(AND(LEFT(B83,4)="1311",F83<0),"300.310.312",IF(AND(LEFT(B83,3)="138",F83<0),"300.310.319",IF(AND(LEFT(B83,4)="3311",F83<0),"100.130.132",IF(AND(LEFT(B83,3)="333",F83<0),"100.150.153",IF(AND(LEFT(B83,3)="337",F83<0),"100.130.134",A83))))) -> 400.430.432 | N83: =IF(OR(AND(LEFT(B83,4)="1311",F83<0),AND(LEFT(B83,3)="138",F83<0),AND(LEFT(B83,4)="3311",F83<0),AND(LEFT(B83,3)="333",F83<0),AND(LEFT(B83,3)="337",F83<0),LEFT(B83,3)="214",LEFT(B83,3)="229",LEFT(B83,3)="419",AND(LEFT(B83,3)="421",F83<0)),-1,1)*F83 -> 0 | O83: =IF(AND(LEFT(B83,4)="1311",J83<0),"300.310.312",IF(AND(LEFT(B83,3)="138",J83<0),"300.310.319",IF(AND(LEFT(B83,4)="3311",J83<0),"100.130.132",IF(AND(LEFT(B83,3)="333",J83<0),"100.150.153",IF(AND(LEFT(B83,3)="337",J83<0),"100.130.134",A83))))) -> 400.430.432 | P83: =IF(OR(AND(LEFT(B83,4)="1311",J83<0),AND(LEFT(B83,3)="138",J83<0),AND(LEFT(B83,4)="3311",J83<0),AND(LEFT(B83,3)="333",J83<0),AND(LEFT(B83,3)="337",J83<0),LEFT(B83,3)="214",LEFT(B83,3)="229",LEFT(B83,3)="419",AND(LEFT(B83,3)="421",F83<0)),-1,1)*J83 -> 0
A84: 100.150.154 | B84: 171 | C84: N | D84: Giao dịch mua bán lại trái phiếu chính phủ | G84: =SUMIFS(CT!$H$5:$H$143,CT!$D$5:$D$143,DMTK!$B84) -> 0 | H84: =SUMIFS(CT!$H$5:$H$143,CT!$E$5:$E$143,DMTK!$B84) -> 0 | J84: =IF(C84="N",F84+G84-H84,F84+H84-G84) -> 0 | M84: =IF(AND(LEFT(B84,4)="1311",F84<0),"300.310.312",IF(AND(LEFT(B84,3)="138",F84<0),"300.310.319",IF(AND(LEFT(B84,4)="3311",F84<0),"100.130.132",IF(AND(LEFT(B84,3)="333",F84<0),"100.150.153",IF(AND(LEFT(B84,3)="337",F84<0),"100.130.134",A84))))) -> 100.150.154 | N84: =IF(OR(AND(LEFT(B84,4)="1311",F84<0),AND(LEFT(B84,3)="138",F84<0),AND(LEFT(B84,4)="3311",F84<0),AND(LEFT(B84,3)="333",F84<0),AND(LEFT(B84,3)="337",F84<0),LEFT(B84,3)="214",LEFT(B84,3)="229",LEFT(B84,3)="419",AND(LEFT(B84,3)="421",F84<0)),-1,1)*F84 -> 0 | O84: =IF(AND(LEFT(B84,4)="1311",J84<0),"300.310.312",IF(AND(LEFT(B84,3)="138",J84<0),"300.310.319",IF(AND(LEFT(B84,4)="3311",J84<0),"100.130.132",IF(AND(LEFT(B84,3)="333",J84<0),"100.150.153",IF(AND(LEFT(B84,3)="337",J84<0),"100.130.134",A84))))) -> 100.150.154 | P84: =IF(OR(AND(LEFT(B84,4)="1311",J84<0),AND(LEFT(B84,3)="138",J84<0),AND(LEFT(B84,4)="3311",J84<0),AND(LEFT(B84,3)="333",J84<0),AND(LEFT(B84,3)="337",J84<0),LEFT(B84,3)="214",LEFT(B84,3)="229",LEFT(B84,3)="419",AND(LEFT(B84,3)="421",F84<0)),-1,1)*J84 -> 0
A85: 200.220.221.222 | B85: 2111 | C85: N | D85: Nhà cửa, vật kiến trúc | F85: 200000000 | G85: =SUMIFS(CT!$H$5:$H$143,CT!$D$5:$D$143,DMTK!$B85) -> 0 | H85: =SUMIFS(CT!$H$5:$H$143,CT!$E$5:$E$143,DMTK!$B85) -> 0 | J85: =IF(C85="N",F85+G85-H85,F85+H85-G85) -> 200000000 | M85: =IF(AND(LEFT(B85,4)="1311",F85<0),"300.310.312",IF(AND(LEFT(B85,3)="138",F85<0),"300.310.319",IF(AND(LEFT(B85,4)="3311",F85<0),"100.130.132",IF(AND(LEFT(B85,3)="333",F85<0),"100.150.153",IF(AND(LEFT(B85,3)="337",F85<0),"100.130.134",A85))))) -> 200.220.221.222 | N85: =IF(OR(AND(LEFT(B85,4)="1311",F85<0),AND(LEFT(B85,3)="138",F85<0),AND(LEFT(B85,4)="3311",F85<0),AND(LEFT(B85,3)="333",F85<0),AND(LEFT(B85,3)="337",F85<0),LEFT(B85,3)="214",LEFT(B85,3)="229",LEFT(B85,3)="419",AND(LEFT(B85,3)="421",F85<0)),-1,1)*F85 -> 200000000 | O85: =IF(AND(LEFT(B85,4)="1311",J85<0),"300.310.312",IF(AND(LEFT(B85,3)="138",J85<0),"300.310.319",IF(AND(LEFT(B85,4)="3311",J85<0),"100.130.132",IF(AND(LEFT(B85,3)="333",J85<0),"100.150.153",IF(AND(LEFT(B85,3)="337",J85<0),"100.130.134",A85))))) -> 200.220.221.222 | P85: =IF(OR(AND(LEFT(B85,4)="1311",J85<0),AND(LEFT(B85,3)="138",J85<0),AND(LEFT(B85,4)="3311",J85<0),AND(LEFT(B85,3)="333",J85<0),AND(LEFT(B85,3)="337",J85<0),LEFT(B85,3)="214",LEFT(B85,3)="229",LEFT(B85,3)="419",AND(LEFT(B85,3)="421",F85<0)),-1,1)*J85 -> 200000000
A86: 200.220.221.222 | B86: 2112.02 | C86: N | D86: Máy cắt phôi HITACHI | F86: 188000000 | G86: =SUMIFS(CT!$H$5:$H$143,CT!$D$5:$D$143,DMTK!$B86) -> 0 | H86: =SUMIFS(CT!$H$5:$H$143,CT!$E$5:$E$143,DMTK!$B86) -> 0 | J86: =IF(C86="N",F86+G86-H86,F86+H86-G86) -> 188000000 | M86: =IF(AND(LEFT(B86,4)="1311",F86<0),"300.310.312",IF(AND(LEFT(B86,3)="138",F86<0),"300.310.319",IF(AND(LEFT(B86,4)="3311",F86<0),"100.130.132",IF(AND(LEFT(B86,3)="333",F86<0),"100.150.153",IF(AND(LEFT(B86,3)="337",F86<0),"100.130.134",A86))))) -> 200.220.221.222 | N86: =IF(OR(AND(LEFT(B86,4)="1311",F86<0),AND(LEFT(B86,3)="138",F86<0),AND(LEFT(B86,4)="3311",F86<0),AND(LEFT(B86,3)="333",F86<0),AND(LEFT(B86,3)="337",F86<0),LEFT(B86,3)="214",LEFT(B86,3)="229",LEFT(B86,3)="419",AND(LEFT(B86,3)="421",F86<0)),-1,1)*F86 -> 188000000 | O86: =IF(AND(LEFT(B86,4)="1311",J86<0),"300.310.312",IF(AND(LEFT(B86,3)="138",J86<0),"300.310.319",IF(AND(LEFT(B86,4)="3311",J86<0),"100.130.132",IF(AND(LEFT(B86,3)="333",J86<0),"100.150.153",IF(AND(LEFT(B86,3)="337",J86<0),"100.130.134",A86))))) -> 200.220.221.222 | P86: =IF(OR(AND(LEFT(B86,4)="1311",J86<0),AND(LEFT(B86,3)="138",J86<0),AND(LEFT(B86,4)="3311",J86<0),AND(LEFT(B86,3)="333",J86<0),AND(LEFT(B86,3)="337",J86<0),LEFT(B86,3)="214",LEFT(B86,3)="229",LEFT(B86,3)="419",AND(LEFT(B86,3)="421",F86<0)),-1,1)*J86 -> 188000000
A87: 200.220.221.222 | B87: 2112.03 | C87: N | D87: Máy phun xi HITACHI | F87: 150000000 | G87: =SUMIFS(CT!$H$5:$H$143,CT!$D$5:$D$143,DMTK!$B87) -> 0 | H87: =SUMIFS(CT!$H$5:$H$143,CT!$E$5:$E$143,DMTK!$B87) -> 0 | J87: =IF(C87="N",F87+G87-H87,F87+H87-G87) -> 150000000 | M87: =IF(AND(LEFT(B87,4)="1311",F87<0),"300.310.312",IF(AND(LEFT(B87,3)="138",F87<0),"300.310.319",IF(AND(LEFT(B87,4)="3311",F87<0),"100.130.132",IF(AND(LEFT(B87,3)="333",F87<0),"100.150.153",IF(AND(LEFT(B87,3)="337",F87<0),"100.130.134",A87))))) -> 200.220.221.222 | N87: =IF(OR(AND(LEFT(B87,4)="1311",F87<0),AND(LEFT(B87,3)="138",F87<0),AND(LEFT(B87,4)="3311",F87<0),AND(LEFT(B87,3)="333",F87<0),AND(LEFT(B87,3)="337",F87<0),LEFT(B87,3)="214",LEFT(B87,3)="229",LEFT(B87,3)="419",AND(LEFT(B87,3)="421",F87<0)),-1,1)*F87 -> 150000000 | O87: =IF(AND(LEFT(B87,4)="1311",J87<0),"300.310.312",IF(AND(LEFT(B87,3)="138",J87<0),"300.310.319",IF(AND(LEFT(B87,4)="3311",J87<0),"100.130.132",IF(AND(LEFT(B87,3)="333",J87<0),"100.150.153",IF(AND(LEFT(B87,3)="337",J87<0),"100.130.134",A87))))) -> 200.220.221.222 | P87: =IF(OR(AND(LEFT(B87,4)="1311",J87<0),AND(LEFT(B87,3)="138",J87<0),AND(LEFT(B87,4)="3311",J87<0),AND(LEFT(B87,3)="333",J87<0),AND(LEFT(B87,3)="337",J87<0),LEFT(B87,3)="214",LEFT(B87,3)="229",LEFT(B87,3)="419",AND(LEFT(B87,3)="421",F87<0)),-1,1)*J87 -> 150000000
A88: 200.220.221.222 | B88: 2112.04 | C88: N | D88: Máy xẻ gỗ | F88: 0 | G88: =SUMIFS(CT!$H$5:$H$143,CT!$D$5:$D$143,DMTK!$B88) -> 140000000 | H88: =SUMIFS(CT!$H$5:$H$143,CT!$E$5:$E$143,DMTK!$B88) -> 0 | J88: =IF(C88="N",F88+G88-H88,F88+H88-G88) -> 140000000 | M88: =IF(AND(LEFT(B88,4)="1311",F88<0),"300.310.312",IF(AND(LEFT(B88,3)="138",F88<0),"300.310.319",IF(AND(LEFT(B88,4)="3311",F88<0),"100.130.132",IF(AND(LEFT(B88,3)="333",F88<0),"100.150.153",IF(AND(LEFT(B88,3)="337",F88<0),"100.130.134",A88))))) -> 200.220.221.222 | N88: =IF(OR(AND(LEFT(B88,4)="1311",F88<0),AND(LEFT(B88,3)="138",F88<0),AND(LEFT(B88,4)="3311",F88<0),AND(LEFT(B88,3)="333",F88<0),AND(LEFT(B88,3)="337",F88<0),LEFT(B88,3)="214",LEFT(B88,3)="229",LEFT(B88,3)="419",AND(LEFT(B88,3)="421",F88<0)),-1,1)*F88 -> 0 | O88: =IF(AND(LEFT(B88,4)="1311",J88<0),"300.310.312",IF(AND(LEFT(B88,3)="138",J88<0),"300.310.319",IF(AND(LEFT(B88,4)="3311",J88<0),"100.130.132",IF(AND(LEFT(B88,3)="333",J88<0),"100.150.153",IF(AND(LEFT(B88,3)="337",J88<0),"100.130.134",A88))))) -> 200.220.221.222 | P88: =IF(OR(AND(LEFT(B88,4)="1311",J88<0),AND(LEFT(B88,3)="138",J88<0),AND(LEFT(B88,4)="3311",J88<0),AND(LEFT(B88,3)="333",J88<0),AND(LEFT(B88,3)="337",J88<0),LEFT(B88,3)="214",LEFT(B88,3)="229",LEFT(B88,3)="419",AND(LEFT(B88,3)="421",F88<0)),-1,1)*J88 -> 140000000
A89: 200.220.221.222 | B89: 2113 | C89: N | D89: Phương tiện vận tải, truyền dẫn | F89: 220000000 | G89: =SUMIFS(CT!$H$5:$H$143,CT!$D$5:$D$143,DMTK!$B89) -> 0 | H89: =SUMIFS(CT!$H$5:$H$143,CT!$E$5:$E$143,DMTK!$B89) -> 0 | J89: =IF(C89="N",F89+G89-H89,F89+H89-G89) -> 220000000 | M89: =IF(AND(LEFT(B89,4)="1311",F89<0),"300.310.312",IF(AND(LEFT(B89,3)="138",F89<0),"300.310.319",IF(AND(LEFT(B89,4)="3311",F89<0),"100.130.132",IF(AND(LEFT(B89,3)="333",F89<0),"100.150.153",IF(AND(LEFT(B89,3)="337",F89<0),"100.130.134",A89))))) -> 200.220.221.222 | N89: =IF(OR(AND(LEFT(B89,4)="1311",F89<0),AND(LEFT(B89,3)="138",F89<0),AND(LEFT(B89,4)="3311",F89<0),AND(LEFT(B89,3)="333",F89<0),AND(LEFT(B89,3)="337",F89<0),LEFT(B89,3)="214",LEFT(B89,3)="229",LEFT(B89,3)="419",AND(LEFT(B89,3)="421",F89<0)),-1,1)*F89 -> 220000000 | O89: =IF(AND(LEFT(B89,4)="1311",J89<0),"300.310.312",IF(AND(LEFT(B89,3)="138",J89<0),"300.310.319",IF(AND(LEFT(B89,4)="3311",J89<0),"100.130.132",IF(AND(LEFT(B89,3)="333",J89<0),"100.150.153",IF(AND(LEFT(B89,3)="337",J89<0),"100.130.134",A89))))) -> 200.220.221.222 | P89: =IF(OR(AND(LEFT(B89,4)="1311",J89<0),AND(LEFT(B89,3)="138",J89<0),AND(LEFT(B89,4)="3311",J89<0),AND(LEFT(B89,3)="333",J89<0),AND(LEFT(B89,3)="337",J89<0),LEFT(B89,3)="214",LEFT(B89,3)="229",LEFT(B89,3)="419",AND(LEFT(B89,3)="421",F89<0)),-1,1)*J89 -> 220000000
A90: 200.220.221.222 | B90: 2114.01 | C90: N | D90: Máy vi tính | F90: 50779000 | G90: =SUMIFS(CT!$H$5:$H$143,CT!$D$5:$D$143,DMTK!$B90) -> 0 | H90: =SUMIFS(CT!$H$5:$H$143,CT!$E$5:$E$143,DMTK!$B90) -> 0 | J90: =IF(C90="N",F90+G90-H90,F90+H90-G90) -> 50779000 | M90: =IF(AND(LEFT(B90,4)="1311",F90<0),"300.310.312",IF(AND(LEFT(B90,3)="138",F90<0),"300.310.319",IF(AND(LEFT(B90,4)="3311",F90<0),"100.130.132",IF(AND(LEFT(B90,3)="333",F90<0),"100.150.153",IF(AND(LEFT(B90,3)="337",F90<0),"100.130.134",A90))))) -> 200.220.221.222 | N90: =IF(OR(AND(LEFT(B90,4)="1311",F90<0),AND(LEFT(B90,3)="138",F90<0),AND(LEFT(B90,4)="3311",F90<0),AND(LEFT(B90,3)="333",F90<0),AND(LEFT(B90,3)="337",F90<0),LEFT(B90,3)="214",LEFT(B90,3)="229",LEFT(B90,3)="419",AND(LEFT(B90,3)="421",F90<0)),-1,1)*F90 -> 50779000 | O90: =IF(AND(LEFT(B90,4)="1311",J90<0),"300.310.312",IF(AND(LEFT(B90,3)="138",J90<0),"300.310.319",IF(AND(LEFT(B90,4)="3311",J90<0),"100.130.132",IF(AND(LEFT(B90,3)="333",J90<0),"100.150.153",IF(AND(LEFT(B90,3)="337",J90<0),"100.130.134",A90))))) -> 200.220.221.222 | P90: =IF(OR(AND(LEFT(B90,4)="1311",J90<0),AND(LEFT(B90,3)="138",J90<0),AND(LEFT(B90,4)="3311",J90<0),AND(LEFT(B90,3)="333",J90<0),AND(LEFT(B90,3)="337",J90<0),LEFT(B90,3)="214",LEFT(B90,3)="229",LEFT(B90,3)="419",AND(LEFT(B90,3)="421",F90<0)),-1,1)*J90 -> 50779000
A91: 200.220.221.222 | B91: 2114.02 | C91: N | D91: Máy photocopy | F91: 125000000 | G91: =SUMIFS(CT!$H$5:$H$143,CT!$D$5:$D$143,DMTK!$B91) -> 0 | H91: =SUMIFS(CT!$H$5:$H$143,CT!$E$5:$E$143,DMTK!$B91) -> 0 | J91: =IF(C91="N",F91+G91-H91,F91+H91-G91) -> 125000000 | M91: =IF(AND(LEFT(B91,4)="1311",F91<0),"300.310.312",IF(AND(LEFT(B91,3)="138",F91<0),"300.310.319",IF(AND(LEFT(B91,4)="3311",F91<0),"100.130.132",IF(AND(LEFT(B91,3)="333",F91<0),"100.150.153",IF(AND(LEFT(B91,3)="337",F91<0),"100.130.134",A91))))) -> 200.220.221.222 | N91: =IF(OR(AND(LEFT(B91,4)="1311",F91<0),AND(LEFT(B91,3)="138",F91<0),AND(LEFT(B91,4)="3311",F91<0),AND(LEFT(B91,3)="333",F91<0),AND(LEFT(B91,3)="337",F91<0),LEFT(B91,3)="214",LEFT(B91,3)="229",LEFT(B91,3)="419",AND(LEFT(B91,3)="421",F91<0)),-1,1)*F91 -> 125000000 | O91: =IF(AND(LEFT(B91,4)="1311",J91<0),"300.310.312",IF(AND(LEFT(B91,3)="138",J91<0),"300.310.319",IF(AND(LEFT(B91,4)="3311",J91<0),"100.130.132",IF(AND(LEFT(B91,3)="333",J91<0),"100.150.153",IF(AND(LEFT(B91,3)="337",J91<0),"100.130.134",A91))))) -> 200.220.221.222 | P91: =IF(OR(AND(LEFT(B91,4)="1311",J91<0),AND(LEFT(B91,3)="138",J91<0),AND(LEFT(B91,4)="3311",J91<0),AND(LEFT(B91,3)="333",J91<0),AND(LEFT(B91,3)="337",J91<0),LEFT(B91,3)="214",LEFT(B91,3)="229",LEFT(B91,3)="419",AND(LEFT(B91,3)="421",F91<0)),-1,1)*J91 -> 125000000
A92: 200.220.221.222 | B92: 2118 | C92: N | D92: TSCĐ khác | F92: 0 | G92: =SUMIFS(CT!$H$5:$H$143,CT!$D$5:$D$143,DMTK!$B92) -> 0 | H92: =SUMIFS(CT!$H$5:$H$143,CT!$E$5:$E$143,DMTK!$B92) -> 0 | J92: =IF(C92="N",F92+G92-H92,F92+H92-G92) -> 0 | M92: =IF(AND(LEFT(B92,4)="1311",F92<0),"300.310.312",IF(AND(LEFT(B92,3)="138",F92<0),"300.310.319",IF(AND(LEFT(B92,4)="3311",F92<0),"100.130.132",IF(AND(LEFT(B92,3)="333",F92<0),"100.150.153",IF(AND(LEFT(B92,3)="337",F92<0),"100.130.134",A92))))) -> 200.220.221.222 | N92: =IF(OR(AND(LEFT(B92,4)="1311",F92<0),AND(LEFT(B92,3)="138",F92<0),AND(LEFT(B92,4)="3311",F92<0),AND(LEFT(B92,3)="333",F92<0),AND(LEFT(B92,3)="337",F92<0),LEFT(B92,3)="214",LEFT(B92,3)="229",LEFT(B92,3)="419",AND(LEFT(B92,3)="421",F92<0)),-1,1)*F92 -> 0 | O92: =IF(AND(LEFT(B92,4)="1311",J92<0),"300.310.312",IF(AND(LEFT(B92,3)="138",J92<0),"300.310.319",IF(AND(LEFT(B92,4)="3311",J92<0),"100.130.132",IF(AND(LEFT(B92,3)="333",J92<0),"100.150.153",IF(AND(LEFT(B92,3)="337",J92<0),"100.130.134",A92))))) -> 200.220.221.222 | P92: =IF(OR(AND(LEFT(B92,4)="1311",J92<0),AND(LEFT(B92,3)="138",J92<0),AND(LEFT(B92,4)="3311",J92<0),AND(LEFT(B92,3)="333",J92<0),AND(LEFT(B92,3)="337",J92<0),LEFT(B92,3)="214",LEFT(B92,3)="229",LEFT(B92,3)="419",AND(LEFT(B92,3)="421",F92<0)),-1,1)*J92 -> 0
A93: 200.220.221.223 | B93: 2141 | C93: C | D93: Hao mòn TSCĐ hữu hình | F93: 90000000 | G93: =SUMIFS(CT!$H$5:$H$143,CT!$D$5:$D$143,DMTK!$B93) -> 0 | H93: =SUMIFS(CT!$H$5:$H$143,CT!$E$5:$E$143,DMTK!$B93) -> 2124999 | J93: =IF(C93="N",F93+G93-H93,F93+H93-G93) -> 92124999 | M93: =IF(AND(LEFT(B93,4)="1311",F93<0),"300.310.312",IF(AND(LEFT(B93,3)="138",F93<0),"300.310.319",IF(AND(LEFT(B93,4)="3311",F93<0),"100.130.132",IF(AND(LEFT(B93,3)="333",F93<0),"100.150.153",IF(AND(LEFT(B93,3)="337",F93<0),"100.130.134",A93))))) -> 200.220.221.223 | N93: =IF(OR(AND(LEFT(B93,4)="1311",F93<0),AND(LEFT(B93,3)="138",F93<0),AND(LEFT(B93,4)="3311",F93<0),AND(LEFT(B93,3)="333",F93<0),AND(LEFT(B93,3)="337",F93<0),LEFT(B93,3)="214",LEFT(B93,3)="229",LEFT(B93,3)="419",AND(LEFT(B93,3)="421",F93<0)),-1,1)*F93 -> -90000000 | O93: =IF(AND(LEFT(B93,4)="1311",J93<0),"300.310.312",IF(AND(LEFT(B93,3)="138",J93<0),"300.310.319",IF(AND(LEFT(B93,4)="3311",J93<0),"100.130.132",IF(AND(LEFT(B93,3)="333",J93<0),"100.150.153",IF(AND(LEFT(B93,3)="337",J93<0),"100.130.134",A93))))) -> 200.220.221.223 | P93: =IF(OR(AND(LEFT(B93,4)="1311",J93<0),AND(LEFT(B93,3)="138",J93<0),AND(LEFT(B93,4)="3311",J93<0),AND(LEFT(B93,3)="333",J93<0),AND(LEFT(B93,3)="337",J93<0),LEFT(B93,3)="214",LEFT(B93,3)="229",LEFT(B93,3)="419",AND(LEFT(B93,3)="421",F93<0)),-1,1)*J93 -> -92124999
A94: 200.230.232 | B94: 2147 | C94: C | D94: Hao mòn bất động sản đầu tư | G94: =SUMIFS(CT!$H$5:$H$143,CT!$D$5:$D$143,DMTK!$B94) -> 0 | H94: =SUMIFS(CT!$H$5:$H$143,CT!$E$5:$E$143,DMTK!$B94) -> 0 | J94: =IF(C94="N",F94+G94-H94,F94+H94-G94) -> 0 | M94: =IF(AND(LEFT(B94,4)="1311",F94<0),"300.310.312",IF(AND(LEFT(B94,3)="138",F94<0),"300.310.319",IF(AND(LEFT(B94,4)="3311",F94<0),"100.130.132",IF(AND(LEFT(B94,3)="333",F94<0),"100.150.153",IF(AND(LEFT(B94,3)="337",F94<0),"100.130.134",A94))))) -> 200.230.232 | N94: =IF(OR(AND(LEFT(B94,4)="1311",F94<0),AND(LEFT(B94,3)="138",F94<0),AND(LEFT(B94,4)="3311",F94<0),AND(LEFT(B94,3)="333",F94<0),AND(LEFT(B94,3)="337",F94<0),LEFT(B94,3)="214",LEFT(B94,3)="229",LEFT(B94,3)="419",AND(LEFT(B94,3)="421",F94<0)),-1,1)*F94 -> 0 | O94: =IF(AND(LEFT(B94,4)="1311",J94<0),"300.310.312",IF(AND(LEFT(B94,3)="138",J94<0),"300.310.319",IF(AND(LEFT(B94,4)="3311",J94<0),"100.130.132",IF(AND(LEFT(B94,3)="333",J94<0),"100.150.153",IF(AND(LEFT(B94,3)="337",J94<0),"100.130.134",A94))))) -> 200.230.232 | P94: =IF(OR(AND(LEFT(B94,4)="1311",J94<0),AND(LEFT(B94,3)="138",J94<0),AND(LEFT(B94,4)="3311",J94<0),AND(LEFT(B94,3)="333",J94<0),AND(LEFT(B94,3)="337",J94<0),LEFT(B94,3)="214",LEFT(B94,3)="229",LEFT(B94,3)="419",AND(LEFT(B94,3)="421",F94<0)),-1,1)*J94 -> 0
A95: 200.230.231 | B95: 217 | C95: N | D95: Bất động sản đầu tư | F95: 0 | G95: =SUMIFS(CT!$H$5:$H$143,CT!$D$5:$D$143,DMTK!$B95) -> 0 | H95: =SUMIFS(CT!$H$5:$H$143,CT!$E$5:$E$143,DMTK!$B95) -> 0 | J95: =IF(C95="N",F95+G95-H95,F95+H95-G95) -> 0 | M95: =IF(AND(LEFT(B95,4)="1311",F95<0),"300.310.312",IF(AND(LEFT(B95,3)="138",F95<0),"300.310.319",IF(AND(LEFT(B95,4)="3311",F95<0),"100.130.132",IF(AND(LEFT(B95,3)="333",F95<0),"100.150.153",IF(AND(LEFT(B95,3)="337",F95<0),"100.130.134",A95))))) -> 200.230.231 | N95: =IF(OR(AND(LEFT(B95,4)="1311",F95<0),AND(LEFT(B95,3)="138",F95<0),AND(LEFT(B95,4)="3311",F95<0),AND(LEFT(B95,3)="333",F95<0),AND(LEFT(B95,3)="337",F95<0),LEFT(B95,3)="214",LEFT(B95,3)="229",LEFT(B95,3)="419",AND(LEFT(B95,3)="421",F95<0)),-1,1)*F95 -> 0 | O95: =IF(AND(LEFT(B95,4)="1311",J95<0),"300.310.312",IF(AND(LEFT(B95,3)="138",J95<0),"300.310.319",IF(AND(LEFT(B95,4)="3311",J95<0),"100.130.132",IF(AND(LEFT(B95,3)="333",J95<0),"100.150.153",IF(AND(LEFT(B95,3)="337",J95<0),"100.130.134",A95))))) -> 200.230.231 | P95: =IF(OR(AND(LEFT(B95,4)="1311",J95<0),AND(LEFT(B95,3)="138",J95<0),AND(LEFT(B95,4)="3311",J95<0),AND(LEFT(B95,3)="333",J95<0),AND(LEFT(B95,3)="337",J95<0),LEFT(B95,3)="214",LEFT(B95,3)="229",LEFT(B95,3)="419",AND(LEFT(B95,3)="421",F95<0)),-1,1)*J95 -> 0
A96: 200.250.251 | B96: 221 | C96: N | D96: Đầu tư vào công ty con | F96: 0 | G96: =SUMIFS(CT!$H$5:$H$143,CT!$D$5:$D$143,DMTK!$B96) -> 0 | H96: =SUMIFS(CT!$H$5:$H$143,CT!$E$5:$E$143,DMTK!$B96) -> 0 | J96: =IF(C96="N",F96+G96-H96,F96+H96-G96) -> 0 | M96: =IF(AND(LEFT(B96,4)="1311",F96<0),"300.310.312",IF(AND(LEFT(B96,3)="138",F96<0),"300.310.319",IF(AND(LEFT(B96,4)="3311",F96<0),"100.130.132",IF(AND(LEFT(B96,3)="333",F96<0),"100.150.153",IF(AND(LEFT(B96,3)="337",F96<0),"100.130.134",A96))))) -> 200.250.251 | N96: =IF(OR(AND(LEFT(B96,4)="1311",F96<0),AND(LEFT(B96,3)="138",F96<0),AND(LEFT(B96,4)="3311",F96<0),AND(LEFT(B96,3)="333",F96<0),AND(LEFT(B96,3)="337",F96<0),LEFT(B96,3)="214",LEFT(B96,3)="229",LEFT(B96,3)="419",AND(LEFT(B96,3)="421",F96<0)),-1,1)*F96 -> 0 | O96: =IF(AND(LEFT(B96,4)="1311",J96<0),"300.310.312",IF(AND(LEFT(B96,3)="138",J96<0),"300.310.319",IF(AND(LEFT(B96,4)="3311",J96<0),"100.130.132",IF(AND(LEFT(B96,3)="333",J96<0),"100.150.153",IF(AND(LEFT(B96,3)="337",J96<0),"100.130.134",A96))))) -> 200.250.251 | P96: =IF(OR(AND(LEFT(B96,4)="1311",J96<0),AND(LEFT(B96,3)="138",J96<0),AND(LEFT(B96,4)="3311",J96<0),AND(LEFT(B96,3)="333",J96<0),AND(LEFT(B96,3)="337",J96<0),LEFT(B96,3)="214",LEFT(B96,3)="229",LEFT(B96,3)="419",AND(LEFT(B96,3)="421",F96<0)),-1,1)*J96 -> 0
A97: 200.250.252 | B97: 222 | C97: N | D97: Đầu tư vào công ty liên doanh, liên kết | F97: 26000000 | G97: =SUMIFS(CT!$H$5:$H$143,CT!$D$5:$D$143,DMTK!$B97) -> 0 | H97: =SUMIFS(CT!$H$5:$H$143,CT!$E$5:$E$143,DMTK!$B97) -> 0 | J97: =IF(C97="N",F97+G97-H97,F97+H97-G97) -> 26000000 | M97: =IF(AND(LEFT(B97,4)="1311",F97<0),"300.310.312",IF(AND(LEFT(B97,3)="138",F97<0),"300.310.319",IF(AND(LEFT(B97,4)="3311",F97<0),"100.130.132",IF(AND(LEFT(B97,3)="333",F97<0),"100.150.153",IF(AND(LEFT(B97,3)="337",F97<0),"100.130.134",A97))))) -> 200.250.252 | N97: =IF(OR(AND(LEFT(B97,4)="1311",F97<0),AND(LEFT(B97,3)="138",F97<0),AND(LEFT(B97,4)="3311",F97<0),AND(LEFT(B97,3)="333",F97<0),AND(LEFT(B97,3)="337",F97<0),LEFT(B97,3)="214",LEFT(B97,3)="229",LEFT(B97,3)="419",AND(LEFT(B97,3)="421",F97<0)),-1,1)*F97 -> 26000000 | O97: =IF(AND(LEFT(B97,4)="1311",J97<0),"300.310.312",IF(AND(LEFT(B97,3)="138",J97<0),"300.310.319",IF(AND(LEFT(B97,4)="3311",J97<0),"100.130.132",IF(AND(LEFT(B97,3)="333",J97<0),"100.150.153",IF(AND(LEFT(B97,3)="337",J97<0),"100.130.134",A97))))) -> 200.250.252 | P97: =IF(OR(AND(LEFT(B97,4)="1311",J97<0),AND(LEFT(B97,3)="138",J97<0),AND(LEFT(B97,4)="3311",J97<0),AND(LEFT(B97,3)="333",J97<0),AND(LEFT(B97,3)="337",J97<0),LEFT(B97,3)="214",LEFT(B97,3)="229",LEFT(B97,3)="419",AND(LEFT(B97,3)="421",F97<0)),-1,1)*J97 -> 26000000
A98: 200.250.253 | B98: 2281 | C98: N | D98: Đầu tư góp vốn vào đơn vị khác | F98: 80000000 | G98: =SUMIFS(CT!$H$5:$H$143,CT!$D$5:$D$143,DMTK!$B98) -> 0 | H98: =SUMIFS(CT!$H$5:$H$143,CT!$E$5:$E$143,DMTK!$B98) -> 0 | J98: =IF(C98="N",F98+G98-H98,F98+H98-G98) -> 80000000 | M98: =IF(AND(LEFT(B98,4)="1311",F98<0),"300.310.312",IF(AND(LEFT(B98,3)="138",F98<0),"300.310.319",IF(AND(LEFT(B98,4)="3311",F98<0),"100.130.132",IF(AND(LEFT(B98,3)="333",F98<0),"100.150.153",IF(AND(LEFT(B98,3)="337",F98<0),"100.130.134",A98))))) -> 200.250.253 | N98: =IF(OR(AND(LEFT(B98,4)="1311",F98<0),AND(LEFT(B98,3)="138",F98<0),AND(LEFT(B98,4)="3311",F98<0),AND(LEFT(B98,3)="333",F98<0),AND(LEFT(B98,3)="337",F98<0),LEFT(B98,3)="214",LEFT(B98,3)="229",LEFT(B98,3)="419",AND(LEFT(B98,3)="421",F98<0)),-1,1)*F98 -> 80000000 | O98: =IF(AND(LEFT(B98,4)="1311",J98<0),"300.310.312",IF(AND(LEFT(B98,3)="138",J98<0),"300.310.319",IF(AND(LEFT(B98,4)="3311",J98<0),"100.130.132",IF(AND(LEFT(B98,3)="333",J98<0),"100.150.153",IF(AND(LEFT(B98,3)="337",J98<0),"100.130.134",A98))))) -> 200.250.253 | P98: =IF(OR(AND(LEFT(B98,4)="1311",J98<0),AND(LEFT(B98,3)="138",J98<0),AND(LEFT(B98,4)="3311",J98<0),AND(LEFT(B98,3)="333",J98<0),AND(LEFT(B98,3)="337",J98<0),LEFT(B98,3)="214",LEFT(B98,3)="229",LEFT(B98,3)="419",AND(LEFT(B98,3)="421",F98<0)),-1,1)*J98 -> 80000000
A99: 100.150.155 | B99: 22881 | C99: N | D99: Đầu tư khác | F99: 30000000 | G99: =SUMIFS(CT!$H$5:$H$143,CT!$D$5:$D$143,DMTK!$B99) -> 0 | H99: =SUMIFS(CT!$H$5:$H$143,CT!$E$5:$E$143,DMTK!$B99) -> 0 | J99: =IF(C99="N",F99+G99-H99,F99+H99-G99) -> 30000000 | M99: =IF(AND(LEFT(B99,4)="1311",F99<0),"300.310.312",IF(AND(LEFT(B99,3)="138",F99<0),"300.310.319",IF(AND(LEFT(B99,4)="3311",F99<0),"100.130.132",IF(AND(LEFT(B99,3)="333",F99<0),"100.150.153",IF(AND(LEFT(B99,3)="337",F99<0),"100.130.134",A99))))) -> 100.150.155 | N99: =IF(OR(AND(LEFT(B99,4)="1311",F99<0),AND(LEFT(B99,3)="138",F99<0),AND(LEFT(B99,4)="3311",F99<0),AND(LEFT(B99,3)="333",F99<0),AND(LEFT(B99,3)="337",F99<0),LEFT(B99,3)="214",LEFT(B99,3)="229",LEFT(B99,3)="419",AND(LEFT(B99,3)="421",F99<0)),-1,1)*F99 -> 30000000 | O99: =IF(AND(LEFT(B99,4)="1311",J99<0),"300.310.312",IF(AND(LEFT(B99,3)="138",J99<0),"300.310.319",IF(AND(LEFT(B99,4)="3311",J99<0),"100.130.132",IF(AND(LEFT(B99,3)="333",J99<0),"100.150.153",IF(AND(LEFT(B99,3)="337",J99<0),"100.130.134",A99))))) -> 100.150.155 | P99: =IF(OR(AND(LEFT(B99,4)="1311",J99<0),AND(LEFT(B99,3)="138",J99<0),AND(LEFT(B99,4)="3311",J99<0),AND(LEFT(B99,3)="333",J99<0),AND(LEFT(B99,3)="337",J99<0),LEFT(B99,3)="214",LEFT(B99,3)="229",LEFT(B99,3)="419",AND(LEFT(B99,3)="421",F99<0)),-1,1)*J99 -> 30000000
A100: 100.120.122 | B100: 2291 | C100: C | D100: Dự phòng giảm giá chứng khoán kinh doanh | G100: =SUMIFS(CT!$H$5:$H$143,CT!$D$5:$D$143,DMTK!$B100) -> 0 | H100: =SUMIFS(CT!$H$5:$H$143,CT!$E$5:$E$143,DMTK!$B100) -> 0 | J100: =IF(C100="N",F100+G100-H100,F100+H100-G100) -> 0 | M100: =IF(AND(LEFT(B100,4)="1311",F100<0),"300.310.312",IF(AND(LEFT(B100,3)="138",F100<0),"300.310.319",IF(AND(LEFT(B100,4)="3311",F100<0),"100.130.132",IF(AND(LEFT(B100,3)="333",F100<0),"100.150.153",IF(AND(LEFT(B100,3)="337",F100<0),"100.130.134",A100))))) -> 100.120.122 | N100: =IF(OR(AND(LEFT(B100,4)="1311",F100<0),AND(LEFT(B100,3)="138",F100<0),AND(LEFT(B100,4)="3311",F100<0),AND(LEFT(B100,3)="333",F100<0),AND(LEFT(B100,3)="337",F100<0),LEFT(B100,3)="214",LEFT(B100,3)="229",LEFT(B100,3)="419",AND(LEFT(B100,3)="421",F100<0)),-1,1)*F100 -> 0 | O100: =IF(AND(LEFT(B100,4)="1311",J100<0),"300.310.312",IF(AND(LEFT(B100,3)="138",J100<0),"300.310.319",IF(AND(LEFT(B100,4)="3311",J100<0),"100.130.132",IF(AND(LEFT(B100,3)="333",J100<0),"100.150.153",IF(AND(LEFT(B100,3)="337",J100<0),"100.130.134",A100))))) -> 100.120.122 | P100: =IF(OR(AND(LEFT(B100,4)="1311",J100<0),AND(LEFT(B100,3)="138",J100<0),AND(LEFT(B100,4)="3311",J100<0),AND(LEFT(B100,3)="333",J100<0),AND(LEFT(B100,3)="337",J100<0),LEFT(B100,3)="214",LEFT(B100,3)="229",LEFT(B100,3)="419",AND(LEFT(B100,3)="421",F100<0)),-1,1)*J100 -> 0
A101: 200.250.254 | B101: 2292 | C101: C | D101: Dự phòng tổn thất đầu tư vào đơn vị khác | G101: =SUMIFS(CT!$H$5:$H$143,CT!$D$5:$D$143,DMTK!$B101) -> 0 | H101: =SUMIFS(CT!$H$5:$H$143,CT!$E$5:$E$143,DMTK!$B101) -> 0 | J101: =IF(C101="N",F101+G101-H101,F101+H101-G101) -> 0 | M101: =IF(AND(LEFT(B101,4)="1311",F101<0),"300.310.312",IF(AND(LEFT(B101,3)="138",F101<0),"300.310.319",IF(AND(LEFT(B101,4)="3311",F101<0),"100.130.132",IF(AND(LEFT(B101,3)="333",F101<0),"100.150.153",IF(AND(LEFT(B101,3)="337",F101<0),"100.130.134",A101))))) -> 200.250.254 | N101: =IF(OR(AND(LEFT(B101,4)="1311",F101<0),AND(LEFT(B101,3)="138",F101<0),AND(LEFT(B101,4)="3311",F101<0),AND(LEFT(B101,3)="333",F101<0),AND(LEFT(B101,3)="337",F101<0),LEFT(B101,3)="214",LEFT(B101,3)="229",LEFT(B101,3)="419",AND(LEFT(B101,3)="421",F101<0)),-1,1)*F101 -> 0 | O101: =IF(AND(LEFT(B101,4)="1311",J101<0),"300.310.312",IF(AND(LEFT(B101,3)="138",J101<0),"300.310.319",IF(AND(LEFT(B101,4)="3311",J101<0),"100.130.132",IF(AND(LEFT(B101,3)="333",J101<0),"100.150.153",IF(AND(LEFT(B101,3)="337",J101<0),"100.130.134",A101))))) -> 200.250.254 | P101: =IF(OR(AND(LEFT(B101,4)="1311",J101<0),AND(LEFT(B101,3)="138",J101<0),AND(LEFT(B101,4)="3311",J101<0),AND(LEFT(B101,3)="333",J101<0),AND(LEFT(B101,3)="337",J101<0),LEFT(B101,3)="214",LEFT(B101,3)="229",LEFT(B101,3)="419",AND(LEFT(B101,3)="421",F101<0)),-1,1)*J101 -> 0
...

Sheet CT
A1: SỔ TẬP HỢP NGHIỆP VỤ KẾ TOÁN
A3: NGÀY | B3: SỐCT | C3: DIỄN GIẢI | D3: TKNO | E3: TKCO | F3: SL | G3: ĐƠN GIÁ | H3: SỐ TIỀN | I3: GHI CHÚ
A4: [1] | B4: [2] | C4: [3] | D4: [4] | E4: [5] | F4: [6] | G4: [7] | H4: [8] | I4: [9]
A5: 45293 | B5: 01/PT | C5: Thu nợ lô hàng 200 | D5: 1111 | E5: 1311.03 | H5: 5000000
A6: 45293 | B6: 02/PT | C6: Thu nợ lô hàng 212 | D6: 1111 | E6: 1311.01 | H6: 20000000
A7: 45295 | B7: 01/PC | C7: Chi tạm ứng cho Hồ Sĩ Nhật | D7: 141.0102 | E7: 1111 | H7: 2000000
A8: 45295 | B8: 01/NVL | C8: Thuế GTGT mua gỗ tràm bông vàng | D8: 1331 | E8: 3311.02 | H8: 1125000
A9: 45295 | B9: 01/NVL | C9: Mua gỗ tràm bông vàng | D9: 1521.0102 | E9: 3311.02 | F9: 5 | G9: 4500000 | H9: 22500000
A10: 45296 | B10: 02/PC | C10: Thuế GTGT mua VPP | D10: 1331 | E10: 1111 | H10: 100000
A11: 45296 | B11: 02/PC | C11: Mua VPP cho BPVP | D11: 6428 | E11: 1111 | H11: 1000000
A12: 45301 | B12: 02/NVL | C12: Thuế GTGT mua AC chuối, Dầu thông | D12: 1331 | E12: 3311.01 | H12: 235000
A13: 45301 | B13: 02/NVL | C13: Mua Dầu thông | D13: 1521.0403 | E13: 3311.01 | F13: 100 | G13: 15000 | H13: 1500000
A14: 45301 | B14: 02/NVL | C14: Mua AC chuối | D14: 1521.0401 | E14: 3311.01 | F14: 200 | G14: 16000 | H14: 3200000
A15: 45302 | B15: 03/NVL | C15: Thuế GTGT Nhập kho keo AB | D15: 1331 | E15: 3311.03 | H15: 500000
A16: 45302 | B16: 03/NVL | C16: Nhập kho keo AB | D16: 1521.0301 | E16: 3311.03 | F16: 200 | G16: 25000 | H16: 5000000
A17: 45306 | B17: 01/XVL | C17: Xuất keo ghép sx GTV | D17: 6211.01 | E17: 1521.0302 | F17: 10 | G17: 48000 | H17: 480000
A18: 45306 | B18: 03/PC | C18: Chi lương cho NVBH | D18: 3348.02 | E18: 1111 | H18: 5000000
A19: 45306 | B19: 03/PC | C19: Chi lương cho CB QLDN | D19: 3348.03 | E19: 1111 | H19: 7000000
A20: 45306 | B20: 01/XVL | C20: Xuất gỗ cao su sx GTV | D20: 6211.01 | E20: 1521.0101 | F20: 4 | G20: 3300000 | H20: 13200000
A21: 45306 | B21: 01/BC | C21: Cty Mai Anh trả nợ lô hàng 189 | D21: 1121.02 | E21: 1311.02 | H21: 30000000
A22: 45306 | B22: 03/PC | C22: Chi lương cho NV QLPX | D22: 3348.01 | E22: 1111 | H22: 35000000
A23: 45306 | B23: 03/PC | C23: Chi lương cho CNSX GTV | D23: 3341.01 | E23: 1111 | H23: 40000000
A24: 45306 | B24: 03/PC | C24: Chi lương cho CNSX GKT | D24: 3341.02 | E24: 1111 | H24: 40000000
A25: 45306 | B25: 03/PC | C25: Chi lương cho CNSX GTV | D25: 3341.03 | E25: 1111 | H25: 40000000
A26: 45306 | B26: 03/PC | C26: Chi lương cho CNSX BT | D26: 3341.04 | E26: 1111 | H26: 40000000
A27: 45306 | B27: 03/PC | C27: Chi lương cho CNSX BO | D27: 3341.05 | E27: 1111 | H27: 40000000
A28: 45307 | B28: 01/BN | C28: Trả Cty CP Mai Lan HĐ1170 | D28: 3311.01 | E28: 1121.01 | H28: 40000000
A29: 45307 | B29: 02/BN | C29: Chi đặt cọc mua hàng | D29: 3311.03 | E29: 1121.01 | H29: 50000000
A30: 45308 | B30: 02/XVL | C30: Xuất ván keo 502 sx BTròn | D30: 6211.03 | E30: 1521.0303 | F30: 20 | G30: 2300 | H30: 46000
A31: 45308 | B31: 03/XVL | C31: Xuất dầu thông sx GTV | D31: 6211.01 | E31: 1521.0403 | F31: 20 | G31: 14111 | H31: 282220
A32: 45308 | B32: 03/XVL | C32: Xuất AC chuối sx GTV | D32: 6211.01 | E32: 1521.0401 | F32: 30 | G32: 15666 | H32: 469980
A33: 45308 | B33: 02/XVL | C33: Xuất ván MDF 9x6x8 sx BTròn | D33: 6211.03 | E33: 1521.0201 | F33: 30 | G33: 120000 | H33: 3600000
A34: 45309 | B34: 01/XCC | C34: Xuất kệ tủ | D34: 2421.02 | E34: 1531.02 | F34: 4 | G34: 250000 | H34: 1000000
A35: 45309 | B35: 01/XCC | C35: Xuất máy tính Casio | D35: 2421.01 | E35: 1531.01 | F35: 5 | G35: 500000 | H35: 2500000
A36: 45310 | B36: 02/XCC | C36: Xuất lưỡi cưa cho PXSX | D36: 6273 | E36: 1531.03 | F36: 10 | G36: 10000 | H36: 100000
A37: 45310 | B37: 02/XCC | C37: Xuất mũi khoan cho PXSX | D37: 6273 | E37: 1531.04 | F37: 20 | G37: 5000 | H37: 100000
A38: 45310 | B38: 02/XCC | C38: Xuất dao thép cho PXSX | D38: 6273 | E38: 1531.05 | F38: 30 | G38: 10000 | H38: 300000
A39: 45314 | B39: 02/NTP | C39: Tạm nhập kho BT | D39: 1551.0201 | E39: 154.03 | F39: 200 | G39: 300000 | H39: 60000000
A40: 45314 | B40: 01/NTP | C40: Tạm nhập kho GTV | D40: 1551.0101 | E40: 154.01 | F40: 405 | G40: 250000 | H40: 101250000
A41: 45315 | B41: 03/NTP | C41: Tạm nhập kho GKT | D41: 1551.0102 | E41: 154.02 | F41: 300 | G41: 200000 | H41: 60000000
... A44: 45316 | B44: 02/BTP | C44: Bán BO cho Cty XNK Vật Tư | D44: 632.0202 | E44: 1551.0202 | F44: 50 | G44: 500000 | H44: 25000000
A45: 45316 | B45: 02/BTP | C45: Thuế GTGT Bán GKT cho Cty XNK Vật Tư | D45: 1311.06 | E45: 33311 | H45: 1400000
A46: 45316 | B46: 02/BTP | C46: Bán GKT cho Cty XNK Vật Tư | D46: 1311.06 | E46: 5112.0102 | F46: 100 | G46: 280000 | H46: 28000000
A47: 45316 | B47: 01/BTP | C47: Thuế GTGT Bán GTV cho Cty Nam Việt | D47: 1311.05 | E47: 33311 | H47: 1500000
A48: 45316 | B48: 01/BTP | C48: Bán GTV cho Cty Nam Việt | D48: 1311.05 | E48: 5112.0101 | F48: 100 | G48: 300000 | H48: 30000000
A49: 45316 | B49: 02/BTP | C49: Thuế GTGT Bán BO cho Cty XNK Vật Tư | D49: 1311.04 | E49: 33311 | H49: 1500000
A50: 45316 | B50: 02/BTP | C50: Bán BO cho Cty XNK Vật Tư | D50: 1311.04 | E50: 5112.0202 | F50: 50 | G50: 600000 | H50: 30000000
A51: 45319 | B51: 01/TU | C51: Thanh toán tạm ứng Hồ Sĩ Nhật | D51: 1111 | E51: 141.0102 | H51: 200000
A52: 45319 | B52: 01/TU | C52: Thanh toán tạm ứng Hồ Sĩ Nhật | D52: 6428 | E52: 141.0102 | H52: 1800000
A53: 45319 | B53: 04/PC | C53: Thuế GTGT mua máy xẻ gỗ | D53: 1332 | E53: 1111 | H53: 14000000
A54: 45319 | B54: 04/PC | C54: Mua máy xẻ gỗ | D54: 2112.04 | E54: 1111 | H54: 140000000
A55: 45322 | B55: TH2 | C55: Tính các khoản trích theo lương vào chi phí | D55: 6411 | E55: 3388 | H55: 50000
A56: 45322 | B56: TH2 | C56: Tính các khoản trích theo lương vào chi phí | D56: 6421 | E56: 3388 | H56: 70000
A57: 45322 | B57: TH10 | C57: Kết chuyển CFBH vào TK911 | D57: 9111.0102 | E57: 6413 | H57: 72180
A58: 45322 | B58: TH10 | C58: Kết chuyển CFBH vào TK911 | D58: 9111.0202 | E58: 6413 | H58: 88690
A59: 45322 | B59: TH10 | C59: Kết chuyển CFBH vào TK911 | D59: 9111.0101 | E59: 6413 | H59: 89130
A60: 45322 | B60: TH2 | C60: Tính các khoản trích theo lương vào chi phí | D60: 6411 | E60: 3382 | H60: 100000
A61: 45322 | B61: TH5 | C61: Kết chuyển CFC vào TK154 | D61: 154.03 | E61: 6273 | H61: 100840
A62: 45322 | B62: TH7 | C62: Bổ sung giá thành tiêu thụ TK632 | D62: 632.0101 | E62: 1551.0101 | H62: 123700
... A143: 45322 | B143: TH4 | C143: Kết chuyển CFNC vào TK154 | D143: 154.05 | E143: 622.05 | H143: 48800000
H145: =SUBTOTAL(9,H5:H143) -> 1789403669

Sheet CDKT
A1: Đơn vị báo cáo: | D1: Mẫu số B 01 - DN
A2: Địa chỉ: | D2: (Ban hành theo thông tư số 200/2014/TT-BTC
D3: ngày 22/12/2014 của Bộ Tài Chính)
B4: BẢNG CÂN ĐỐI KẾ TOÁN
A6: TÀI SẢN | B6: Mã số | C6: Thuyết minh | D6: Số cuối kỳ | E6: Số đầu năm
A7: 1 | B7: 2 | C7: 3 | D7: 4 | E7: 5
A8: A. TÀI SẢN NGẮN HẠN | B8: 100 | D8: =SUMIFS(DMTK!$P$5:$P$191,DMTK!$O$5:$O$191,"*"&B8&"*") -> 1409682900 | E8: =SUMIFS(DMTK!$N$5:$N$191,DMTK!$M$5:$M$191,"*"&B8&"*") -> 1614461000
A9: I. Tiền và các khoản tương đương tiền | B9: 110 | D9: =SUMIFS(DMTK!$P$5:$P$191,DMTK!$O$5:$O$191,"*"&B9&"*") -> 419321000 | E9: =SUMIFS(DMTK!$N$5:$N$191,DMTK!$M$5:$M$191,"*"&B9&"*") -> 858221000
A10: 1. Tiền | B10: 111 | D10: =SUMIFS(DMTK!$P$5:$P$191,DMTK!$O$5:$O$191,"*"&B10&"*") -> 319321000 | E10: =SUMIFS(DMTK!$N$5:$N$191,DMTK!$M$5:$M$191,"*"&B10&"*") -> 758221000
A11: 2. Các khoản tương đương tiền | B11: 112 | D11: =SUMIFS(DMTK!$P$5:$P$191,DMTK!$O$5:$O$191,"*"&B11&"*") -> 100000000 | E11: =SUMIFS(DMTK!$N$5:$N$191,DMTK!$M$5:$M$191,"*"&B11&"*") -> 100000000
A12: II. Đầu tư tài chính ngắn hạn | B12: 120 | D12: =SUMIFS(DMTK!$P$5:$P$191,DMTK!$O$5:$O$191,"*"&B12&"*") -> 0 | E12: =SUMIFS(DMTK!$N$5:$N$191,DMTK!$M$5:$M$191,"*"&B12&"*") -> 0
A13: 1. Chứng khoán kinh doanh | B13: 121 | D13: =SUMIFS(DMTK!$P$5:$P$191,DMTK!$O$5:$O$191,"*"&B13&"*") -> 0 | E13: =SUMIFS(DMTK!$N$5:$N$191,DMTK!$M$5:$M$191,"*"&B13&"*") -> 0
A14: 2. Dự phòng giảm giá chứng khoán kinh doanh | B14: 122 | D14: =SUMIFS(DMTK!$P$5:$P$191,DMTK!$O$5:$O$191,"*"&B14&"*") -> 0 | E14: =SUMIFS(DMTK!$N$5:$N$191,DMTK!$M$5:$M$191,"*"&B14&"*") -> 0
A15: 3. Đầu tư nắm giữ đến ngày đáo hạn | B15: 123 | D15: =SUMIFS(DMTK!$P$5:$P$191,DMTK!$O$5:$O$191,"*"&B15&"*") -> 0 | E15: =SUMIFS(DMTK!$N$5:$N$191,DMTK!$M$5:$M$191,"*"&B15&"*") -> 0
A16: III. Các khoản phải thu ngắn hạn | B16: 130 | D16: =SUMIFS(DMTK!$P$5:$P$191,DMTK!$O$5:$O$191,"*"&B16&"*") -> 433100000 | E16: =SUMIFS(DMTK!$N$5:$N$191,DMTK!$M$5:$M$191,"*"&B16&"*") -> 382700000
A17: 1. Phải thu ngắn hạn của khách hàng | B17: 131 | D17: =SUMIFS(DMTK!$P$5:$P$191,DMTK!$O$5:$O$191,"*"&B17&"*") -> 232900000 | E17: =SUMIFS(DMTK!$N$5:$N$191,DMTK!$M$5:$M$191,"*"&B17&"*") -> 227000000
A18: 2. Trả trước cho người bán ngắn hạn | B18: 132 | D18: =SUMIFS(DMTK!$P$5:$P$191,DMTK!$O$5:$O$191,"*"&B18&"*") -> 44500000 | E18: =SUMIFS(DMTK!$N$5:$N$191,DMTK!$M$5:$M$191,"*"&B18&"*") -> 0
A19: 3. Phải thu nội bộ ngắn hạn | B19: 133 | D19: =SUMIFS(DMTK!$P$5:$P$191,DMTK!$O$5:$O$191,"*"&B19&"*") -> 0 | E19: =SUMIFS(DMTK!$N$5:$N$191,DMTK!$M$5:$M$191,"*"&B19&"*") -> 0
A20: 4. Phải thu theo tiến độ kế hoạch hợp đồng xây dựng | B20: 134 | D20: =SUMIFS(DMTK!$P$5:$P$191,DMTK!$O$5:$O$191,"*"&B20&"*") -> 0 | E20: =SUMIFS(DMTK!$N$5:$N$191,DMTK!$M$5:$M$191,"*"&B20&"*") -> 0
A21: 5. Phải thu về cho vay ngắn hạn | B21: 135 | D21: =SUMIFS(DMTK!$P$5:$P$191,DMTK!$O$5:$O$191,"*"&B21&"*") -> 0 | E21: =SUMIFS(DMTK!$N$5:$N$191,DMTK!$M$5:$M$191,"*"&B21&"*") -> 0
A22: 6. Phải thu ngắn hạn khác | B22: 136 | D22: =SUMIFS(DMTK!$P$5:$P$191,DMTK!$O$5:$O$191,"*"&B22&"*") -> 185700000 | E22: =SUMIFS(DMTK!$N$5:$N$191,DMTK!$M$5:$M$191,"*"&B22&"*") -> 185700000
A23: 7. Dự phòng phải thu ngắn hạn khó đòi (*) | B23: 137 | D23: =SUMIFS(DMTK!$P$5:$P$191,DMTK!$O$5:$O$191,"*"&B23&"*") -> -30000000 | E23: =SUMIFS(DMTK!$N$5:$N$191,DMTK!$M$5:$M$191,"*"&B23&"*") -> -30000000
A24: 8. Tài sản thiếu chờ xử lý | B24: 139 | D24: =SUMIFS(DMTK!$P$5:$P$191,DMTK!$O$5:$O$191,"*"&B24&"*") -> 0 | E24: =SUMIFS(DMTK!$N$5:$N$191,DMTK!$M$5:$M$191,"*"&B24&"*") -> 0
A25: IV. Hàng tồn kho | B25: 140 | D25: =SUMIFS(DMTK!$P$5:$P$191,DMTK!$O$5:$O$191,"*"&B25&"*") -> 495551900 | E25: =SUMIFS(DMTK!$N$5:$N$191,DMTK!$M$5:$M$191,"*"&B25&"*") -> 330540000
A26: 1. Hàng tồn kho | B26: 141 | D26: =SUMIFS(DMTK!$P$5:$P$191,DMTK!$O$5:$O$191,"*"&B26&"*") -> 575551900 | E26: =SUMIFS(DMTK!$N$5:$N$191,DMTK!$M$5:$M$191,"*"&B26&"*") -> 410540000
A27: 2. Dự phòng giảm giá hàng tồn kho | B27: 149 | D27: =SUMIFS(DMTK!$P$5:$P$191,DMTK!$O$5:$O$191,"*"&B27&"*") -> -80000000 | E27: =SUMIFS(DMTK!$N$5:$N$191,DMTK!$M$5:$M$191,"*"&B27&"*") -> -80000000
... A42: 7. Dự phòng phải thu dài hạn khó đòi (*) | B42: 219 | D42: =SUMIFS(DMTK!$P$5:$P$191,DMTK!$O$5:$O$191,"*"&B42&"*") -> 0 | E42: =SUMIFS(DMTK!$N$5:$N$191,DMTK!$M$5:$M$191,"*"&B42&"*") -> 0
A43: II. Tài sản cố định | B43: 220 | D43: =SUMIFS(DMTK!$P$5:$P$191,DMTK!$O$5:$O$191,"*"&B43&"*") -> 981654001 | E43: =SUMIFS(DMTK!$N$5:$N$191,DMTK!$M$5:$M$191,"*"&B43&"*") -> 843779000
A44: 1. Tài sản cố định hữu hình | B44: 221 | D44: =SUMIFS(DMTK!$P$5:$P$191,DMTK!$O$5:$O$191,"*"&B44&"*") -> 981654001 | E44: =SUMIFS(DMTK!$N$5:$N$191,DMTK!$M$5:$M$191,"*"&B44&"*") -> 843779000
A45: - Nguyên giá | B45: 222 | D45: =SUMIFS(DMTK!$P$5:$P$191,DMTK!$O$5:$O$191,"*"&B45&"*") -> 1073779000 | E45: =SUMIFS(DMTK!$N$5:$N$191,DMTK!$M$5:$M$191,"*"&B45&"*") -> 933779000
A46: - Giá trị hao mòn luỹ kế (*) | B46: 223 | D46: =SUMIFS(DMTK!$P$5:$P$191,DMTK!$O$5:$O$191,"*"&B46&"*") -> -92124999 | E46: =SUMIFS(DMTK!$N$5:$N$191,DMTK!$M$5:$M$191,"*"&B46&"*") -> -90000000
A47: 2. Tài sản cố định thuê tài chính | B47: 224 | D47: =SUMIFS(DMTK!$P$5:$P$191,DMTK!$O$5:$O$191,"*"&B47&"*") -> 0 | E47: =SUMIFS(DMTK!$N$5:$N$191,DMTK!$M$5:$M$191,"*"&B47&"*") -> 0
A48: - Nguyên giá | B48: 225 | D48: =SUMIFS(DMTK!$P$5:$P$191,DMTK!$O$5:$O$191,"*"&B48&"*") -> 0 | E48: =SUMIFS(DMTK!$N$5:$N$191,DMTK!$M$5:$M$191,"*"&B48&"*") -> 0
A49: - Giá trị hao mòn luỹ kế (*) | B49: 226 | D49: =SUMIFS(DMTK!$P$5:$P$191,DMTK!$O$5:$O$191,"*"&B49&"*") -> 0 | E49: =SUMIFS(DMTK!$N$5:$N$191,DMTK!$M$5:$M$191,"*"&B49&"*") -> 0
A50: 3. Tài sản cố định vô hình | B50: 227 | D50: =SUMIFS(DMTK!$P$5:$P$191,DMTK!$O$5:$O$191,"*"&B50&"*") -> 0 | E50: =SUMIFS(DMTK!$N$5:$N$191,DMTK!$M$5:$M$191,"*"&B50&"*") -> 0
A51: - Nguyên giá | B51: 228 | D51: =SUMIFS(DMTK!$P$5:$P$191,DMTK!$O$5:$O$191,"*"&B51&"*") -> 0 | E51: =SUMIFS(DMTK!$N$5:$N$191,DMTK!$M$5:$M$191,"*"&B51&"*") -> 0
A52: - Giá trị hao mòn luỹ kế (*) | B52: 229 | D52: =SUMIFS(DMTK!$P$5:$P$191,DMTK!$O$5:$O$191,"*"&B52&"*") -> 0 | E52: =SUMIFS(DMTK!$N$5:$N$191,DMTK!$M$5:$M$191,"*"&B52&"*") -> 0
A53: III. Bất động sản đầu tư | B53: 230 | D53: =SUMIFS(DMTK!$P$5:$P$191,DMTK!$O$5:$O$191,"*"&B53&"*") -> 0 | E53: =SUMIFS(DMTK!$N$5:$N$191,DMTK!$M$5:$M$191,"*"&B53&"*") -> 0
A54: - Nguyên giá | B54: 231 | D54: =SUMIFS(DMTK!$P$5:$P$191,DMTK!$O$5:$O$191,"*"&B54&"*") -> 0 | E54: =SUMIFS(DMTK!$N$5:$N$191,DMTK!$M$5:$M$191,"*"&B54&"*") -> 0
A55: - Giá trị hao mòn lũy kế (*) | B55: 232 | D55: =SUMIFS(DMTK!$P$5:$P$191,DMTK!$O$5:$O$191,"*"&B55&"*") -> 0 | E55: =SUMIFS(DMTK!$N$5:$N$191,DMTK!$M$5:$M$191,"*"&B55&"*") -> 0
A56: IV. Tài sản dở dang dài hạn | B56: 240 | D56: =SUMIFS(DMTK!$P$5:$P$191,DMTK!$O$5:$O$191,"*"&B56&"*") -> 767344866 | E56: =SUMIFS(DMTK!$N$5:$N$191,DMTK!$M$5:$M$191,"*"&B56&"*") -> 685760000
A57: 1. Chi phí sản xuất, kinh doanh dở dang dài hạn | B57: 241 | D57: =SUMIFS(DMTK!$P$5:$P$191,DMTK!$O$5:$O$191,"*"&B57&"*") -> 303584866 | E57: =SUMIFS(DMTK!$N$5:$N$191,DMTK!$M$5:$M$191,"*"&B57&"*") -> 222000000
A58: 2. Chi phí xây dựng cơ bản dở dang | B58: 242 | D58: =SUMIFS(DMTK!$P$5:$P$191,DMTK!$O$5:$O$191,"*"&B58&"*") -> 463760000 | E58: =SUMIFS(DMTK!$N$5:$N$191,DMTK!$M$5:$M$191,"*"&B58&"*") -> 463760000
A59: V. Đầu tư tài chính dài hạn | B59: 250 | D59: =SUMIFS(DMTK!$P$5:$P$191,DMTK!$O$5:$O$191,"*"&B59&"*") -> 106000000 | E59: =SUMIFS(DMTK!$N$5:$N$191,DMTK!$M$5:$M$191,"*"&B59&"*") -> 106000000
A60: 1. Đầu tư vào công ty con | B60: 251 | D60: =SUMIFS(DMTK!$P$5:$P$191,DMTK!$O$5:$O$191,"*"&B60&"*") -> 0 | E60: =SUMIFS(DMTK!$N$5:$N$191,DMTK!$M$5:$M$191,"*"&B60&"*") -> 0
A61: 2. Đầu tư vào công ty liên doanh, liên kết | B61: 252 | D61: =SUMIFS(DMTK!$P$5:$P$191,DMTK!$O$5:$O$191,"*"&B61&"*") -> 26000000 | E61: =SUMIFS(DMTK!$N$5:$N$191,DMTK!$M$5:$M$191,"*"&B61&"*") -> 26000000
A62: 3. Đầu tư góp vốn vào đơn vị khác | B62: 253 | D62: =SUMIFS(DMTK!$P$5:$P$191,DMTK!$O$5:$O$191,"*"&B62&"*") -> 80000000 | E62: =SUMIFS(DMTK!$N$5:$N$191,DMTK!$M$5:$M$191,"*"&B62&"*") -> 80000000
A63: 4. Dự phòng đầu tư tài chính dài hạn (*) | B63: 254 | D63: =SUMIFS(DMTK!$P$5:$P$191,DMTK!$O$5:$O$191,"*"&B63&"*") -> 0 | E63: =SUMIFS(DMTK!$N$5:$N$191,DMTK!$M$5:$M$191,"*"&B63&"*") -> 0
A64: 5. Đầu tư nắm giữ đến ngày đáo hạn | B64: 255 | D64: =SUMIFS(DMTK!$P$5:$P$191,DMTK!$O$5:$O$191,"*"&B64&"*") -> 0 | E64: =SUMIFS(DMTK!$N$5:$N$191,DMTK!$M$5:$M$191,"*"&B64&"*") -> 0
A65: VI. Tài sản dài hạn khác | B65: 260 | D65: =SUMIFS(DMTK!$P$5:$P$191,DMTK!$O$5:$O$191,"*"&B65&"*") -> 0 | E65: =SUMIFS(DMTK!$N$5:$N$191,DMTK!$M$5:$M$191,"*"&B65&"*") -> 0
... A69: 4. Tài sản dài hạn khác | B69: 268 | D69: =SUMIFS(DMTK!$P$5:$P$191,DMTK!$O$5:$O$191,"*"&B69&"*") -> 0 | E69: =SUMIFS(DMTK!$N$5:$N$191,DMTK!$M$5:$M$191,"*"&B69&"*") -> 0
A70: Tổng cộng tài sản (270 = 100 + 200) | B70: 270 | D70: =D8+D34 -> 3264681767 | E70: =SUMIFS(DMTK!$N$5:$N$191,DMTK!$M$5:$M$191,"*"&B70&"*") -> 0
A71: Tổng cộng nguồn vốn (440 = 300 + 400) | B71: 440 | D71: =D72+D102 -> 3264681767 | E71: =SUMIFS(DMTK!$N$5:$N$191,DMTK!$M$5:$M$191,"*"&B71&"*") -> 0 | F71: =D70-D71 -> 0
A72: C. NỢ PHẢI TRẢ | B72: 300 | D72: =SUMIFS(DMTK!$P$5:$P$191,DMTK!$O$5:$O$191,"*"&B72&"*") -> 1028300000 | E72: =SUMIFS(DMTK!$N$5:$N$191,DMTK!$M$5:$M$191,"*"&B72&"*") -> 1012500000
A73: I. Nợ ngắn hạn | B73: 310 | D73: =SUMIFS(DMTK!$P$5:$P$191,DMTK!$O$5:$O$191,"*"&B73&"*") -> 1028300000 | E73: =SUMIFS(DMTK!$N$5:$N$191,DMTK!$M$5:$M$191,"*"&B73&"*") -> 1012500000
A74: 1. Phải trả người bán ngắn hạn | B74: 311 | D74: =SUMIFS(DMTK!$P$5:$P$191,DMTK!$O$5:$O$191,"*"&B74&"*") -> 200560000 | E74: =SUMIFS(DMTK!$N$5:$N$191,DMTK!$M$5:$M$191,"*"&B74&"*") -> 212000000
A75: 2. Người mua trả tiền trước ngắn hạn | B75: 312 | D75: =SUMIFS(DMTK!$P$5:$P$191,DMTK!$O$5:$O$191,"*"&B75&"*") -> 20500000 | E75: =SUMIFS(DMTK!$N$5:$N$191,DMTK!$M$5:$M$191,"*"&B75&"*") -> 52000000
A76: 3. Thuế và các khoản phải nộp Nhà nước | B76: 313 | D76: =SUMIFS(DMTK!$P$5:$P$191,DMTK!$O$5:$O$191,"*"&B76&"*") -> 38600000 | E76: =SUMIFS(DMTK!$N$5:$N$191,DMTK!$M$5:$M$191,"*"&B76&"*") -> 34200000
A77: 4. Phải trả người lao động | B77: 314 | D77: =SUMIFS(DMTK!$P$5:$P$191,DMTK!$O$5:$O$191,"*"&B77&"*") -> 109500000 | E77: =SUMIFS(DMTK!$N$5:$N$191,DMTK!$M$5:$M$191,"*"&B77&"*") -> 109500000
A78: 5. Chi phí phải trả ngắn hạn | B78: 315 | D78: =SUMIFS(DMTK!$P$5:$P$191,DMTK!$O$5:$O$191,"*"&B78&"*") -> 56000000 | E78: =SUMIFS(DMTK!$N$5:$N$191,DMTK!$M$5:$M$191,"*"&B78&"*") -> 56000000
A79: 6. Phải trả nội bộ ngắn hạn | B79: 316 | D79: =SUMIFS(DMTK!$P$5:$P$191,DMTK!$O$5:$O$191,"*"&B79&"*") -> 0 | E79: =SUMIFS(DMTK!$N$5:$N$191,DMTK!$M$5:$M$191,"*"&B79&"*") -> 0
A80: 7. Phải trả theo tiến độ kế hoạch hợp đồng xây dựng | B80: 317 | D80: =SUMIFS(DMTK!$P$5:$P$191,DMTK!$O$5:$O$191,"*"&B80&"*") -> 0 | E80: =SUMIFS(DMTK!$N$5:$N$191,DMTK!$M$5:$M$191,"*"&B80&"*") -> 0
A81: 8. Doanh thu chưa thực hiện ngắn hạn | B81: 318 | D81: =SUMIFS(DMTK!$P$5:$P$191,DMTK!$O$5:$O$191,"*"&B81&"*") -> 0 | E81: =SUMIFS(DMTK!$N$5:$N$191,DMTK!$M$5:$M$191,"*"&B81&"*") -> 0
A82: 9. Phải trả ngắn hạn khác | B82: 319 | D82: =SUMIFS(DMTK!$P$5:$P$191,DMTK!$O$5:$O$191,"*"&B82&"*") -> 113140000 | E82: =SUMIFS(DMTK!$N$5:$N$191,DMTK!$M$5:$M$191,"*"&B82&"*") -> 58800000
A83: 10. Vay và nợ thuê tài chính ngắn hạn | B83: 320 | D83: =SUMIFS(DMTK!$P$5:$P$191,DMTK!$O$5:$O$191,"*"&B83&"*") -> 385000000 | E83: =SUMIFS(DMTK!$N$5:$N$191,DMTK!$M$5:$M$191,"*"&B83&"*") -> 385000000
... A87: 14. Giao dịch mua bán lại trái phiếu Chính phủ | B87: 324 | D87: =SUMIFS(DMTK!$P$5:$P$191,DMTK!$O$5:$O$191,"*"&B87&"*") -> 0 | E87: =SUMIFS(DMTK!$N$5:$N$191,DMTK!$M$5:$M$191,"*"&B87&"*") -> 0
A88: II. Nợ dài hạn | B88: 330 | D88: =SUMIFS(DMTK!$P$5:$P$191,DMTK!$O$5:$O$191,"*"&B88&"*") -> 0 | E88: =SUMIFS(DMTK!$N$5:$N$191,DMTK!$M$5:$M$191,"*"&B88&"*") -> 0
A89: 1. Phải trả người bán dài hạn | B89: 331 | D89: =SUMIFS(DMTK!$P$5:$P$191,DMTK!$O$5:$O$191,"*"&B89&"*") -> 0 | E89: =SUMIFS(DMTK!$N$5:$N$191,DMTK!$M$5:$M$191,"*"&B89&"*") -> 0
A90: 2. Người mua trả tiền trước dài hạn | B90: 332 | D90: =SUMIFS(DMTK!$P$5:$P$191,DMTK!$O$5:$O$191,"*"&B90&"*") -> 0 | E90: =SUMIFS(DMTK!$N$5:$N$191,DMTK!$M$5:$M$191,"*"&B90&"*") -> 0
A91: 3. Chi phí phải trả dài hạn | B91: 333 | D91: =SUMIFS(DMTK!$P$5:$P$191,DMTK!$O$5:$O$191,"*"&B91&"*") -> 0 | E91: =SUMIFS(DMTK!$N$5:$N$191,DMTK!$M$5:$M$191,"*"&B91&"*") -> 0
A92: 4. Phải trả nội bộ về vốn kinh doanh | B92: 334 | D92: =SUMIFS(DMTK!$P$5:$P$191,DMTK!$O$5:$O$191,"*"&B92&"*") -> 0 | E92: =SUMIFS(DMTK!$N$5:$N$191,DMTK!$M$5:$M$191,"*"&B92&"*") -> 0
A93: 5. Phải trả nội bộ dài hạn | B93: 335 | D93: =SUMIFS(DMTK!$P$5:$P$191,DMTK!$O$5:$O$191,"*"&B93&"*") -> 0 | E93: =SUMIFS(DMTK!$N$5:$N$191,DMTK!$M$5:$M$191,"*"&B93&"*") -> 0
A94: 6. Doanh thu chưa thực hiện dài hạn | B94: 336 | D94: =SUMIFS(DMTK!$P$5:$P$191,DMTK!$O$5:$O$191,"*"&B94&"*") -> 0 | E94: =SUMIFS(DMTK!$N$5:$N$191,DMTK!$M$5:$M$191,"*"&B94&"*") -> 0
A95: 7. Phải trả dài hạn khác | B95: 337 | D95: =SUMIFS(DMTK!$P$5:$P$191,DMTK!$O$5:$O$191,"*"&B95&"*") -> 0 | E95: =SUMIFS(DMTK!$N$5:$N$191,DMTK!$M$5:$M$191,"*"&B95&"*") -> 0
A96: 8. Vay và nợ thuê tài chính dài hạn | B96: 338 | D96: =SUMIFS(DMTK!$P$5:$P$191,DMTK!$O$5:$O$191,"*"&B96&"*") -> 0 | E96: =SUMIFS(DMTK!$N$5:$N$191,DMTK!$M$5:$M$191,"*"&B96&"*") -> 0
A97: 9. Trái phiếu chuyển đổi | B97: 339 | D97: =SUMIFS(DMTK!$P$5:$P$191,DMTK!$O$5:$O$191,"*"&B97&"*") -> 0 | E97: =SUMIFS(DMTK!$N$5:$N$191,DMTK!$M$5:$M$191,"*"&B97&"*") -> 0
A98: 10. Cổ phiếu ưu đãi | B98: 340 | D98: =SUMIFS(DMTK!$P$5:$P$191,DMTK!$O$5:$O$191,"*"&B98&"*") -> 0 | E98: =SUMIFS(DMTK!$N$5:$N$191,DMTK!$M$5:$M$191,"*"&B98&"*") -> 0
A99: 11. Thuế thu nhập hoãn lại phải trả | B99: 341 | D99: =SUMIFS(DMTK!$P$5:$P$191,DMTK!$O$5:$O$191,"*"&B99&"*") -> 0 | E99: =SUMIFS(DMTK!$N$5:$N$191,DMTK!$M$5:$M$191,"*"&B99&"*") -> 0
A100: 12. Dự phòng phải trả dài hạn | B100: 342 | D100: =SUMIFS(DMTK!$P$5:$P$191,DMTK!$O$5:$O$191,"*"&B100&"*") -> 0 | E100: =SUMIFS(DMTK!$N$5:$N$191,DMTK!$M$5:$M$191,"*"&B100&"*") -> 0
... A104: 1. Vốn góp của chủ sở hữu | B104: 411 | D104: =SUMIFS(DMTK!$P$5:$P$191,DMTK!$O$5:$O$191,"*"&B104&"*") -> 1473641000 | E104: =SUMIFS(DMTK!$N$5:$N$191,DMTK!$M$5:$M$191,"*"&B104&"*") -> 1473641000
A105: - Cổ phiếu phổ thông có quyền biểu quyết | B105: 411a | D105: =SUMIFS(DMTK!$P$5:$P$191,DMTK!$O$5:$O$191,"*"&B105&"*") -> 1430000000 | E105: =SUMIFS(DMTK!$N$5:$N$191,DMTK!$M$5:$M$191,"*"&B105&"*") -> 1430000000
A106: - Cổ phiếu ưu đãi | B106: 411b | D106: =SUMIFS(DMTK!$P$5:$P$191,DMTK!$O$5:$O$191,"*"&B106&"*") -> 43641000 | E106: =SUMIFS(DMTK!$N$5:$N$191,DMTK!$M$5:$M$191,"*"&B106&"*") -> 43641000
A107: 2. Thặng dư vốn cổ phần | B107: 412 | D107: =SUMIFS(DMTK!$P$5:$P$191,DMTK!$O$5:$O$191,"*"&B107&"*") -> 0 | E107: =SUMIFS(DMTK!$N$5:$N$191,DMTK!$M$5:$M$191,"*"&B107&"*") -> 0
A108: 3. Quyền chọn chuyển đổi trái phiếu | B108: 413 | D108: =SUMIFS(DMTK!$P$5:$P$191,DMTK!$O$5:$O$191,"*"&B108&"*") -> 0 | E108: =SUMIFS(DMTK!$N$5:$N$191,DMTK!$M$5:$M$191,"*"&B108&"*") -> 0
A109: 4. Vốn khác của chủ sở hữu | B109: 414 | D109: =SUMIFS(DMTK!$P$5:$P$191,DMTK!$O$5:$O$191,"*"&B109&"*") -> 18898000 | E109: =SUMIFS(DMTK!$N$5:$N$191,DMTK!$M$5:$M$191,"*"&B109&"*") -> 18898000
A110: 5. Cổ phiếu quỹ (*) | B110: 415 | D110: =SUMIFS(DMTK!$P$5:$P$191,DMTK!$O$5:$O$191,"*"&B110&"*") -> -9449000 | E110: =SUMIFS(DMTK!$N$5:$N$191,DMTK!$M$5:$M$191,"*"&B110&"*") -> -9449000
A111: 6. Chênh lệch đánh giá lại tài sản | B111: 416 | D111: =SUMIFS(DMTK!$P$5:$P$191,DMTK!$O$5:$O$191,"*"&B111&"*") -> 0 | E111: =SUMIFS(DMTK!$N$5:$N$191,DMTK!$M$5:$M$191,"*"&B111&"*") -> 0
A112: 7. Chênh lệch tỷ giá hối đoái | B112: 417 | D112: =SUMIFS(DMTK!$P$5:$P$191,DMTK!$O$5:$O$191,"*"&B112&"*") -> 0 | E112: =SUMIFS(DMTK!$N$5:$N$191,DMTK!$M$5:$M$191,"*"&B112&"*") -> 0
A113: 8. Quỹ đầu tư phát triển | B113: 418 | D113: =SUMIFS(DMTK!$P$5:$P$191,DMTK!$O$5:$O$191,"*"&B113&"*") -> 120000000 | E113: =SUMIFS(DMTK!$N$5:$N$191,DMTK!$M$5:$M$191,"*"&B113&"*") -> 120000000
A114: 9. Quỹ hỗ trợ sắp xếp doanh nghiệp | B114: 419 | D114: =SUMIFS(DMTK!$P$5:$P$191,DMTK!$O$5:$O$191,"*"&B114&"*") -> 0 | E114: =SUMIFS(DMTK!$N$5:$N$191,DMTK!$M$5:$M$191,"*"&B114&"*") -> 0
A115: 10. Quỹ khác thuộc vốn chủ sở hữu | B115: 420 | D115: =SUMIFS(DMTK!$P$5:$P$191,DMTK!$O$5:$O$191,"*"&B115&"*") -> 130000000 | E115: =SUMIFS(DMTK!$N$5:$N$191,DMTK!$M$5:$M$191,"*"&B115&"*") -> 130000000
A116: 11. Lợi nhuận sau thuế chưa phân phối | B116: 421 | D116: =SUMIFS(DMTK!$P$5:$P$191,DMTK!$O$5:$O$191,"*"&B116&"*") -> 203291767 | E116: =SUMIFS(DMTK!$N$5:$N$191,DMTK!$M$5:$M$191,"*"&B116&"*") -> 204410000
A117: - LNST chưa phân phối lũy kế đến cuối kỳ trước | B117: 421a | D117: =SUMIFS(DMTK!$P$5:$P$191,DMTK!$O$5:$O$191,"*"&B117&"*") -> 204410000 | E117: =SUMIFS(DMTK!$N$5:$N$191,DMTK!$M$5:$M$191,"*"&B117&"*") -> 204410000
A118: - LNST chưa phân phối kỳ này | B118: 421b | D118: =SUMIFS(DMTK!$P$5:$P$191,DMTK!$O$5:$O$191,"*"&B118&"*") -> -1118233 | E118: =SUMIFS(DMTK!$N$5:$N$191,DMTK!$M$5:$M$191,"*"&B118&"*") -> 0
A119: 12. Nguồn vốn đầu tư XDCB | B119: 422 | D119: =SUMIFS(DMTK!$P$5:$P$191,DMTK!$O$5:$O$191,"*"&B119&"*") -> 300000000 | E119: =SUMIFS(DMTK!$N$5:$N$191,DMTK!$M$5:$M$191,"*"&B119&"*") -> 300000000
A120: II. Nguồn kinh phí và quỹ khác | B120: 430 | D120: =SUMIFS(DMTK!$P$5:$P$191,DMTK!$O$5:$O$191,"*"&B120&"*") -> 0 | E120: =SUMIFS(DMTK!$N$5:$N$191,DMTK!$M$5:$M$191,"*"&B120&"*") -> 0
A121: 1. Nguồn kinh phí | B121: 431 | D121: =SUMIFS(DMTK!$P$5:$P$191,DMTK!$O$5:$O$191,"*"&B121&"*") -> 0 | E121: =SUMIFS(DMTK!$N$5:$N$191,DMTK!$M$5:$M$191,"*"&B121&"*") -> 0
A122: 2. Nguồn kinh phí đã hình thành TSCĐ | B122: 432 | D122: =SUMIFS(DMTK!$P$5:$P$191,DMTK!$O$5:$O$191,"*"&B122&"*") -> 0 | E122: =SUMIFS(DMTK!$N$5:$N$191,DMTK!$M$5:$M$191,"*"&B122&"*") -> 0
D123: Lập, ngày …. tháng …. năm …..
A125: Người lập biểu | B125: Kế tóan trưởng | E125: Giám đốc
...

Sheet KQKD
A1: Đơn vị báo cáo: | D1: Mẫu số B 02-DN
A2: Địa chỉ: | D2: (Ban hành theo thông tư số 200/2014/TT-BTC
D3: ngày 22/12/2014 của Bộ Tài Chính)
A4: BÁO CÁO KẾT QUẢ HỌAT ĐỘNG KINH DOANH
A5: Năm …
D6: Đơn vị tính: đồng…….
A7: CHỈ TIÊU | B7: Mã số | C7: Thuyết minh | D7: Năm Nay | E7: Năm Trước
A8: 1 | B8: 2 | C8: 3 | D8: 4 | E8: 5 | J8: MS1 | K8: TKNO | L8: TKCO
A9: 1. Doanh thu bán hàng và cung cấp dịch vụ | B9: 01 | D9: =DSUM(CT!A3:I143,CT!H3,K8:L9) -> 88000000 | K9: * | L9: 511*
A10: 2. Các khoản giảm trừ doanh thu | B10: 02 | D10: =DSUM(CT!A3:I143,CT!H3,KQKD!K10:L11) -> 0 | J10: MS2 | K10: TKNO | L10: TKCO
A11: 3. Doanh thu thuần về bán hàng và cung cấp dịch vụ (10=01-02) | B11: 10 | D11: =D9-D10 -> 88000000 | K11: 511* | L11: 521*
A12: 4. Giá vốn hàng bán | B12: 11 | D12: =DSUM(CT!A3:I143,CT!H3,KQKD!K12:L13) -> 70469900 | J12: MS11 | K12: TKNO | L12: TKCO
A13: 5. Lợi nhuận gộp về bán hàng và cung cấp dịch vụ (20=10-11) | B13: 20 | D13: =D11-D12 -> 17530100 | K13: 911* | L13: 632*
A14: 6. Doanh thu hoạt động tài chính | B14: 21 | D14: =DSUM(CT!A3:I143,CT!H3,KQKD!K14:L15) -> 0 | J14: MS21 | K14: TKNO | L14: TKCO
A15: 7. Chi phí tài chính | B15: 22 | D15: =DSUM(CT!A3:I143,CT!H3,KQKD!K16:L17) -> 0 | K15: 515* | L15: 911*
A16: - Trong đó: Chi phí lãi vay | B16: 23 | J16: MS22 | K16: TKNO | L16: TKCO
A17: 8. Chi phí bán hàng | B17: 25 | D17: =DSUM(CT!A3:I143,CT!H3,KQKD!K18:L19) -> 6350000 | K17: 911* | L17: 635*
A18: 9. Chi phí quản lý doanh nghiệp | B18: 26 | D18: =DSUM(CT!A3:I143,CT!H3,KQKD!K20:L21) -> 12298333 | J18: MS25 | K18: TKNO | L18: TKCO
A19: 10 Lợi nhuận thuần từ hoạt động kinh doanh {30=20+(21-22)-(25+26)} | B19: 30 | D19: =D13+(D14-D15)-D17-D18 -> -1118233 | K19: 911* | L19: 641*
A20: 11. Thu nhập khác | B20: 31 | D20: =DSUM(CT!A3:I143,CT!H3,KQKD!K22:L23) -> 0 | J20: MS26 | K20: TKNO | L20: TKCO
A21: 12. Chi phí khác | B21: 32 | D21: =DSUM(CT!A3:I143,CT!H3,KQKD!K24:L25) -> 0 | K21: 911* | L21: 642*
A22: 13. Lợi nhuận khác (40=31-32) | B22: 40 | D22: =D20-D21 -> 0 | J22: MS31 | K22: TKNO | L22: TKCO
A23: 14. Tổng lợi nhuận kế toán trước thuế (50=30+40) | B23: 50 | D23: =D19+D22 -> -1118233 | K23: 711* | L23: 911*
A24: 15. Chi phí thuế TNDN hiện hành | B24: 51 | D24: =DSUM(CT!A3:I143,CT!H3,KQKD!K26:L27) -> 0 | J24: MS32 | K24: TKNO | L24: TKCO
A25: 16. Chi phí thuế TNDN hoãn lại | B25: 52 | D25: =DSUM(CT!A3:I143,CT!H3,KQKD!K28:L29) -> 0 | K25: 911* | L25: 811*
A26: 17. Lợi nhuận sau thuế thu nhập doanh nghiệp {60=50-(51+52)} | B26: 60 | D26: =D23-(D24+D25) -> -1118233 | J26: MS51 | K26: TKNO | L26: TKCO
A27: 18. Lãi cơ bản trên cổ phiếu (*) | B27: 70 | K27: 911* | L27: 8211*
A28: 19. Lãi suy giảm trên cổ phiếu (*) | B28: 71 | J28: MS51 | K28: TKNO | L28: TKCO
D29: Lập, ngày …. tháng …. năm ….. | K29: 8212* | L29: 911*
A31: Người lập biểu | B31: Kế tóan trưởng | E31: Giám đốc
A32: (Ký, họ tên) | B32: (Ký, họ tên) | E32: (Ký, họ tên, đóng dấu)
A33: Ghi chú:
A34: (1) Những chỉ tiêu không có số liệu có thể không phải trình bày nhưng không được đánh lại số thứ tự chỉ tiêu và “Mã số“.
A35: (*) Chỉ tiêu này chỉ áp dụng đối với công ty cổ phần

Sheet LCTT
A1: Đơn vị báo cáo: | D1: Mẫu số B 03-DN
A2: Địa chỉ: | D2: (Ban hành theo thông tư số 200/2014/TT-BTC
D3: ngày 22/12/2014 của Bộ Tài Chính)
B4: BÁO CÁO LƯU CHUYỂN TIỀN TỆ
B5: (Theo phương pháp trực tiếp)
D6: Năm …
D7: Đơn vị tính: đồng
A8: Chỉ tiêu | B8: Mã số | C8: Thuyết minh | D8: Năm nay | E8: Năm trước
A9: 1 | B9: 2 | C9: 3 | D9: 4 | E9: 5 | G9: MS1 | H9: TKNO | I9: TKCO | J9: MS2 | K9: TKNO | L9: TKCO | M9: MS33 | N9: TKNO | O9: TKCO
A10: I. Lưu chuyển tiền tệ từ hoạt động kinh doanh | H10: 111* | I10: 131* | K10: 331* | L10: 111* | N10: 111* | O10: 171*
A11: 1. Tiền thu từ bán hàng, cung cấp dịch vụ và doanh thu khác | B11: 1 | D11: =DSUM(CT!$A$3:$I$143,CT!H3,H9:I17) -> 55000000 | H11: 112* | I11: 131* | K11: 331* | L11: 112* | N11: 112* | O11: 171*
A12: 2. Tiền chi trả cho người cung cấp hàng hóa và dịch vụ | B12: 2 | D12: =DSUM(CT!$A$3:$I$143,CT!H3,K9:L19) -> 90000000 | H12: 111* | I12: 511* | K12: 152* | L12: 111* | N12: 113* | O12: 171*
A13: 3. Tiền chi trả cho người lao động | B13: 3 | D13: =DSUM(CT!$A$3:$I$143,CT!H3,H18:I20) -> 247000000 | H13: 112* | I13: 511* | K13: 152* | L13: 112* | N13: 111* | O13: 3411*
A14: 4. Tiền chi trả lãi vay | B14: 4 | D14: =DSUM(CT!$A$3:$I$143,CT!H3,H21:I30) -> 0 | H14: 111* | I14: 121* | K14: 153* | L14: 111* | N14: 112* | O14: 3411*
A15: 5. Thuế thu nhập doanh nghiệp đã nộp | B15: 5 | D15: =DSUM(CT!$A$3:$I$143,CT!H3,H31:I34) -> 0 | H15: 112* | I15: 121* | K15: 153* | L15: 112* | N15: 113* | O15: 3411*
A16: 6. Tiền thu khác từ hoạt động kinh doanh | B16: 6 | D16: =DSUM(CT!$A$3:$I$143,CT!H3,H35:I43) -> 200000 | H16: 111* | I16: 515* | K16: 155* | L16: 111* | N16: 111* | O16: 3431*
A17: 7. Tiền chi khác cho hoạt động kinh doanh | B17: 7 | D17: =DSUM(CT!$A$3:$I$143,CT!H3,H44:I71) -> 0 | H17: 112* | I17: 515* | K17: 155* | L17: 112* | N17: 112* | O17: 3431*
A18: Lưu chuyển tiền thuần từ hoạt động kinh doanh | B18: 20 | D18: =SUM(D11:D17) -> 392200000 | G18: MS3 | H18: TKNO | I18: TKCO | K18: 156* | L18: 111* | N18: 113* | O18: 3431*
A19: II. Lưu chuyển tiền từ hoạt động đầu tư | H19: 334* | I19: 111* | K19: 156* | L19: 112* | N19: 111* | O19: 3432*
A20: 1.Tiền chi để mua sắm, xây dựng TSCĐ và các tài sản dài hạn khác | B20: 21 | D20: =DSUM(CT!$A$3:$I$143,CT!H3,H72:I84) -> 230000000 | H20: 334* | I20: 112* | N20: 112* | O20: 3432*
A21: 2.Tiền thu từ thanh lý, nhượng bán TSCĐ và các tài sản dài hạn khác | B21: 22 | D21: =DSUM(CT!$A$3:$I$143,CT!H3,K21:L31) -> 55000000 | G21: MS4 | H21: TKNO | I21: TKCO | J21: MS22 | K21: TKNO | L21: TKCO | N21: 113* | O21: 3432*
A22: 3.Tiền chi cho vay, mua các công cụ nợ của đơn vị khác | B22: 23 | D22: =DSUM(CT!$A$3:$I$143,CT!H3,K32:L36) -> 0 | H22: 635* | I22: 111* | K22: 632* | L22: 111* | N22: 111* | O22: 41112*
A23: 4.Tiền thu hồi cho vay, bán lại các công cụ nợ của đơn vị khác | B23: 24 | D23: =DSUM(CT!$A$3:$I$143,CT!H3,K37:L41) -> 0 | H23: 635* | I23: 112* | K23: 632* | L23: 112* | N23: 112* | O23: 41112*
A24: 5.Tiền chi đầu tư góp vốn vào đơn vị khác | B24: 25 | D24: =DSUM(CT!$A$3:$I$143,CT!H3,K45:L57) -> 90000000 | H24: 635* | I24: 113* | K24: 811* | L24: 111* | N24: 113* | O24: 41112*
A25: 6.Tiền thu hồi đầu tư góp vốn vào đơn vị khác | B25: 26 | D25: =DSUM(CT!$A$3:$I$143,CT!H3,K58:L70) -> 55000000 | H25: 335* | I25: 111* | K25: 811* | L25: 112* | M25: MS34 | N25: TKNO | O25: TKCO
A26: 7.Tiền thu lãi cho vay, cổ tức và lợi nhuận được chia | B26: 27 | D26: =DSUM(CT!$A$3:$I$143,CT!H3,K42:L44) -> 0 | H26: 335* | I26: 112* | K26: 111* | L26: 711* | N26: 171* | O26: 111*
A27: Lưu chuyển tiền thuần từ hoạt động đầu tư | B27: 30 | D27: =SUM(D20:D26) -> 430000000 | H27: 335* | I27: 113* | K27: 112* | L27: 711* | N27: 171* | O27: 112*
A28: III. Lưu chuyển tiền từ hoạt động tài chính | H28: 242* | I28: 111* | K28: 111* | L28: 5118* | N28: 171* | O28: 113*
A29: 1.Tiền thu từ phát hành cổ phiếu, nhận vốn góp của chủ sở hữu | B29: 31 | D29: =DSUM(CT!$A$3:$I$143,CT!H3,K71:L74) -> 0 | H29: 242* | I29: 112* | K29: 112* | L29: 5118* | N29: 3411* | O29: 111*
A30: 2.Tiền trả lại vốn góp cho các chủ sở hữu, mua lại cổ phiếu của doanh nghiệp đã phát hành | B30: 32 | D30: =DSUM(CT!$A$3:$I$143,CT!H3,K75:L81) -> 0 | H30: 242* | I30: 113* | K30: 111* | L30: 131* | N30: 3411* | O30: 112*
A31: 3.Tiền thu từ đi vay | B31: 33 | D31: =DSUM(CT!$A$3:$I$143,CT!H3,N9:O24) -> 0 | G31: MS5 | H31: TKNO | I31: TKCO | K31: 112* | L31: 131* | N31: 3411* | O31: 113*
A32: 4.Tiền trả nợ gốc vay | B32: 34 | D32: =DSUM(CT!$A$3:$I$143,CT!H3,N25:O40) -> 0 | H32: 3334* | I32: 111* | J32: MS23 | K32: TKNO | L32: TKCO | N32: 3431* | O32: 111*
A33: 5.Tiền trả nợ gốc thuê tài chính | B33: 35 | D33: =DSUM(CT!$A$3:$I$143,CT!H3,N41:O44) -> 0 | H33: 3334* | I33: 112* | K33: 128* | L33: 111* | N33: 3431* | O33: 112*
A34: 6. Cổ tức, lợi nhuận đã trả cho chủ sở hữu | B34: 36 | D34: =DSUM(CT!$A$3:$I$143,CT!H3,N45:O51) -> 0 | H34: 3334* | I34: 113* | K34: 128* | L34: 112* | N34: 3431* | O34: 113*
A35: Lưu chuyển tiền thuần từ hoạt động tài chính | B35: 40 | D35: =SUM(D29:D34) -> 0 | G35: MS6 | H35: TKNO | I35: TKCO | K35: 228* | L35: 111* | N35: 3432* | O35: 111*
A36: Lưu chuyển tiền thuần trong kỳ (50 = 20+30+40) | B36: 50 | D36: =D18+D27+D35 -> 822200000 | H36: 111* | I36: 711* | K36: 228* | L36: 112* | N36: 3432* | O36: 112*
A37: Tiền và tương đương tiền đầu kỳ | B37: 60 | D37: 858221000 | H37: 112* | I37: 711* | J37: MS24 | K37: TKNO | L37: TKCO | N37: 3432* | O37: 113*
A38: Ảnh hưởng của thay đổi tỷ giá hối đoái quy đổi ngoại tệ | B38: 61 | H38: 111* | I38: 133* | K38: 111* | L38: 128* | N38: 41112* | O38: 111*
A39: Tiền và tương đương tiền cuối kỳ (70 = 50+60+61) | B39: 70 | D39: =D36+D37+D38 -> 1680421000 | H39: 112* | I39: 133* | K39: 112* | L39: 128* | N39: 41112* | O39: 112*
D40: Lập, ngày …. tháng …. năm ….. | H40: 111* | I40: 141* | K40: 111* | L40: 228* | N40: 41112* | O40: 113*
H41: 112* | I41: 141* | K41: 112* | L41: 228* | M41: MS35 | N41: TKNO | O41: TKCO
A42: Người lập biểu | B42: Kế tóan trưởng | E42: Giám đốc | H42: 111* | I42: 244* | J42: MS27 | K42: TKNO | L42: TKCO | N42: 3412* | O42: 111*
A43: (Ký, họ tên) | B43: (Ký, họ tên) | E43: (Ký, họ tên, đóng dấu) | H43: 112* | I43: 244* | K43: 111* | L43: 515* | N43: 3412* | O43: 112*
G44: MS7 | H44: TKNO | I44: TKCO | K44: 112* | L44: 515* | N44: 3412* | O44: 113*
H45: 811* | I45: 111* | J45: MS25 | K45: TKNO | L45: TKCO | M45: MS36 | N45: TKNO | O45: TKCO
H46: 811* | I46: 112* | K46: 221* | L46: 111* | N46: 421* | O46: 111*
H47: 811* | I47: 113* | K47: 221* | L47: 112* | N47: 421* | O47: 112*
H48: 161* | I48: 111* | K48: 221* | L48: 113* | N48: 421* | O48: 113*
H49: 161* | I49: 112* | K49: 222* | L49: 111* | N49: 338* | O49: 111*
H50: 161* | I50: 113* | K50: 222* | L50: 112* | N50: 338* | O50: 112*
H51: 244* | I51: 111* | K51: 222* | L51: 113* | N51: 338* | O51: 113*
H52: 244* | I52: 112* | K52: 2281* | L52: 111*
H53: 244* | I53: 113* | K53: 2281* | L53: 112*
H54: 333* | I54: 111* | K54: 2281* | L54: 113*
H55: 333* | I55: 112* | K55: 331* | L55: 111*
H56: 333* | I56: 113* | K56: 331* | L56: 112*
H57: 338* | I57: 111* | K57: 331* | L57: 113*
H58: 338* | I58: 112* | J58: MS26 | K58: TKNO | L58: TKCO
H59: 338* | I59: 113* | K59: 111* | L59: 221*
H60: 344* | I60: 111* | K60: 112* | L60: 221*
H61: 344* | I61: 112* | K61: 113* | L61: 221*
H62: 344* | I62: 113* | K62: 111* | L62: 222*
H63: 352* | I63: 111* | K63: 112* | L63: 222*
H64: 352* | I64: 112* | K64: 113* | L64: 222*
H65: 352* | I65: 113* | K65: 111* | L65: 2281*
H66: 353* | I66: 111* | K66: 112* | L66: 2281*
H67: 353* | I67: 112* | K67: 113* | L67: 2281*
H68: 353* | I68: 113* | K68: 111* | L68: 131*
H69: 356* | I69: 111* | K69: 112* | L69: 131*
H70: 356* | I70: 112* | K70: 113* | L70: 131*
H71: 356* | I71: 113* | J71: MS31 | K71: TKNO | L71: TKCO
G72: MS21 | H72: TKNO | I72: TKCO | K72: 111* | L72: 411*
H73: 211* | I73: 111* | K73: 112* | L73: 411*
H74: 211* | I74: 112* | K74: 113* | L74: 411*
H75: 217* | I75: 111* | J75: MS32 | K75: TKNO | L75: TKCO
H76: 217* | I76: 112* | K76: 411* | L76: 111*
H77: 241* | I77: 111* | K77: 411* | L77: 112*
H78: 241* | I78: 112* | K78: 411* | L78: 113*
H79: 228* | I79: 111* | K79: 419* | L79: 111*
H80: 228* | I80: 112* | K80: 419* | L80: 112*
H81: 131* | I81: 111* | K81: 419* | L81: 113*
H82: 131* | I82: 112*
H83: 331* | I83: 111*
H84: 331* | I84: 112*
