Workbook

Sheet DMTK
A1: BẢNG DANH MỤC TÀI KHOẢN
A3: MÃ TS-NV | B3: SHTK | C3: Loại TK | D3: TÊN TK | E3: TỒN DK | F3: SDD | G3: PSNO | H3: PSCO | I3: TỒN CK | J3: SDC | K3: DDNO | L3: DDCO | M3: MaTSNVDN | N3: SODN | O3: MaTSNVCK | P3: SOCK | Q3: ĐVT
A4: 0 | B4: 1 | C4: 2 | D4: 3 | E4: 4 | F4: 5 | G4: 6 | H4: 7 | I4: 8 | J4: 9 | K4: 10 | L4: 11 | M4: 12 | N4: 13 | O4: 14 | P4: 15 | Q4: 16
A5: 100.110.111 | B5: 1111 | C5: N | D5: Tiền Việt Nam | F5: 400000000 | G5: =SUMIFS(CT!$H$5:$H$143,CT!$D$5:$D$143,DMTK!B5) -> 25200000 | H5: =SUMIFS(CT!$H$5:$H$143,CT!$E$5:$E$143,DMTK!B5) -> 404100000 | I5: =IF(OR(LEFT(B5,3)="152",LEFT(B5,3)="153",LEFT(B5,3)="155",LEFT(B5,3)="156",LEFT(B5,3)="157"),E5+SUMIFS(CT!$F$5:$F$143,CT!$D$5:$D$143,DMTK!B5)-SUMIFS(CT!$F$5:$F$143,CT!$E$5:$E$143,DMTK!B5),0) -> 0 | J5: =IF(C5="N",F5+G5-H5,F5+H5-G5) -> 21100000 | K5: =IF(OR(AND(C5="N",F5>0),AND(C5="C",F5<0)),ABS(F5),0) -> 400000000 | L5: =IF(OR(AND(C5="C",F5>0),AND(C5="N",F5<0)),ABS(F5),0) -> 0
A6: 100.110.111 | B6: 1112 | C6: N | D6: Ngoại tệ | F6: 0 | G6: =SUMIFS(CT!$H$5:$H$143,CT!$D$5:$D$143,DMTK!B6) -> 0 | H6: =SUMIFS(CT!$H$5:$H$143,CT!$E$5:$E$143,DMTK!B6) -> 0 | I6: =IF(OR(LEFT(B6,3)="152",LEFT(B6,3)="153",LEFT(B6,3)="155",LEFT(B6,3)="156",LEFT(B6,3)="157"),E6+SUMIFS(CT!$F$5:$F$143,CT!$D$5:$D$143,DMTK!B6)-SUMIFS(CT!$F$5:$F$143,CT!$E$5:$E$143,DMTK!B6),0) -> 0 | J6: =IF(C6="N",F6+G6-H6,F6+H6-G6) -> 0 | K6: =IF(OR(AND(C6="N",F6>0),AND(C6="C",F6<0)),ABS(F6),0) -> 0 | L6: =IF(OR(AND(C6="C",F6>0),AND(C6="N",F6<0)),ABS(F6),0) -> 0
A7: 100.110.111 | B7: 1113 | C7: N | D7: Vàng tiền tệ | F7: 0 | G7: =SUMIFS(CT!$H$5:$H$143,CT!$D$5:$D$143,DMTK!B7) -> 0 | H7: =SUMIFS(CT!$H$5:$H$143,CT!$E$5:$E$143,DMTK!B7) -> 0 | I7: =IF(OR(LEFT(B7,3)="152",LEFT(B7,3)="153",LEFT(B7,3)="155",LEFT(B7,3)="156",LEFT(B7,3)="157"),E7+SUMIFS(CT!$F$5:$F$143,CT!$D$5:$D$143,DMTK!B7)-SUMIFS(CT!$F$5:$F$143,CT!$E$5:$E$143,DMTK!B7),0) -> 0 | J7: =IF(C7="N",F7+G7-H7,F7+H7-G7) -> 0 | K7: =IF(OR(AND(C7="N",F7>0),AND(C7="C",F7<0)),ABS(F7),0) -> 0 | L7: =IF(OR(AND(C7="C",F7>0),AND(C7="N",F7<0)),ABS(F7),0) -> 0
A8: 100.110.111 | B8: 1121.01 | C8: N | D8: Tiền Việt Nam NH Ngoại Thương | F8: 258221000 | G8: =SUMIFS(CT!$H$5:$H$143,CT!$D$5:$D$143,DMTK!B8) -> 0 | H8: =SUMIFS(CT!$H$5:$H$143,CT!$E$5:$E$143,DMTK!B8) -> 90000000 | I8: =IF(OR(LEFT(B8,3)="152",LEFT(B8,3)="153",LEFT(B8,3)="155",LEFT(B8,3)="156",LEFT(B8,3)="157"),E8+SUMIFS(CT!$F$5:$F$143,CT!$D$5:$D$143,DMTK!B8)-SUMIFS(CT!$F$5:$F$143,CT!$E$5:$E$143,DMTK!B8),0) -> 0 | J8: =IF(C8="N",F8+G8-H8,F8+H8-G8) -> 168221000 | K8: =IF(OR(AND(C8="N",F8>0),AND(C8="C",F8<0)),ABS(F8),0) -> 258221000 | L8: =IF(OR(AND(C8="C",F8>0),AND(C8="N",F8<0)),ABS(F8),0) -> 0
A9: 100.110.111 | B9: 1121.02 | C9: N | D9: Tiền Việt Nam NH Đông Á | F9: 60000000 | G9: =SUMIFS(CT!$H$5:$H$143,CT!$D$5:$D$143,DMTK!B9) -> 30000000 | H9: =SUMIFS(CT!$H$5:$H$143,CT!$E$5:$E$143,DMTK!B9) -> 0 | I9: =IF(OR(LEFT(B9,3)="152",LEFT(B9,3)="153",LEFT(B9,3)="155",LEFT(B9,3)="156",LEFT(B9,3)="157"),E9+SUMIFS(CT!$F$5:$F$143,CT!$D$5:$D$143,DMTK!B9)-SUMIFS(CT!$F$5:$F$143,CT!$E$5:$E$143,DMTK!B9),0) -> 0 | J9: =IF(C9="N",F9+G9-H9,F9+H9-G9) -> 90000000 | K9: =IF(OR(AND(C9="N",F9>0),AND(C9="C",F9<0)),ABS(F9),0) -> 60000000 | L9: =IF(OR(AND(C9="C",F9>0),AND(C9="N",F9<0)),ABS(F9),0) -> 0
A10: 100.110.111 | B10: 1121.03 | C10: N | D10: Tiền Việt Nam NH Á Châu | F10: 40000000 | G10: =SUMIFS(CT!$H$5:$H$143,CT!$D$5:$D$143,DMTK!B10) -> 0 | H10: =SUMIFS(CT!$H$5:$H$143,CT!$E$5:$E$143,DMTK!B10) -> 0 | I10: =IF(OR(LEFT(B10,3)="152",LEFT(B10,3)="153",LEFT(B10,3)="155",LEFT(B10,3)="156",LEFT(B10,3)="157"),E10+SUMIFS(CT!$F$5:$F$143,CT!$D$5:$D$143,DMTK!B10)-SUMIFS(CT!$F$5:$F$143,CT!$E$5:$E$143,DMTK!B10),0) -> 0 | J10: =IF(C10="N",F10+G10-H10,F10+H10-G10) -> 40000000 | K10: =IF(OR(AND(C10="N",F10>0),AND(C10="C",F10<0)),ABS(F10),0) -> 40000000 | L10: =IF(OR(AND(C10="C",F10>0),AND(C10="N",F10<0)),ABS(F10),0) -> 0
A11: 100.110.111 | B11: 1122 | C11: N | D11: Ngoại tệ | F11: 0 | G11: =SUMIFS(CT!$H$5:$H$143,CT!$D$5:$D$143,DMTK!B11) -> 0 | H11: =SUMIFS(CT!$H$5:$H$143,CT!$E$5:$E$143,DMTK!B11) -> 0 | I11: =IF(OR(LEFT(B11,3)="152",LEFT(B11,3)="153",LEFT(B11,3)="155",LEFT(B11,3)="156",LEFT(B11,3)="157"),E11+SUMIFS(CT!$F$5:$F$143,CT!$D$5:$D$143,DMTK!B11)-SUMIFS(CT!$F$5:$F$143,CT!$E$5:$E$143,DMTK!B11),0) -> 0 | J11: =IF(C11="N",F11+G11-H11,F11+H11-G11) -> 0 | K11: =IF(OR(AND(C11="N",F11>0),AND(C11="C",F11<0)),ABS(F11),0) -> 0 | L11: =IF(OR(AND(C11="C",F11>0),AND(C11="N",F11<0)),ABS(F11),0) -> 0
A12: 100.110.111 | B12: 1123 | C12: N | D12: Vàng tiền tệ | F12: 0 | G12: =SUMIFS(CT!$H$5:$H$143,CT!$D$5:$D$143,DMTK!B12) -> 0 | H12: =SUMIFS(CT!$H$5:$H$143,CT!$E$5:$E$143,DMTK!B12) -> 0 | I12: =IF(OR(LEFT(B12,3)="152",LEFT(B12,3)="153",LEFT(B12,3)="155",LEFT(B12,3)="156",LEFT(B12,3)="157"),E12+SUMIFS(CT!$F$5:$F$143,CT!$D$5:$D$143,DMTK!B12)-SUMIFS(CT!$F$5:$F$143,CT!$E$5:$E$143,DMTK!B12),0) -> 0 | J12: =IF(C12="N",F12+G12-H12,F12+H12-G12) -> 0 | K12: =IF(OR(AND(C12="N",F12>0),AND(C12="C",F12<0)),ABS(F12),0) -> 0 | L12: =IF(OR(AND(C12="C",F12>0),AND(C12="N",F12<0)),ABS(F12),0) -> 0
A13: 100.110.111 | B13: 1131 | C13: N | D13: Tiền Việt Nam | F13: 0 | G13: =SUMIFS(CT!$H$5:$H$143,CT!$D$5:$D$143,DMTK!B13) -> 0 | H13: =SUMIFS(CT!$H$5:$H$143,CT!$E$5:$E$143,DMTK!B13) -> 0 | I13: =IF(OR(LEFT(B13,3)="152",LEFT(B13,3)="153",LEFT(B13,3)="155",LEFT(B13,3)="156",LEFT(B13,3)="157"),E13+SUMIFS(CT!$F$5:$F$143,CT!$D$5:$D$143,DMTK!B13)-SUMIFS(CT!$F$5:$F$143,CT!$E$5:$E$143,DMTK!B13),0) -> 0 | J13: =IF(C13="N",F13+G13-H13,F13+H13-G13) -> 0 | K13: =IF(OR(AND(C13="N",F13>0),AND(C13="C",F13<0)),ABS(F13),0) -> 0 | L13: =IF(OR(AND(C13="C",F13>0),AND(C13="N",F13<0)),ABS(F13),0) -> 0
A14: 100.110.111 | B14: 1132 | C14: N | D14: Ngoại tệ | G14: =SUMIFS(CT!$H$5:$H$143,CT!$D$5:$D$143,DMTK!B14) -> 0 | H14: =SUMIFS(CT!$H$5:$H$143,CT!$E$5:$E$143,DMTK!B14) -> 0 | I14: =IF(OR(LEFT(B14,3)="152",LEFT(B14,3)="153",LEFT(B14,3)="155",LEFT(B14,3)="156",LEFT(B14,3)="157"),E14+SUMIFS(CT!$F$5:$F$143,CT!$D$5:$D$143,DMTK!B14)-SUMIFS(CT!$F$5:$F$143,CT!$E$5:$E$143,DMTK!B14),0) -> 0 | J14: =IF(C14="N",F14+G14-H14,F14+H14-G14) -> 0 | K14: =IF(OR(AND(C14="N",F14>0),AND(C14="C",F14<0)),ABS(F14),0) -> 0 | L14: =IF(OR(AND(C14="C",F14>0),AND(C14="N",F14<0)),ABS(F14),0) -> 0
A15: 100.120.121 | B15: 1211 | C15: N | D15: Cổ phiếu | F15: 0 | G15: =SUMIFS(CT!$H$5:$H$143,CT!$D$5:$D$143,DMTK!B15) -> 0 | H15: =SUMIFS(CT!$H$5:$H$143,CT!$E$5:$E$143,DMTK!B15) -> 0 | I15: =IF(OR(LEFT(B15,3)="152",LEFT(B15,3)="153",LEFT(B15,3)="155",LEFT(B15,3)="156",LEFT(B15,3)="157"),E15+SUMIFS(CT!$F$5:$F$143,CT!$D$5:$D$143,DMTK!B15)-SUMIFS(CT!$F$5:$F$143,CT!$E$5:$E$143,DMTK!B15),0) -> 0 | J15: =IF(C15="N",F15+G15-H15,F15+H15-G15) -> 0 | K15: =IF(OR(AND(C15="N",F15>0),AND(C15="C",F15<0)),ABS(F15),0) -> 0 | L15: =IF(OR(AND(C15="C",F15>0),AND(C15="N",F15<0)),ABS(F15),0) -> 0
A16: 100.120.121 | B16: 1212 | C16: N | D16: Trái phiếu | F16: 0 | G16: =SUMIFS(CT!$H$5:$H$143,CT!$D$5:$D$143,DMTK!B16) -> 0 | H16: =SUMIFS(CT!$H$5:$H$143,CT!$E$5:$E$143,DMTK!B16) -> 0 | I16: =IF(OR(LEFT(B16,3)="152",LEFT(B16,3)="153",LEFT(B16,3)="155",LEFT(B16,3)="156",LEFT(B16,3)="157"),E16+SUMIFS(CT!$F$5:$F$143,CT!$D$5:$D$143,DMTK!B16)-SUMIFS(CT!$F$5:$F$143,CT!$E$5:$E$143,DMTK!B16),0) -> 0 | J16: =IF(C16="N",F16+G16-H16,F16+H16-G16) -> 0 | K16: =IF(OR(AND(C16="N",F16>0),AND(C16="C",F16<0)),ABS(F16),0) -> 0 | L16: =IF(OR(AND(C16="C",F16>0),AND(C16="N",F16<0)),ABS(F16),0) -> 0
A17: 100.110.112 | B17: 12811 | C17: N | D17: Tiền gửi có kỳ hạn (không quá 3 tháng) | F17: 100000000 | G17: =SUMIFS(CT!$H$5:$H$143,CT!$D$5:$D$143,DMTK!B17) -> 0 | H17: =SUMIFS(CT!$H$5:$H$143,CT!$E$5:$E$143,DMTK!B17) -> 0 | I17: =IF(OR(LEFT(B17,3)="152",LEFT(B17,3)="153",LEFT(B17,3)="155",LEFT(B17,3)="156",LEFT(B17,3)="157"),E17+SUMIFS(CT!$F$5:$F$143,CT!$D$5:$D$143,DMTK!B17)-SUMIFS(CT!$F$5:$F$143,CT!$E$5:$E$143,DMTK!B17),0) -> 0 | J17: =IF(C17="N",F17+G17-H17,F17+H17-G17) -> 100000000 | K17: =IF(OR(AND(C17="N",F17>0),AND(C17="C",F17<0)),ABS(F17),0) -> 100000000 | L17: =IF(OR(AND(C17="C",F17>0),AND(C17="N",F17<0)),ABS(F17),0) -> 0
A18: 100.120.123 | B18: 12812 | C18: N | D18: Tiền gửi có kỳ hạn (không quá 12 tháng) | G18: =SUMIFS(CT!$H$5:$H$143,CT!$D$5:$D$143,DMTK!B18) -> 0 | H18: =SUMIFS(CT!$H$5:$H$143,CT!$E$5:$E$143,DMTK!B18) -> 0 | I18: =IF(OR(LEFT(B18,3)="152",LEFT(B18,3)="153",LEFT(B18,3)="155",LEFT(B18,3)="156",LEFT(B18,3)="157"),E18+SUMIFS(CT!$F$5:$F$143,CT!$D$5:$D$143,DMTK!B18)-SUMIFS(CT!$F$5:$F$143,CT!$E$5:$E$143,DMTK!B18),0) -> 0 | J18: =IF(C18="N",F18+G18-H18,F18+H18-G18) -> 0 | K18: =IF(OR(AND(C18="N",F18>0),AND(C18="C",F18<0)),ABS(F18),0) -> 0 | L18: =IF(OR(AND(C18="C",F18>0),AND(C18="N",F18<0)),ABS(F18),0) -> 0
A19: 100.130.135 | B19: 12831 | C19: N | D19: Cho vay (không quá 12 tháng) | G19: =SUMIFS(CT!$H$5:$H$143,CT!$D$5:$D$143,DMTK!B19) -> 0 | H19: =SUMIFS(CT!$H$5:$H$143,CT!$E$5:$E$143,DMTK!B19) -> 0 | I19: =IF(OR(LEFT(B19,3)="152",LEFT(B19,3)="153",LEFT(B19,3)="155",LEFT(B19,3)="156",LEFT(B19,3)="157"),E19+SUMIFS(CT!$F$5:$F$143,CT!$D$5:$D$143,DMTK!B19)-SUMIFS(CT!$F$5:$F$143,CT!$E$5:$E$143,DMTK!B19),0) -> 0 | J19: =IF(C19="N",F19+G19-H19,F19+H19-G19) -> 0 | K19: =IF(OR(AND(C19="N",F19>0),AND(C19="C",F19<0)),ABS(F19),0) -> 0 | L19: =IF(OR(AND(C19="C",F19>0),AND(C19="N",F19<0)),ABS(F19),0) -> 0
A20: 200.210.215 | B20: 12832 | C20: N | D20: Cho vay (trên 12 tháng) | G20: =SUMIFS(CT!$H$5:$H$143,CT!$D$5:$D$143,DMTK!B20) -> 0 | H20: =SUMIFS(CT!$H$5:$H$143,CT!$E$5:$E$143,DMTK!B20) -> 0 | I20: =IF(OR(LEFT(B20,3)="152",LEFT(B20,3)="153",LEFT(B20,3)="155",LEFT(B20,3)="156",LEFT(B20,3)="157"),E20+SUMIFS(CT!$F$5:$F$143,CT!$D$5:$D$143,DMTK!B20)-SUMIFS(CT!$F$5:$F$143,CT!$E$5:$E$143,DMTK!B20),0) -> 0 | J20: =IF(C20="N",F20+G20-H20,F20+H20-G20) -> 0 | K20: =IF(OR(AND(C20="N",F20>0),AND(C20="C",F20<0)),ABS(F20),0) -> 0 | L20: =IF(OR(AND(C20="C",F20>0),AND(C20="N",F20<0)),ABS(F20),0) -> 0
A21: 100.110.112 | B21: 12881 | C21: N | D21: Các khoản đầu tư khác nắm giữ đến ngày đáo hạn | F21: 0 | G21: =SUMIFS(CT!$H$5:$H$143,CT!$D$5:$D$143,DMTK!B21) -> 0 | H21: =SUMIFS(CT!$H$5:$H$143,CT!$E$5:$E$143,DMTK!B21) -> 0 | I21: =IF(OR(LEFT(B21,3)="152",LEFT(B21,3)="153",LEFT(B21,3)="155",LEFT(B21,3)="156",LEFT(B21,3)="157"),E21+SUMIFS(CT!$F$5:$F$143,CT!$D$5:$D$143,DMTK!B21)-SUMIFS(CT!$F$5:$F$143,CT!$E$5:$E$143,DMTK!B21),0) -> 0 | J21: =IF(C21="N",F21+G21-H21,F21+H21-G21) -> 0 | K21: =IF(OR(AND(C21="N",F21>0),AND(C21="C",F21<0)),ABS(F21),0) -> 0 | L21: =IF(OR(AND(C21="C",F21>0),AND(C21="N",F21<0)),ABS(F21),0) -> 0
A22: 100.120.123 | B22: 12882 | C22: N | D22: Các khoản đầu tư khác nắm giữ đến ngày đáo hạn (không quá 12 tháng) | G22: =SUMIFS(CT!$H$5:$H$143,CT!$D$5:$D$143,DMTK!B22) -> 0 | H22: =SUMIFS(CT!$H$5:$H$143,CT!$E$5:$E$143,DMTK!B22) -> 0 | I22: =IF(OR(LEFT(B22,3)="152",LEFT(B22,3)="153",LEFT(B22,3)="155",LEFT(B22,3)="156",LEFT(B22,3)="157"),E22+SUMIFS(CT!$F$5:$F$143,CT!$D$5:$D$143,DMTK!B22)-SUMIFS(CT!$F$5:$F$143,CT!$E$5:$E$143,DMTK!B22),0) -> 0 | J22: =IF(C22="N",F22+G22-H22,F22+H22-G22) -> 0 | K22: =IF(OR(AND(C22="N",F22>0),AND(C22="C",F22<0)),ABS(F22),0) -> 0 | L22: =IF(OR(AND(C22="C",F22>0),AND(C22="N",F22<0)),ABS(F22),0) -> 0
A23: 100.130.131 | B23: 1311.01 | C23: N | D23: Công ty Quang Minh (ngắn hạn) | F23: 100000000 | G23: =SUMIFS(CT!$H$5:$H$143,CT!$D$5:$D$143,DMTK!B23) -> 0 | H23: =SUMIFS(CT!$H$5:$H$143,CT!$E$5:$E$143,DMTK!B23) -> 20000000 | I23: =IF(OR(LEFT(B23,3)="152",LEFT(B23,3)="153",LEFT(B23,3)="155",LEFT(B23,3)="156",LEFT(B23,3)="157"),E23+SUMIFS(CT!$F$5:$F$143,CT!$D$5:$D$143,DMTK!B23)-SUMIFS(CT!$F$5:$F$143,CT!$E$5:$E$143,DMTK!B23),0) -> 0 | J23: =IF(C23="N",F23+G23-H23,F23+H23-G23) -> 80000000 | K23: =IF(OR(AND(C23="N",F23>0),AND(C23="C",F23<0)),ABS(F23),0) -> 100000000 | L23: =IF(OR(AND(C23="C",F23>0),AND(C23="N",F23<0)),ABS(F23),0) -> 0
A24: 100.130.131 | B24: 1311.02 | C24: N | D24: Cty TNHH TMDV Mai Anh (ngắn hạn) | F24: 70000000 | G24: =SUMIFS(CT!$H$5:$H$143,CT!$D$5:$D$143,DMTK!B24) -> 0 | H24: =SUMIFS(CT!$H$5:$H$143,CT!$E$5:$E$143,DMTK!B24) -> 30000000 | I24: =IF(OR(LEFT(B24,3)="152",LEFT(B24,3)="153",LEFT(B24,3)="155",LEFT(B24,3)="156",LEFT(B24,3)="157"),E24+SUMIFS(CT!$F$5:$F$143,CT!$D$5:$D$143,DMTK!B24)-SUMIFS(CT!$F$5:$F$143,CT!$E$5:$E$143,DMTK!B24),0) -> 0 | J24: =IF(C24="N",F24+G24-H24,F24+H24-G24) -> 40000000 | K24: =IF(OR(AND(C24="N",F24>0),AND(C24="C",F24<0)),ABS(F24),0) -> 70000000 | L24: =IF(OR(AND(C24="C",F24>0),AND(C24="N",F24<0)),ABS(F24),0) -> 0
A25: 100.130.131 | B25: 1311.03 | C25: N | D25: Cty TNHH Phương Nam (ngắn hạn) | F25: 57000000 | G25: =SUMIFS(CT!$H$5:$H$143,CT!$D$5:$D$143,DMTK!B25) -> 0 | H25: =SUMIFS(CT!$H$5:$H$143,CT!$E$5:$E$143,DMTK!B25) -> 5000000 | I25: =IF(OR(LEFT(B25,3)="152",LEFT(B25,3)="153",LEFT(B25,3)="155",LEFT(B25,3)="156",LEFT(B25,3)="157"),E25+SUMIFS(CT!$F$5:$F$143,CT!$D$5:$D$143,DMTK!B25)-SUMIFS(CT!$F$5:$F$143,CT!$E$5:$E$143,DMTK!B25),0) -> 0 | J25: =IF(C25="N",F25+G25-H25,F25+H25-G25) -> 52000000 | K25: =IF(OR(AND(C25="N",F25>0),AND(C25="C",F25<0)),ABS(F25),0) -> 57000000 | L25: =IF(OR(AND(C25="C",F25>0),AND(C25="N",F25<0)),ABS(F25),0) -> 0
A26: 100.130.131 | B26: 1311.04 | C26: N | D26: Cty TNHH Kim Tín (ngắn hạn) | F26: -52000000 | G26: =SUMIFS(CT!$H$5:$H$143,CT!$D$5:$D$143,DMTK!B26) -> 0 | H26: =SUMIFS(CT!$H$5:$H$143,CT!$E$5:$E$143,DMTK!B26) -> 0 | I26: =IF(OR(LEFT(B26,3)="152",LEFT(B26,3)="153",LEFT(B26,3)="155",LEFT(B26,3)="156",LEFT(B26,3)="157"),E26+SUMIFS(CT!$F$5:$F$143,CT!$D$5:$D$143,DMTK!B26)-SUMIFS(CT!$F$5:$F$143,CT!$E$5:$E$143,DMTK!B26),0) -> 0 | J26: =IF(C26="N",F26+G26-H26,F26+H26-G26) -> -52000000 | K26: =IF(OR(AND(C26="N",F26>0),AND(C26="C",F26<0)),ABS(F26),0) -> 0 | L26: =IF(OR(AND(C26="C",F26>0),AND(C26="N",F26<0)),ABS(F26),0) -> 52000000
A27: 100.130.131 | B27: 1311.05 | C27: N | D27: Cty TNHH Nam Việt (ngắn hạn) | G27: =SUMIFS(CT!$H$5:$H$143,CT!$D$5:$D$143,DMTK!B27) -> 30150000 | H27: =SUMIFS(CT!$H$5:$H$143,CT!$E$5:$E$143,DMTK!B27) -> 0 | I27: =IF(OR(LEFT(B27,3)="152",LEFT(B27,3)="153",LEFT(B27,3)="155",LEFT(B27,3)="156",LEFT(B27,3)="157"),E27+SUMIFS(CT!$F$5:$F$143,CT!$D$5:$D$143,DMTK!B27)-SUMIFS(CT!$F$5:$F$143,CT!$E$5:$E$143,DMTK!B27),0) -> 0 | J27: =IF(C27="N",F27+G27-H27,F27+H27-G27) -> 30150000 | K27: =IF(OR(AND(C27="N",F27>0),AND(C27="C",F27<0)),ABS(F27),0) -> 0 | L27: =IF(OR(AND(C27="C",F27>0),AND(C27="N",F27<0)),ABS(F27),0) -> 0
A28: 100.130.131 | B28: 1311.06 | C28: N | D28: Cty XNK Vật Tư (ngắn hạn) | F28: 0 | G28: =SUMIFS(CT!$H$5:$H$143,CT!$D$5:$D$143,DMTK!B28) -> 61007500 | H28: =SUMIFS(CT!$H$5:$H$143,CT!$E$5:$E$143,DMTK!B28) -> 0 | I28: =IF(OR(LEFT(B28,3)="152",LEFT(B28,3)="153",LEFT(B28,3)="155",LEFT(B28,3)="156",LEFT(B28,3)="157"),E28+SUMIFS(CT!$F$5:$F$143,CT!$D$5:$D$143,DMTK!B28)-SUMIFS(CT!$F$5:$F$143,CT!$E$5:$E$143,DMTK!B28),0) -> 0 | J28: =IF(C28="N",F28+G28-H28,F28+H28-G28) -> 61007500 | K28: =IF(OR(AND(C28="N",F28>0),AND(C28="C",F28<0)),ABS(F28),0) -> 0 | L28: =IF(OR(AND(C28="C",F28>0),AND(C28="N",F28<0)),ABS(F28),0) -> 0
A29: 100.150.152 | B29: 1331 | C29: N | D29: Thuế GTGT được khấu trừ của hàng hóa, dịch vụ | F29: 0 | G29: =SUMIFS(CT!$H$5:$H$143,CT!$D$5:$D$143,DMTK!B29) -> 1655000 | H29: =SUMIFS(CT!$H$5:$H$143,CT!$E$5:$E$143,DMTK!B29) -> 0 | I29: =IF(OR(LEFT(B29,3)="152",LEFT(B29,3)="153",LEFT(B29,3)="155",LEFT(B29,3)="156",LEFT(B29,3)="157"),E29+SUMIFS(CT!$F$5:$F$143,CT!$D$5:$D$143,DMTK!B29)-SUMIFS(CT!$F$5:$F$143,CT!$E$5:$E$143,DMTK!B29),0) -> 0 | J29: =IF(C29="N",F29+G29-H29,F29+H29-G29) -> 1655000 | K29: =IF(OR(AND(C29="N",F29>0),AND(C29="C",F29<0)),ABS(F29),0) -> 0 | L29: =IF(OR(AND(C29="C",F29>0),AND(C29="N",F29<0)),ABS(F29),0) -> 0
A30: 100.150.152 | B30: 1332 | C30: N | D30: Thuế GTGT được khấu trừ của TSCĐ | F30: 0 | G30: =SUMIFS(CT!$H$5:$H$143,CT!$D$5:$D$143,DMTK!B30) -> 14000000 | H30: =SUMIFS(CT!$H$5:$H$143,CT!$E$5:$E$143,DMTK!B30) -> 0 | I30: =IF(OR(LEFT(B30,3)="152",LEFT(B30,3)="153",LEFT(B30,3)="155",LEFT(B30,3)="156",LEFT(B30,3)="157"),E30+SUMIFS(CT!$F$5:$F$143,CT!$D$5:$D$143,DMTK!B30)-SUMIFS(CT!$F$5:$F$143,CT!$E$5:$E$143,DMTK!B30),0) -> 0 | J30: =IF(C30="N",F30+G30-H30,F30+H30-G30) -> 14000000 | K30: =IF(OR(AND(C30="N",F30>0),AND(C30="C",F30<0)),ABS(F30),0) -> 0 | L30: =IF(OR(AND(C30="C",F30>0),AND(C30="N",F30<0)),ABS(F30),0) -> 0
A31: 200.210.213 | B31: 1361 | C31: N | D31: Vốn kinh doanh ở các đơn vị trực thuộc | G31: =SUMIFS(CT!$H$5:$H$143,CT!$D$5:$D$143,DMTK!B31) -> 0 | H31: =SUMIFS(CT!$H$5:$H$143,CT!$E$5:$E$143,DMTK!B31) -> 0 | I31: =IF(OR(LEFT(B31,3)="152",LEFT(B31,3)="153",LEFT(B31,3)="155",LEFT(B31,3)="156",LEFT(B31,3)="157"),E31+SUMIFS(CT!$F$5:$F$143,CT!$D$5:$D$143,DMTK!B31)-SUMIFS(CT!$F$5:$F$143,CT!$E$5:$E$143,DMTK!B31),0) -> 0 | J31: =IF(C31="N",F31+G31-H31,F31+H31-G31) -> 0 | K31: =IF(OR(AND(C31="N",F31>0),AND(C31="C",F31<0)),ABS(F31),0) -> 0 | L31: =IF(OR(AND(C31="C",F31>0),AND(C31="N",F31<0)),ABS(F31),0) -> 0
A32: 100.130.133 | B32: 13621 | C32: N | D32: Phải thu nội bộ về chênh lệch tỷ giá (không quá 12 tháng) | G32: =SUMIFS(CT!$H$5:$H$143,CT!$D$5:$D$143,DMTK!B32) -> 0 | H32: =SUMIFS(CT!$H$5:$H$143,CT!$E$5:$E$143,DMTK!B32) -> 0 | I32: =IF(OR(LEFT(B32,3)="152",LEFT(B32,3)="153",LEFT(B32,3)="155",LEFT(B32,3)="156",LEFT(B32,3)="157"),E32+SUMIFS(CT!$F$5:$F$143,CT!$D$5:$D$143,DMTK!B32)-SUMIFS(CT!$F$5:$F$143,CT!$E$5:$E$143,DMTK!B32),0) -> 0 | J32: =IF(C32="N",F32+G32-H32,F32+H32-G32) -> 0 | K32: =IF(OR(AND(C32="N",F32>0),AND(C32="C",F32<0)),ABS(F32),0) -> 0 | L32: =IF(OR(AND(C32="C",F32>0),AND(C32="N",F32<0)),ABS(F32),0) -> 0
A33: 200.210.214 | B33: 13622 | C33: N | D33: Phải thu nội bộ về chênh lệch tỷ giá (trên 12 tháng) | G33: =SUMIFS(CT!$H$5:$H$143,CT!$D$5:$D$143,DMTK!B33) -> 0 | H33: =SUMIFS(CT!$H$5:$H$143,CT!$E$5:$E$143,DMTK!B33) -> 0 | I33: =IF(OR(LEFT(B33,3)="152",LEFT(B33,3)="153",LEFT(B33,3)="155",LEFT(B33,3)="156",LEFT(B33,3)="157"),E33+SUMIFS(CT!$F$5:$F$143,CT!$D$5:$D$143,DMTK!B33)-SUMIFS(CT!$F$5:$F$143,CT!$E$5:$E$143,DMTK!B33),0) -> 0 | J33: =IF(C33="N",F33+G33-H33,F33+H33-G33) -> 0 | K33: =IF(OR(AND(C33="N",F33>0),AND(C33="C",F33<0)),ABS(F33),0) -> 0 | L33: =IF(OR(AND(C33="C",F33>0),AND(C33="N",F33<0)),ABS(F33),0) -> 0
A34: 100.130.133 | B34: 13631 | C34: N | D34: Phải thu nội bộ về chi phí đi vay đủ điều kiện được vốn hóa (không quá 12 tháng) | F34: 0 | G34: =SUMIFS(CT!$H$5:$H$143,CT!$D$5:$D$143,DMTK!B34) -> 0 | H34: =SUMIFS(CT!$H$5:$H$143,CT!$E$5:$E$143,DMTK!B34) -> 0 | I34: =IF(OR(LEFT(B34,3)="152",LEFT(B34,3)="153",LEFT(B34,3)="155",LEFT(B34,3)="156",LEFT(B34,3)="157"),E34+SUMIFS(CT!$F$5:$F$143,CT!$D$5:$D$143,DMTK!B34)-SUMIFS(CT!$F$5:$F$143,CT!$E$5:$E$143,DMTK!B34),0) -> 0 | J34: =IF(C34="N",F34+G34-H34,F34+H34-G34) -> 0 | K34: =IF(OR(AND(C34="N",F34>0),AND(C34="C",F34<0)),ABS(F34),0) -> 0 | L34: =IF(OR(AND(C34="C",F34>0),AND(C34="N",F34<0)),ABS(F34),0) -> 0
A35: 200.210.214 | B35: 13632 | C35: N | D35: Phải thu nội bộ về chi phí đi vay đủ điều kiện được vốn hóa (trên 12 tháng) | G35: =SUMIFS(CT!$H$5:$H$143,CT!$D$5:$D$143,DMTK!B35) -> 0 | H35: =SUMIFS(CT!$H$5:$H$143,CT!$E$5:$E$143,DMTK!B35) -> 0 | I35: =IF(OR(LEFT(B35,3)="152",LEFT(B35,3)="153",LEFT(B35,3)="155",LEFT(B35,3)="156",LEFT(B35,3)="157"),E35+SUMIFS(CT!$F$5:$F$143,CT!$D$5:$D$143,DMTK!B35)-SUMIFS(CT!$F$5:$F$143,CT!$E$5:$E$143,DMTK!B35),0) -> 0 | J35: =IF(C35="N",F35+G35-H35,F35+H35-G35) -> 0 | K35: =IF(OR(AND(C35="N",F35>0),AND(C35="C",F35<0)),ABS(F35),0) -> 0 | L35: =IF(OR(AND(C35="C",F35>0),AND(C35="N",F35<0)),ABS(F35),0) -> 0
A36: 100.130.133 | B36: 13681 | C36: N | D36: Phải thu nội bộ khác (không quá 12 tháng) | G36: =SUMIFS(CT!$H$5:$H$143,CT!$D$5:$D$143,DMTK!B36) -> 0 | H36: =SUMIFS(CT!$H$5:$H$143,CT!$E$5:$E$143,DMTK!B36) -> 0 | I36: =IF(OR(LEFT(B36,3)="152",LEFT(B36,3)="153",LEFT(B36,3)="155",LEFT(B36,3)="156",LEFT(B36,3)="157"),E36+SUMIFS(CT!$F$5:$F$143,CT!$D$5:$D$143,DMTK!B36)-SUMIFS(CT!$F$5:$F$143,CT!$E$5:$E$143,DMTK!B36),0) -> 0 | J36: =IF(C36="N",F36+G36-H36,F36+H36-G36) -> 0 | K36: =IF(OR(AND(C36="N",F36>0),AND(C36="C",F36<0)),ABS(F36),0) -> 0 | L36: =IF(OR(AND(C36="C",F36>0),AND(C36="N",F36<0)),ABS(F36),0) -> 0
A37: 200.210.214 | B37: 13682 | C37: N | D37: Phải thu nội bộ khác (trên 12 tháng) | G37: =SUMIFS(CT!$H$5:$H$143,CT!$D$5:$D$143,DMTK!B37) -> 0 | H37: =SUMIFS(CT!$H$5:$H$143,CT!$E$5:$E$143,DMTK!B37) -> 0 | I37: =IF(OR(LEFT(B37,3)="152",LEFT(B37,3)="153",LEFT(B37,3)="155",LEFT(B37,3)="156",LEFT(B37,3)="157"),E37+SUMIFS(CT!$F$5:$F$143,CT!$D$5:$D$143,DMTK!B37)-SUMIFS(CT!$F$5:$F$143,CT!$E$5:$E$143,DMTK!B37),0) -> 0 | J37: =IF(C37="N",F37+G37-H37,F37+H37-G37) -> 0 | K37: =IF(OR(AND(C37="N",F37>0),AND(C37="C",F37<0)),ABS(F37),0) -> 0 | L37: =IF(OR(AND(C37="C",F37>0),AND(C37="N",F37<0)),ABS(F37),0) -> 0
A38: 100.130.139 | B38: 1381 | C38: N | D38: Tài sản thiếu chờ xử lý | G38: =SUMIFS(CT!$H$5:$H$143,CT!$D$5:$D$143,DMTK!B38) -> 0 | H38: =SUMIFS(CT!$H$5:$H$143,CT!$E$5:$E$143,DMTK!B38) -> 0 | I38: =IF(OR(LEFT(B38,3)="152",LEFT(B38,3)="153",LEFT(B38,3)="155",LEFT(B38,3)="156",LEFT(B38,3)="157"),E38+SUMIFS(CT!$F$5:$F$143,CT!$D$5:$D$143,DMTK!B38)-SUMIFS(CT!$F$5:$F$143,CT!$E$5:$E$143,DMTK!B38),0) -> 0 | J38: =IF(C38="N",F38+G38-H38,F38+H38-G38) -> 0 | K38: =IF(OR(AND(C38="N",F38>0),AND(C38="C",F38<0)),ABS(F38),0) -> 0 | L38: =IF(OR(AND(C38="C",F38>0),AND(C38="N",F38<0)),ABS(F38),0) -> 0
A39: 100.130.136 | B39: 13851 | C39: N | D39: Phải thu về cổ phần hóa (không quá 12 tháng) | G39: =SUMIFS(CT!$H$5:$H$143,CT!$D$5:$D$143,DMTK!B39) -> 0 | H39: =SUMIFS(CT!$H$5:$H$143,CT!$E$5:$E$143,DMTK!B39) -> 0 | I39: =IF(OR(LEFT(B39,3)="152",LEFT(B39,3)="153",LEFT(B39,3)="155",LEFT(B39,3)="156",LEFT(B39,3)="157"),E39+SUMIFS(CT!$F$5:$F$143,CT!$D$5:$D$143,DMTK!B39)-SUMIFS(CT!$F$5:$F$143,CT!$E$5:$E$143,DMTK!B39),0) -> 0 | J39: =IF(C39="N",F39+G39-H39,F39+H39-G39) -> 0 | K39: =IF(OR(AND(C39="N",F39>0),AND(C39="C",F39<0)),ABS(F39),0) -> 0 | L39: =IF(OR(AND(C39="C",F39>0),AND(C39="N",F39<0)),ABS(F39),0) -> 0
A40: 200.210.216 | B40: 13852 | C40: N | D40: Phải thu về cổ phần hóa | F40: 0 | G40: =SUMIFS(CT!$H$5:$H$143,CT!$D$5:$D$143,DMTK!B40) -> 0 | H40: =SUMIFS(CT!$H$5:$H$143,CT!$E$5:$E$143,DMTK!B40) -> 0 | I40: =IF(OR(LEFT(B40,3)="152",LEFT(B40,3)="153",LEFT(B40,3)="155",LEFT(B40,3)="156",LEFT(B40,3)="157"),E40+SUMIFS(CT!$F$5:$F$143,CT!$D$5:$D$143,DMTK!B40)-SUMIFS(CT!$F$5:$F$143,CT!$E$5:$E$143,DMTK!B40),0) -> 0 | J40: =IF(C40="N",F40+G40-H40,F40+H40-G40) -> 0 | K40: =IF(OR(AND(C40="N",F40>0),AND(C40="C",F40<0)),ABS(F40),0) -> 0 | L40: =IF(OR(AND(C40="C",F40>0),AND(C40="N",F40<0)),ABS(F40),0) -> 0
A41: 100.130.136 | B41: 13881 | C41: N | D41: Phải thu khác (không quá 12 tháng) | F41: 52200000 | G41: =SUMIFS(CT!$H$5:$H$143,CT!$D$5:$D$143,DMTK!B41) -> 0 | H41: =SUMIFS(CT!$H$5:$H$143,CT!$E$5:$E$143,DMTK!B41) -> 0 | I41: =IF(OR(LEFT(B41,3)="152",LEFT(B41,3)="153",LEFT(B41,3)="155",LEFT(B41,3)="156",LEFT(B41,3)="157"),E41+SUMIFS(CT!$F$5:$F$143,CT!$D$5:$D$143,DMTK!B41)-SUMIFS(CT!$F$5:$F$143,CT!$E$5:$E$143,DMTK!B41),0) -> 0 | J41: =IF(C41="N",F41+G41-H41,F41+H41-G41) -> 52200000 | K41: =IF(OR(AND(C41="N",F41>0),AND(C41="C",F41<0)),ABS(F41),0) -> 52200000 | L41: =IF(OR(AND(C41="C",F41>0),AND(C41="N",F41<0)),ABS(F41),0) -> 0
A42: 200.210.216 | B42: 13882 | C42: N | D42: Phải thu khác (trên 12 tháng) | G42: =SUMIFS(CT!$H$5:$H$143,CT!$D$5:$D$143,DMTK!B42) -> 0 | H42: =SUMIFS(CT!$H$5:$H$143,CT!$E$5:$E$143,DMTK!B42) -> 0 | I42: =IF(OR(LEFT(B42,3)="152",LEFT(B42,3)="153",LEFT(B42,3)="155",LEFT(B42,3)="156",LEFT(B42,3)="157"),E42+SUMIFS(CT!$F$5:$F$143,CT!$D$5:$D$143,DMTK!B42)-SUMIFS(CT!$F$5:$F$143,CT!$E$5:$E$143,DMTK!B42),0) -> 0 | J42: =IF(C42="N",F42+G42-H42,F42+H42-G42) -> 0 | K42: =IF(OR(AND(C42="N",F42>0),AND(C42="C",F42<0)),ABS(F42),0) -> 0 | L42: =IF(OR(AND(C42="C",F42>0),AND(C42="N",F42<0)),ABS(F42),0) -> 0
A43: 100.130.136 | B43: 141.0101 | C43: N | D43: Vương Thiện Minh | F43: 200000 | G43: =SUMIFS(CT!$H$5:$H$143,CT!$D$5:$D$143,DMTK!B43) -> 0 | H43: =SUMIFS(CT!$H$5:$H$143,CT!$E$5:$E$143,DMTK!B43) -> 0 | I43: =IF(OR(LEFT(B43,3)="152",LEFT(B43,3)="153",LEFT(B43,3)="155",LEFT(B43,3)="156",LEFT(B43,3)="157"),E43+SUMIFS(CT!$F$5:$F$143,CT!$D$5:$D$143,DMTK!B43)-SUMIFS(CT!$F$5:$F$143,CT!$E$5:$E$143,DMTK!B43),0) -> 0 | J43: =IF(C43="N",F43+G43-H43,F43+H43-G43) -> 200000 | K43: =IF(OR(AND(C43="N",F43>0),AND(C43="C",F43<0)),ABS(F43),0) -> 200000 | L43: =IF(OR(AND(C43="C",F43>0),AND(C43="N",F43<0)),ABS(F43),0) -> 0
A44: 100.130.136 | B44: 141.0102 | C44: N | D44: Hồ Sĩ Nhật | F44: 1000000 | G44: =SUMIFS(CT!$H$5:$H$143,CT!$D$5:$D$143,DMTK!B44) -> 2000000 | H44: =SUMIFS(CT!$H$5:$H$143,CT!$E$5:$E$143,DMTK!B44) -> 2000000 | I44: =IF(OR(LEFT(B44,3)="152",LEFT(B44,3)="153",LEFT(B44,3)="155",LEFT(B44,3)="156",LEFT(B44,3)="157"),E44+SUMIFS(CT!$F$5:$F$143,CT!$D$5:$D$143,DMTK!B44)-SUMIFS(CT!$F$5:$F$143,CT!$E$5:$E$143,DMTK!B44),0) -> 0 | J44: =IF(C44="N",F44+G44-H44,F44+H44-G44) -> 1000000 | K44: =IF(OR(AND(C44="N",F44>0),AND(C44="C",F44<0)),ABS(F44),0) -> 1000000 | L44: =IF(OR(AND(C44="C",F44>0),AND(C44="N",F44<0)),ABS(F44),0) -> 0
A45: 100.130.136 | B45: 141.0103 | C45: N | D45: Phạm Minh Duy | F45: 300000 | G45: =SUMIFS(CT!$H$5:$H$143,CT!$D$5:$D$143,DMTK!B45) -> 0 | H45: =SUMIFS(CT!$H$5:$H$143,CT!$E$5:$E$143,DMTK!B45) -> 0 | I45: =IF(OR(LEFT(B45,3)="152",LEFT(B45,3)="153",LEFT(B45,3)="155",LEFT(B45,3)="156",LEFT(B45,3)="157"),E45+SUMIFS(CT!$F$5:$F$143,CT!$D$5:$D$143,DMTK!B45)-SUMIFS(CT!$F$5:$F$143,CT!$E$5:$E$143,DMTK!B45),0) -> 0 | J45: =IF(C45="N",F45+G45-H45,F45+H45-G45) -> 300000 | K45: =IF(OR(AND(C45="N",F45>0),AND(C45="C",F45<0)),ABS(F45),0) -> 300000 | L45: =IF(OR(AND(C45="C",F45>0),AND(C45="N",F45<0)),ABS(F45),0) -> 0
A46: 100.130.136 | B46: 141.0201 | C46: N | D46: Đoàn Trâm Anh | F46: 1500000 | G46: =SUMIFS(CT!$H$5:$H$143,CT!$D$5:$D$143,DMTK!B46) -> 0 | H46: =SUMIFS(CT!$H$5:$H$143,CT!$E$5:$E$143,DMTK!B46) -> 0 | I46: =IF(OR(LEFT(B46,3)="152",LEFT(B46,3)="153",LEFT(B46,3)="155",LEFT(B46,3)="156",LEFT(B46,3)="157"),E46+SUMIFS(CT!$F$5:$F$143,CT!$D$5:$D$143,DMTK!B46)-SUMIFS(CT!$F$5:$F$143,CT!$E$5:$E$143,DMTK!B46),0) -> 0 | J46: =IF(C46="N",F46+G46-H46,F46+H46-G46) -> 1500000 | K46: =IF(OR(AND(C46="N",F46>0),AND(C46="C",F46<0)),ABS(F46),0) -> 1500000 | L46: =IF(OR(AND(C46="C",F46>0),AND(C46="N",F46<0)),ABS(F46),0) -> 0
A47: 100.130.136 | B47: 141.0202 | C47: N | D47: Nguyễn Hoài Nam | F47: 500000 | G47: =SUMIFS(CT!$H$5:$H$143,CT!$D$5:$D$143,DMTK!B47) -> 0 | H47: =SUMIFS(CT!$H$5:$H$143,CT!$E$5:$E$143,DMTK!B47) -> 0 | I47: =IF(OR(LEFT(B47,3)="152",LEFT(B47,3)="153",LEFT(B47,3)="155",LEFT(B47,3)="156",LEFT(B47,3)="157"),E47+SUMIFS(CT!$F$5:$F$143,CT!$D$5:$D$143,DMTK!B47)-SUMIFS(CT!$F$5:$F$143,CT!$E$5:$E$143,DMTK!B47),0) -> 0 | J47: =IF(C47="N",F47+G47-H47,F47+H47-G47) -> 500000 | K47: =IF(OR(AND(C47="N",F47>0),AND(C47="C",F47<0)),ABS(F47),0) -> 500000 | L47: =IF(OR(AND(C47="C",F47>0),AND(C47="N",F47<0)),ABS(F47),0) -> 0
A48: 100.140.141 | B48: 151 | C48: N | D48: Hàng hóa đang đi đường | F48: 0 | G48: =SUMIFS(CT!$H$5:$H$143,CT!$D$5:$D$143,DMTK!B48) -> 0 | H48: =SUMIFS(CT!$H$5:$H$143,CT!$E$5:$E$143,DMTK!B48) -> 0 | I48: =IF(OR(LEFT(B48,3)="152",LEFT(B48,3)="153",LEFT(B48,3)="155",LEFT(B48,3)="156",LEFT(B48,3)="157"),E48+SUMIFS(CT!$F$5:$F$143,CT!$D$5:$D$143,DMTK!B48)-SUMIFS(CT!$F$5:$F$143,CT!$E$5:$E$143,DMTK!B48),0) -> 0 | J48: =IF(C48="N",F48+G48-H48,F48+H48-G48) -> 0 | K48: =IF(OR(AND(C48="N",F48>0),AND(C48="C",F48<0)),ABS(F48),0) -> 0 | L48: =IF(OR(AND(C48="C",F48>0),AND(C48="N",F48<0)),ABS(F48),0) -> 0
A49: 100.140.141 | B49: 1521.0101 | C49: N | D49: Gỗ cao su | E49: 10 | F49: 33000000 | G49: =SUMIFS(CT!$H$5:$H$143,CT!$D$5:$D$143,DMTK!B49) -> 0 | H49: =SUMIFS(CT!$H$5:$H$143,CT!$E$5:$E$143,DMTK!B49) -> 13200000 | I49: =IF(OR(LEFT(B49,3)="152",LEFT(B49,3)="153",LEFT(B49,3)="155",LEFT(B49,3)="156",LEFT(B49,3)="157"),E49+SUMIFS(CT!$F$5:$F$143,CT!$D$5:$D$143,DMTK!B49)-SUMIFS(CT!$F$5:$F$143,CT!$E$5:$E$143,DMTK!B49),0) -> 6 | J49: =IF(C49="N",F49+G49-H49,F49+H49-G49) -> 19800000 | K49: =IF(OR(AND(C49="N",F49>0),AND(C49="C",F49<0)),ABS(F49),0) -> 33000000 | L49: =IF(OR(AND(C49="C",F49>0),AND(C49="N",F49<0)),ABS(F49),0) -> 0 | Q49: M3
A50: 100.140.141 | B50: 1521.0102 | C50: N | D50: Gỗ tràm bông vàng | E50: 5 | F50: 22000000 | G50: =SUMIFS(CT!$H$5:$H$143,CT!$D$5:$D$143,DMTK!B50) -> 22500000 | H50: =SUMIFS(CT!$H$5:$H$143,CT!$E$5:$E$143,DMTK!B50) -> 0 | I50: =IF(OR(LEFT(B50,3)="152",LEFT(B50,3)="153",LEFT(B50,3)="155",LEFT(B50,3)="156",LEFT(B50,3)="157"),E50+SUMIFS(CT!$F$5:$F$143,CT!$D$5:$D$143,DMTK!B50)-SUMIFS(CT!$F$5:$F$143,CT!$E$5:$E$143,DMTK!B50),0) -> 10 | J50: =IF(C50="N",F50+G50-H50,F50+H50-G50) -> 44500000 | K50: =IF(OR(AND(C50="N",F50>0),AND(C50="C",F50<0)),ABS(F50),0) -> 22000000 | L50: =IF(OR(AND(C50="C",F50>0),AND(C50="N",F50<0)),ABS(F50),0) -> 0 | Q50: M3
A51: 100.140.141 | B51: 1521.0103 | C51: N | D51: Gỗ thông | E51: 4 | F51: 14400000 | G51: =SUMIFS(CT!$H$5:$H$143,CT!$D$5:$D$143,DMTK!B51) -> 0 | H51: =SUMIFS(CT!$H$5:$H$143,CT!$E$5:$E$143,DMTK!B51) -> 0 | I51: =IF(OR(LEFT(B51,3)="152",LEFT(B51,3)="153",LEFT(B51,3)="155",LEFT(B51,3)="156",LEFT(B51,3)="157"),E51+SUMIFS(CT!$F$5:$F$143,CT!$D$5:$D$143,DMTK!B51)-SUMIFS(CT!$F$5:$F$143,CT!$E$5:$E$143,DMTK!B51),0) -> 4 | J51: =IF(C51="N",F51+G51-H51,F51+H51-G51) -> 14400000 | K51: =IF(OR(AND(C51="N",F51>0),AND(C51="C",F51<0)),ABS(F51),0) -> 14400000 | L51: =IF(OR(AND(C51="C",F51>0),AND(C51="N",F51<0)),ABS(F51),0) -> 0 | Q51: M3
A52: 100.140.141 | B52: 1521.0201 | C52: N | D52: Ván MDF 9x6x8 | E52: 200 | F52: 24000000 | G52: =SUMIFS(CT!$H$5:$H$143,CT!$D$5:$D$143,DMTK!B52) -> 0 | H52: =SUMIFS(CT!$H$5:$H$143,CT!$E$5:$E$143,DMTK!B52) -> 3600000 | I52: =IF(OR(LEFT(B52,3)="152",LEFT(B52,3)="153",LEFT(B52,3)="155",LEFT(B52,3)="156",LEFT(B52,3)="157"),E52+SUMIFS(CT!$F$5:$F$143,CT!$D$5:$D$143,DMTK!B52)-SUMIFS(CT!$F$5:$F$143,CT!$E$5:$E$143,DMTK!B52),0) -> 170 | J52: =IF(C52="N",F52+G52-H52,F52+H52-G52) -> 20400000 | K52: =IF(OR(AND(C52="N",F52>0),AND(C52="C",F52<0)),ABS(F52),0) -> 24000000 | L52: =IF(OR(AND(C52="C",F52>0),AND(C52="N",F52<0)),ABS(F52),0) -> 0 | Q52: M2
A53: 100.140.141 | B53: 1521.0202 | C53: N | D53: Ván MDF 9x4x8 | E53: 300 | F53: 31200000 | G53: =SUMIFS(CT!$H$5:$H$143,CT!$D$5:$D$143,DMTK!B53) -> 0 | H53: =SUMIFS(CT!$H$5:$H$143,CT!$E$5:$E$143,DMTK!B53) -> 0 | I53: =IF(OR(LEFT(B53,3)="152",LEFT(B53,3)="153",LEFT(B53,3)="155",LEFT(B53,3)="156",LEFT(B53,3)="157"),E53+SUMIFS(CT!$F$5:$F$143,CT!$D$5:$D$143,DMTK!B53)-SUMIFS(CT!$F$5:$F$143,CT!$E$5:$E$143,DMTK!B53),0) -> 300 | J53: =IF(C53="N",F53+G53-H53,F53+H53-G53) -> 31200000 | K53: =IF(OR(AND(C53="N",F53>0),AND(C53="C",F53<0)),ABS(F53),0) -> 31200000 | L53: =IF(OR(AND(C53="C",F53>0),AND(C53="N",F53<0)),ABS(F53),0) -> 0 | Q53: M2
A54: 100.140.141 | B54: 1521.0203 | C54: N | D54: Ván MDF 4,5x6x8 | E54: 100 | F54: 10000000 | G54: =SUMIFS(CT!$H$5:$H$143,CT!$D$5:$D$143,DMTK!B54) -> 0 | H54: =SUMIFS(CT!$H$5:$H$143,CT!$E$5:$E$143,DMTK!B54) -> 0 | I54: =IF(OR(LEFT(B54,3)="152",LEFT(B54,3)="153",LEFT(B54,3)="155",LEFT(B54,3)="156",LEFT(B54,3)="157"),E54+SUMIFS(CT!$F$5:$F$143,CT!$D$5:$D$143,DMTK!B54)-SUMIFS(CT!$F$5:$F$143,CT!$E$5:$E$143,DMTK!B54),0) -> 100 | J54: =IF(C54="N",F54+G54-H54,F54+H54-G54) -> 10000000 | K54: =IF(OR(AND(C54="N",F54>0),AND(C54="C",F54<0)),ABS(F54),0) -> 10000000 | L54: =IF(OR(AND(C54="C",F54>0),AND(C54="N",F54<0)),ABS(F54),0) -> 0 | Q54: M2
A55: 100.140.141 | B55: 1521.0301 | C55: N | D55: Keo AB | E55: 50 | F55: 1200000 | G55: =SUMIFS(CT!$H$5:$H$143,CT!$D$5:$D$143,DMTK!B55) -> 5000000 | H55: =SUMIFS(CT!$H$5:$H$143,CT!$E$5:$E$143,DMTK!B55) -> 0 | I55: =IF(OR(LEFT(B55,3)="152",LEFT(B55,3)="153",LEFT(B55,3)="155",LEFT(B55,3)="156",LEFT(B55,3)="157"),E55+SUMIFS(CT!$F$5:$F$143,CT!$D$5:$D$143,DMTK!B55)-SUMIFS(CT!$F$5:$F$143,CT!$E$5:$E$143,DMTK!B55),0) -> 250 | J55: =IF(C55="N",F55+G55-H55,F55+H55-G55) -> 6200000 | K55: =IF(OR(AND(C55="N",F55>0),AND(C55="C",F55<0)),ABS(F55),0) -> 1200000 | L55: =IF(OR(AND(C55="C",F55>0),AND(C55="N",F55<0)),ABS(F55),0) -> 0 | Q55: Kg
A56: 100.140.141 | B56: 1521.0302 | C56: N | D56: Keo ghép | E56: 150 | F56: 7200000 | G56: =SUMIFS(CT!$H$5:$H$143,CT!$D$5:$D$143,DMTK!B56) -> 0 | H56: =SUMIFS(CT!$H$5:$H$143,CT!$E$5:$E$143,DMTK!B56) -> 480000 | I56: =IF(OR(LEFT(B56,3)="152",LEFT(B56,3)="153",LEFT(B56,3)="155",LEFT(B56,3)="156",LEFT(B56,3)="157"),E56+SUMIFS(CT!$F$5:$F$143,CT!$D$5:$D$143,DMTK!B56)-SUMIFS(CT!$F$5:$F$143,CT!$E$5:$E$143,DMTK!B56),0) -> 140 | J56: =IF(C56="N",F56+G56-H56,F56+H56-G56) -> 6720000 | K56: =IF(OR(AND(C56="N",F56>0),AND(C56="C",F56<0)),ABS(F56),0) -> 7200000 | L56: =IF(OR(AND(C56="C",F56>0),AND(C56="N",F56<0)),ABS(F56),0) -> 0 | Q56: Kg
A57: 100.140.141 | B57: 1521.0303 | C57: N | D57: Keo 502 | E57: 500 | F57: 1150000 | G57: =SUMIFS(CT!$H$5:$H$143,CT!$D$5:$D$143,DMTK!B57) -> 0 | H57: =SUMIFS(CT!$H$5:$H$143,CT!$E$5:$E$143,DMTK!B57) -> 46000 | I57: =IF(OR(LEFT(B57,3)="152",LEFT(B57,3)="153",LEFT(B57,3)="155",LEFT(B57,3)="156",LEFT(B57,3)="157"),E57+SUMIFS(CT!$F$5:$F$143,CT!$D$5:$D$143,DMTK!B57)-SUMIFS(CT!$F$5:$F$143,CT!$E$5:$E$143,DMTK!B57),0) -> 480 | J57: =IF(C57="N",F57+G57-H57,F57+H57-G57) -> 1104000 | K57: =IF(OR(AND(C57="N",F57>0),AND(C57="C",F57<0)),ABS(F57),0) -> 1150000 | L57: =IF(OR(AND(C57="C",F57>0),AND(C57="N",F57<0)),ABS(F57),0) -> 0 | Q57: Lít
A58: 100.140.141 | B58: 1521.0401 | C58: N | D58: AC chuối | E58: 100 | F58: 1500000 | G58: =SUMIFS(CT!$H$5:$H$143,CT!$D$5:$D$143,DMTK!B58) -> 3200000 | H58: =SUMIFS(CT!$H$5:$H$143,CT!$E$5:$E$143,DMTK!B58) -> 469980 | I58: =IF(OR(LEFT(B58,3)="152",LEFT(B58,3)="153",LEFT(B58,3)="155",LEFT(B58,3)="156",LEFT(B58,3)="157"),E58+SUMIFS(CT!$F$5:$F$143,CT!$D$5:$D$143,DMTK!B58)-SUMIFS(CT!$F$5:$F$143,CT!$E$5:$E$143,DMTK!B58),0) -> 270 | J58: =IF(C58="N",F58+G58-H58,F58+H58-G58) -> 4230020 | K58: =IF(OR(AND(C58="N",F58>0),AND(C58="C",F58<0)),ABS(F58),0) -> 1500000 | L58: =IF(OR(AND(C58="C",F58>0),AND(C58="N",F58<0)),ABS(F58),0) -> 0 | Q58: Lít
A59: 100.140.141 | B59: 1521.0402 | C59: N | D59: NC chuối | E59: 50 | F59: 850000 | G59: =SUMIFS(CT!$H$5:$H$143,CT!$D$5:$D$143,DMTK!B59) -> 0 | H59: =SUMIFS(CT!$H$5:$H$143,CT!$E$5:$E$143,DMTK!B59) -> 0 | I59: =IF(OR(LEFT(B59,3)="152",LEFT(B59,3)="153",LEFT(B59,3)="155",LEFT(B59,3)="156",LEFT(B59,3)="157"),E59+SUMIFS(CT!$F$5:$F$143,CT!$D$5:$D$143,DMTK!B59)-SUMIFS(CT!$F$5:$F$143,CT!$E$5:$E$143,DMTK!B59),0) -> 50 | J59: =IF(C59="N",F59+G59-H59,F59+H59-G59) -> 850000 | K59: =IF(OR(AND(C59="N",F59>0),AND(C59="C",F59<0)),ABS(F59),0) -> 850000 | L59: =IF(OR(AND(C59="C",F59>0),AND(C59="N",F59<0)),ABS(F59),0) -> 0 | Q59: Lít
A60: 100.140.141 | B60: 1521.0403 | C60: N | D60: Dầu thông | E60: 80 | F60: 1040000 | G60: =SUMIFS(CT!$H$5:$H$143,CT!$D$5:$D$143,DMTK!B60) -> 1500000 | H60: =SUMIFS(CT!$H$5:$H$143,CT!$E$5:$E$143,DMTK!B60) -> 282220 | I60: =IF(OR(LEFT(B60,3)="152",LEFT(B60,3)="153",LEFT(B60,3)="155",LEFT(B60,3)="156",LEFT(B60,3)="157"),E60+SUMIFS(CT!$F$5:$F$143,CT!$D$5:$D$143,DMTK!B60)-SUMIFS(CT!$F$5:$F$143,CT!$E$5:$E$143,DMTK!B60),0) -> 160 | J60: =IF(C60="N",F60+G60-H60,F60+H60-G60) -> 2257780 | K60: =IF(OR(AND(C60="N",F60>0),AND(C60="C",F60<0)),ABS(F60),0) -> 1040000 | L60: =IF(OR(AND(C60="C",F60>0),AND(C60="N",F60<0)),ABS(F60),0) -> 0 | Q60: Lít
A61: 100.140.141 | B61: 1522 | C61: N | D61: Nguyên vật liệu phụ | F61: 0 | G61: =SUMIFS(CT!$H$5:$H$143,CT!$D$5:$D$143,DMTK!B61) -> 0 | H61: =SUMIFS(CT!$H$5:$H$143,CT!$E$5:$E$143,DMTK!B61) -> 0 | I61: =IF(OR(LEFT(B61,3)="152",LEFT(B61,3)="153",LEFT(B61,3)="155",LEFT(B61,3)="156",LEFT(B61,3)="157"),E61+SUMIFS(CT!$F$5:$F$143,CT!$D$5:$D$143,DMTK!B61)-SUMIFS(CT!$F$5:$F$143,CT!$E$5:$E$143,DMTK!B61),0) -> 0 | J61: =IF(C61="N",F61+G61-H61,F61+H61-G61) -> 0 | K61: =IF(OR(AND(C61="N",F61>0),AND(C61="C",F61<0)),ABS(F61),0) -> 0 | L61: =IF(OR(AND(C61="C",F61>0),AND(C61="N",F61<0)),ABS(F61),0) -> 0
A62: 100.140.141 | B62: 1531.01 | C62: N | D62: Máy tính Casio | E62: 15 | F62: 7500000 | G62: =SUMIFS(CT!$H$5:$H$143,CT!$D$5:$D$143,DMTK!B62) -> 0 | H62: =SUMIFS(CT!$H$5:$H$143,CT!$E$5:$E$143,DMTK!B62) -> 2500000 | I62: =IF(OR(LEFT(B62,3)="152",LEFT(B62,3)="153",LEFT(B62,3)="155",LEFT(B62,3)="156",LEFT(B62,3)="157"),E62+SUMIFS(CT!$F$5:$F$143,CT!$D$5:$D$143,DMTK!B62)-SUMIFS(CT!$F$5:$F$143,CT!$E$5:$E$143,DMTK!B62),0) -> 10 | J62: =IF(C62="N",F62+G62-H62,F62+H62-G62) -> 5000000 | K62: =IF(OR(AND(C62="N",F62>0),AND(C62="C",F62<0)),ABS(F62),0) -> 7500000 | L62: =IF(OR(AND(C62="C",F62>0),AND(C62="N",F62<0)),ABS(F62),0) -> 0 | Q62: Cái
A63: 100.140.141 | B63: 1531.02 | C63: N | D63: Kệ tủ | E63: 20 | F63: 5000000 | G63: =SUMIFS(CT!$H$5:$H$143,CT!$D$5:$D$143,DMTK!B63) -> 0 | H63: =SUMIFS(CT!$H$5:$H$143,CT!$E$5:$E$143,DMTK!B63) -> 1000000 | I63: =IF(OR(LEFT(B63,3)="152",LEFT(B63,3)="153",LEFT(B63,3)="155",LEFT(B63,3)="156",LEFT(B63,3)="157"),E63+SUMIFS(CT!$F$5:$F$143,CT!$D$5:$D$143,DMTK!B63)-SUMIFS(CT!$F$5:$F$143,CT!$E$5:$E$143,DMTK!B63),0) -> 16 | J63: =IF(C63="N",F63+G63-H63,F63+H63-G63) -> 4000000 | K63: =IF(OR(AND(C63="N",F63>0),AND(C63="C",F63<0)),ABS(F63),0) -> 5000000 | L63: =IF(OR(AND(C63="C",F63>0),AND(C63="N",F63<0)),ABS(F63),0) -> 0 | Q63: Cái
A64: 100.140.141 | B64: 1531.03 | C64: N | D64: Lưỡi cưa | E64: 100 | F64: 1000000 | G64: =SUMIFS(CT!$H$5:$H$143,CT!$D$5:$D$143,DMTK!B64) -> 0 | H64: =SUMIFS(CT!$H$5:$H$143,CT!$E$5:$E$143,DMTK!B64) -> 100000 | I64: =IF(OR(LEFT(B64,3)="152",LEFT(B64,3)="153",LEFT(B64,3)="155",LEFT(B64,3)="156",LEFT(B64,3)="157"),E64+SUMIFS(CT!$F$5:$F$143,CT!$D$5:$D$143,DMTK!B64)-SUMIFS(CT!$F$5:$F$143,CT!$E$5:$E$143,DMTK!B64),0) -> 90 | J64: =IF(C64="N",F64+G64-H64,F64+H64-G64) -> 900000 | K64: =IF(OR(AND(C64="N",F64>0),AND(C64="C",F64<0)),ABS(F64),0) -> 1000000 | L64: =IF(OR(AND(C64="C",F64>0),AND(C64="N",F64<0)),ABS(F64),0) -> 0 | Q64: Hộp
A65: 100.140.141 | B65: 1531.04 | C65: N | D65: Mũi khoan | E65: 400 | F65: 2000000 | G65: =SUMIFS(CT!$H$5:$H$143,CT!$D$5:$D$143,DMTK!B65) -> 0 | H65: =SUMIFS(CT!$H$5:$H$143,CT!$E$5:$E$143,DMTK!B65) -> 100000 | I65: =IF(OR(LEFT(B65,3)="152",LEFT(B65,3)="153",LEFT(B65,3)="155",LEFT(B65,3)="156",LEFT(B65,3)="157"),E65+SUMIFS(CT!$F$5:$F$143,CT!$D$5:$D$143,DMTK!B65)-SUMIFS(CT!$F$5:$F$143,CT!$E$5:$E$143,DMTK!B65),0) -> 380 | J65: =IF(C65="N",F65+G65-H65,F65+H65-G65) -> 1900000 | K65: =IF(OR(AND(C65="N",F65>0),AND(C65="C",F65<0)),ABS(F65),0) -> 2000000 | L65: =IF(OR(AND(C65="C",F65>0),AND(C65="N",F65<0)),ABS(F65),0) -> 0 | Q65: Hộp
A66: 100.140.141 | B66: 1531.05 | C66: N | D66: Dao thép | E66: 100 | F66: 1000000 | G66: =SUMIFS(CT!$H$5:$H$143,CT!$D$5:$D$143,DMTK!B66) -> 0 | H66: =SUMIFS(CT!$H$5:$H$143,CT!$E$5:$E$143,DMTK!B66) -> 300000 | I66: =IF(OR(LEFT(B66,3)="152",LEFT(B66,3)="153",LEFT(B66,3)="155",LEFT(B66,3)="156",LEFT(B66,3)="157"),E66+SUMIFS(CT!$F$5:$F$143,CT!$D$5:$D$143,DMTK!B66)-SUMIFS(CT!$F$5:$F$143,CT!$E$5:$E$143,DMTK!B66),0) -> 70 | J66: =IF(C66="N",F66+G66-H66,F66+H66-G66) -> 700000 | K66: =IF(OR(AND(C66="N",F66>0),AND(C66="C",F66<0)),ABS(F66),0) -> 1000000 | L66: =IF(OR(AND(C66="C",F66>0),AND(C66="N",F66<0)),ABS(F66),0) -> 0 | Q66: Hộp
A67: 200.240.241 | B67: 154.01 | C67: N | D67: Ghế tay vịn | F67: 70000000 | G67: =SUMIFS(CT!$H$5:$H$143,CT!$D$5:$D$143,DMTK!B67) -> 99050185 | H67: =SUMIFS(CT!$H$5:$H$143,CT!$E$5:$E$143,DMTK!B67) -> 102060000 | I67: =IF(OR(LEFT(B67,3)="152",LEFT(B67,3)="153",LEFT(B67,3)="155",LEFT(B67,3)="156",LEFT(B67,3)="157"),E67+SUMIFS(CT!$F$5:$F$143,CT!$D$5:$D$143,DMTK!B67)-SUMIFS(CT!$F$5:$F$143,CT!$E$5:$E$143,DMTK!B67),0) -> 0 | J67: =IF(C67="N",F67+G67-H67,F67+H67-G67) -> 66990185 | K67: =IF(OR(AND(C67="N",F67>0),AND(C67="C",F67<0)),ABS(F67),0) -> 70000000 | L67: =IF(OR(AND(C67="C",F67>0),AND(C67="N",F67<0)),ABS(F67),0) -> 0
A68: 200.240.241 | B68: 154.02 | C68: N | D68: Ghế không tay | F68: 80000000 | G68: =SUMIFS(CT!$H$5:$H$143,CT!$D$5:$D$143,DMTK!B68) -> 48800000 | H68: =SUMIFS(CT!$H$5:$H$143,CT!$E$5:$E$143,DMTK!B68) -> 61800000 | I68: =IF(OR(LEFT(B68,3)="152",LEFT(B68,3)="153",LEFT(B68,3)="155",LEFT(B68,3)="156",LEFT(B68,3)="157"),E68+SUMIFS(CT!$F$5:$F$143,CT!$D$5:$D$143,DMTK!B68)-SUMIFS(CT!$F$5:$F$143,CT!$E$5:$E$143,DMTK!B68),0) -> 0 | J68: =IF(C68="N",F68+G68-H68,F68+H68-G68) -> 67000000 | K68: =IF(OR(AND(C68="N",F68>0),AND(C68="C",F68<0)),ABS(F68),0) -> 80000000 | L68: =IF(OR(AND(C68="C",F68>0),AND(C68="N",F68<0)),ABS(F68),0) -> 0
A69: 200.240.241 | B69: 154.03 | C69: N | D69: Bàn tròn | F69: 7000000 | G69: =SUMIFS(CT!$H$5:$H$143,CT!$D$5:$D$143,DMTK!B69) -> 61494681 | H69: =SUMIFS(CT!$H$5:$H$143,CT!$E$5:$E$143,DMTK!B69) -> 61500000 | I69: =IF(OR(LEFT(B69,3)="152",LEFT(B69,3)="153",LEFT(B69,3)="155",LEFT(B69,3)="156",LEFT(B69,3)="157"),E69+SUMIFS(CT!$F$5:$F$143,CT!$D$5:$D$143,DMTK!B69)-SUMIFS(CT!$F$5:$F$143,CT!$E$5:$E$143,DMTK!B69),0) -> 0 | J69: =IF(C69="N",F69+G69-H69,F69+H69-G69) -> 6994681 | K69: =IF(OR(AND(C69="N",F69>0),AND(C69="C",F69<0)),ABS(F69),0) -> 7000000 | L69: =IF(OR(AND(C69="C",F69>0),AND(C69="N",F69<0)),ABS(F69),0) -> 0
A70: 200.240.241 | B70: 154.04 | C70: N | D70: Bàn oval | F70: 43000000 | G70: =SUMIFS(CT!$H$5:$H$143,CT!$D$5:$D$143,DMTK!B70) -> 48800000 | H70: =SUMIFS(CT!$H$5:$H$143,CT!$E$5:$E$143,DMTK!B70) -> 0 | I70: =IF(OR(LEFT(B70,3)="152",LEFT(B70,3)="153",LEFT(B70,3)="155",LEFT(B70,3)="156",LEFT(B70,3)="157"),E70+SUMIFS(CT!$F$5:$F$143,CT!$D$5:$D$143,DMTK!B70)-SUMIFS(CT!$F$5:$F$143,CT!$E$5:$E$143,DMTK!B70),0) -> 0 | J70: =IF(C70="N",F70+G70-H70,F70+H70-G70) -> 91800000 | K70: =IF(OR(AND(C70="N",F70>0),AND(C70="C",F70<0)),ABS(F70),0) -> 43000000 | L70: =IF(OR(AND(C70="C",F70>0),AND(C70="N",F70<0)),ABS(F70),0) -> 0
A71: 200.240.241 | B71: 154.05 | C71: N | D71: Bàn chữ nhật | F71: 22000000 | G71: =SUMIFS(CT!$H$5:$H$143,CT!$D$5:$D$143,DMTK!B71) -> 48800000 | H71: =SUMIFS(CT!$H$5:$H$143,CT!$E$5:$E$143,DMTK!B71) -> 0 | I71: =IF(OR(LEFT(B71,3)="152",LEFT(B71,3)="153",LEFT(B71,3)="155",LEFT(B71,3)="156",LEFT(B71,3)="157"),E71+SUMIFS(CT!$F$5:$F$143,CT!$D$5:$D$143,DMTK!B71)-SUMIFS(CT!$F$5:$F$143,CT!$E$5:$E$143,DMTK!B71),0) -> 0 | J71: =IF(C71="N",F71+G71-H71,F71+H71-G71) -> 70800000 | K71: =IF(OR(AND(C71="N",F71>0),AND(C71="C",F71<0)),ABS(F71),0) -> 22000000 | L71: =IF(OR(AND(C71="C",F71>0),AND(C71="N",F71<0)),ABS(F71),0) -> 0
A72: 100.140.141 | B72: 1551.0101 | C72: N | D72: Ghế tay vịn | E72: 250 | F72: 62500000 | G72: =SUMIFS(CT!$H$5:$H$143,CT!$D$5:$D$143,DMTK!B72) -> 102060000 | H72: =SUMIFS(CT!$H$5:$H$143,CT!$E$5:$E$143,DMTK!B72) -> 25123700 | I72: =IF(OR(LEFT(B72,3)="152",LEFT(B72,3)="153",LEFT(B72,3)="155",LEFT(B72,3)="156",LEFT(B72,3)="157"),E72+SUMIFS(CT!$F$5:$F$143,CT!$D$5:$D$143,DMTK!B72)-SUMIFS(CT!$F$5:$F$143,CT!$E$5:$E$143,DMTK!B72),0) -> 555 | J72: =IF(C72="N",F72+G72-H72,F72+H72-G72) -> 139436300 | K72: =IF(OR(AND(C72="N",F72>0),AND(C72="C",F72<0)),ABS(F72),0) -> 62500000 | L72: =IF(OR(AND(C72="C",F72>0),AND(C72="N",F72<0)),ABS(F72),0) -> 0 | Q72: Cái
A73: 100.140.141 | B73: 1551.0102 | C73: N | D73: Ghế không tay | E73: 220 | F73: 44000000 | G73: =SUMIFS(CT!$H$5:$H$143,CT!$D$5:$D$143,DMTK!B73) -> 61800000 | H73: =SUMIFS(CT!$H$5:$H$143,CT!$E$5:$E$143,DMTK!B73) -> 20346200 | I73: =IF(OR(LEFT(B73,3)="152",LEFT(B73,3)="153",LEFT(B73,3)="155",LEFT(B73,3)="156",LEFT(B73,3)="157"),E73+SUMIFS(CT!$F$5:$F$143,CT!$D$5:$D$143,DMTK!B73)-SUMIFS(CT!$F$5:$F$143,CT!$E$5:$E$143,DMTK!B73),0) -> 420 | J73: =IF(C73="N",F73+G73-H73,F73+H73-G73) -> 85453800 | K73: =IF(OR(AND(C73="N",F73>0),AND(C73="C",F73<0)),ABS(F73),0) -> 44000000 | L73: =IF(OR(AND(C73="C",F73>0),AND(C73="N",F73<0)),ABS(F73),0) -> 0 | Q73: Cái
A74: 100.140.141 | B74: 1551.0201 | C74: N | D74: Bàn tròn | E74: 150 | F74: 45000000 | G74: =SUMIFS(CT!$H$5:$H$143,CT!$D$5:$D$143,DMTK!B74) -> 61500000 | H74: =SUMIFS(CT!$H$5:$H$143,CT!$E$5:$E$143,DMTK!B74) -> 0 | I74: =IF(OR(LEFT(B74,3)="152",LEFT(B74,3)="153",LEFT(B74,3)="155",LEFT(B74,3)="156",LEFT(B74,3)="157"),E74+SUMIFS(CT!$F$5:$F$143,CT!$D$5:$D$143,DMTK!B74)-SUMIFS(CT!$F$5:$F$143,CT!$E$5:$E$143,DMTK!B74),0) -> 350 | J74: =IF(C74="N",F74+G74-H74,F74+H74-G74) -> 106500000 | K74: =IF(OR(AND(C74="N",F74>0),AND(C74="C",F74<0)),ABS(F74),0) -> 45000000 | L74: =IF(OR(AND(C74="C",F74>0),AND(C74="N",F74<0)),ABS(F74),0) -> 0 | Q74: Cái
A75: 100.140.141 | B75: 1551.0202 | C75: N | D75: Bàn oval | E75: 50 | F75: 25000000 | G75: =SUMIFS(CT!$H$5:$H$143,CT!$D$5:$D$143,DMTK!B75) -> 0 | H75: =SUMIFS(CT!$H$5:$H$143,CT!$E$5:$E$143,DMTK!B75) -> 25000000 | I75: =IF(OR(LEFT(B75,3)="152",LEFT(B75,3)="153",LEFT(B75,3)="155",LEFT(B75,3)="156",LEFT(B75,3)="157"),E75+SUMIFS(CT!$F$5:$F$143,CT!$D$5:$D$143,DMTK!B75)-SUMIFS(CT!$F$5:$F$143,CT!$E$5:$E$143,DMTK!B75),0) -> 0 | J75: =IF(C75="N",F75+G75-H75,F75+H75-G75) -> 0 | K75: =IF(OR(AND(C75="N",F75>0),AND(C75="C",F75<0)),ABS(F75),0) -> 25000000 | L75: =IF(OR(AND(C75="C",F75>0),AND(C75="N",F75<0)),ABS(F75),0) -> 0 | Q75: Cái
A76: 100.140.141 | B76: 1551.0203 | C76: N | D76: Bàn chữ nhật | E76: 100 | F76: 70000000 | G76: =SUMIFS(CT!$H$5:$H$143,CT!$D$5:$D$143,DMTK!B76) -> 0 | H76: =SUMIFS(CT!$H$5:$H$143,CT!$E$5:$E$143,DMTK!B76) -> 0 | I76: =IF(OR(LEFT(B76,3)="152",LEFT(B76,3)="153",LEFT(B76,3)="155",LEFT(B76,3)="156",LEFT(B76,3)="157"),E76+SUMIFS(CT!$F$5:$F$143,CT!$D$5:$D$143,DMTK!B76)-SUMIFS(CT!$F$5:$F$143,CT!$E$5:$E$143,DMTK!B76),0) -> 100 | J76: =IF(C76="N",F76+G76-H76,F76+H76-G76) -> 70000000 | K76: =IF(OR(AND(C76="N",F76>0),AND(C76="C",F76<0)),ABS(F76),0) -> 70000000 | L76: =IF(OR(AND(C76="C",F76>0),AND(C76="N",F76<0)),ABS(F76),0) -> 0 | Q76: Cái
A77: 100.140.141 | B77: 1561 | C77: N | D77: Giá mua hàng hóa | F77: 0 | G77: =SUMIFS(CT!$H$5:$H$143,CT!$D$5:$D$143,DMTK!B77) -> 0 | H77: =SUMIFS(CT!$H$5:$H$143,CT!$E$5:$E$143,DMTK!B77) -> 0 | I77: =IF(OR(LEFT(B77,3)="152",LEFT(B77,3)="153",LEFT(B77,3)="155",LEFT(B77,3)="156",LEFT(B77,3)="157"),E77+SUMIFS(CT!$F$5:$F$143,CT!$D$5:$D$143,DMTK!B77)-SUMIFS(CT!$F$5:$F$143,CT!$E$5:$E$143,DMTK!B77),0) -> 0 | J77: =IF(C77="N",F77+G77-H77,F77+H77-G77) -> 0 | K77: =IF(OR(AND(C77="N",F77>0),AND(C77="C",F77<0)),ABS(F77),0) -> 0 | L77: =IF(OR(AND(C77="C",F77>0),AND(C77="N",F77<0)),ABS(F77),0) -> 0
A78: 100.140.141 | B78: 1562 | C78: N | D78: Chi phí thu mua hàng hóa | F78: 0 | G78: =SUMIFS(CT!$H$5:$H$143,CT!$D$5:$D$143,DMTK!B78) -> 0 | H78: =SUMIFS(CT!$H$5:$H$143,CT!$E$5:$E$143,DMTK!B78) -> 0 | I78: =IF(OR(LEFT(B78,3)="152",LEFT(B78,3)="153",LEFT(B78,3)="155",LEFT(B78,3)="156",LEFT(B78,3)="157"),E78+SUMIFS(CT!$F$5:$F$143,CT!$D$5:$D$143,DMTK!B78)-SUMIFS(CT!$F$5:$F$143,CT!$E$5:$E$143,DMTK!B78),0) -> 0 | J78: =IF(C78="N",F78+G78-H78,F78+H78-G78) -> 0 | K78: =IF(OR(AND(C78="N",F78>0),AND(C78="C",F78<0)),ABS(F78),0) -> 0 | L78: =IF(OR(AND(C78="C",F78>0),AND(C78="N",F78<0)),ABS(F78),0) -> 0
A79: 100.140.141 | B79: 1567 | C79: N | D79: Hàng hóa bất động sản | F79: 0 | G79: =SUMIFS(CT!$H$5:$H$143,CT!$D$5:$D$143,DMTK!B79) -> 0 | H79: =SUMIFS(CT!$H$5:$H$143,CT!$E$5:$E$143,DMTK!B79) -> 0 | I79: =IF(OR(LEFT(B79,3)="152",LEFT(B79,3)="153",LEFT(B79,3)="155",LEFT(B79,3)="156",LEFT(B79,3)="157"),E79+SUMIFS(CT!$F$5:$F$143,CT!$D$5:$D$143,DMTK!B79)-SUMIFS(CT!$F$5:$F$143,CT!$E$5:$E$143,DMTK!B79),0) -> 0 | J79: =IF(C79="N",F79+G79-H79,F79+H79-G79) -> 0 | K79: =IF(OR(AND(C79="N",F79>0),AND(C79="C",F79<0)),ABS(F79),0) -> 0 | L79: =IF(OR(AND(C79="C",F79>0),AND(C79="N",F79<0)),ABS(F79),0) -> 0
A80: 100.140.141 | B80: 157 | C80: N | D80: Hàng gửi đi bán | F80: 0 | G80: =SUMIFS(CT!$H$5:$H$143,CT!$D$5:$D$143,DMTK!B80) -> 0 | H80: =SUMIFS(CT!$H$5:$H$143,CT!$E$5:$E$143,DMTK!B80) -> 0 | I80: =IF(OR(LEFT(B80,3)="152",LEFT(B80,3)="153",LEFT(B80,3)="155",LEFT(B80,3)="156",LEFT(B80,3)="157"),E80+SUMIFS(CT!$F$5:$F$143,CT!$D$5:$D$143,DMTK!B80)-SUMIFS(CT!$F$5:$F$143,CT!$E$5:$E$143,DMTK!B80),0) -> 0 | J80: =IF(C80="N",F80+G80-H80,F80+H80-G80) -> 0 | K80: =IF(OR(AND(C80="N",F80>0),AND(C80="C",F80<0)),ABS(F80),0) -> 0 | L80: =IF(OR(AND(C80="C",F80>0),AND(C80="N",F80<0)),ABS(F80),0) -> 0
A81: 100.140.141 | B81: 158 | C81: N | D81: Hàng hóa kho bảo thuế | G81: =SUMIFS(CT!$H$5:$H$143,CT!$D$5:$D$143,DMTK!B81) -> 0 | H81: =SUMIFS(CT!$H$5:$H$143,CT!$E$5:$E$143,DMTK!B81) -> 0 | I81: =IF(OR(LEFT(B81,3)="152",LEFT(B81,3)="153",LEFT(B81,3)="155",LEFT(B81,3)="156",LEFT(B81,3)="157"),E81+SUMIFS(CT!$F$5:$F$143,CT!$D$5:$D$143,DMTK!B81)-SUMIFS(CT!$F$5:$F$143,CT!$E$5:$E$143,DMTK!B81),0) -> 0 | J81: =IF(C81="N",F81+G81-H81,F81+H81-G81) -> 0 | K81: =IF(OR(AND(C81="N",F81>0),AND(C81="C",F81<0)),ABS(F81),0) -> 0 | L81: =IF(OR(AND(C81="C",F81>0),AND(C81="N",F81<0)),ABS(F81),0) -> 0
A82: 400.430.432 | B82: 1611 | C82: N | D82: Chi sự nghiệp năm trước | F82: 0 | G82: =SUMIFS(CT!$H$5:$H$143,CT!$D$5:$D$143,DMTK!B82) -> 0 | H82: =SUMIFS(CT!$H$5:$H$143,CT!$E$5:$E$143,DMTK!B82) -> 0 | I82: =IF(OR(LEFT(B82,3)="152",LEFT(B82,3)="153",LEFT(B82,3)="155",LEFT(B82,3)="156",LEFT(B82,3)="157"),E82+SUMIFS(CT!$F$5:$F$143,CT!$D$5:$D$143,DMTK!B82)-SUMIFS(CT!$F$5:$F$143,CT!$E$5:$E$143,DMTK!B82),0) -> 0 | J82: =IF(C82="N",F82+G82-H82,F82+H82-G82) -> 0 | K82: =IF(OR(AND(C82="N",F82>0),AND(C82="C",F82<0)),ABS(F82),0) -> 0 | L82: =IF(OR(AND(C82="C",F82>0),AND(C82="N",F82<0)),ABS(F82),0) -> 0
A83: 400.430.432 | B83: 1612 | C83: N | D83: Chi sự nghiệp năm nay | F83: 0 | G83: =SUMIFS(CT!$H$5:$H$143,CT!$D$5:$D$143,DMTK!B83) -> 0 | H83: =SUMIFS(CT!$H$5:$H$143,CT!$E$5:$E$143,DMTK!B83) -> 0 | I83: =IF(OR(LEFT(B83,3)="152",LEFT(B83,3)="153",LEFT(B83,3)="155",LEFT(B83,3)="156",LEFT(B83,3)="157"),E83+SUMIFS(CT!$F$5:$F$143,CT!$D$5:$D$143,DMTK!B83)-SUMIFS(CT!$F$5:$F$143,CT!$E$5:$E$143,DMTK!B83),0) -> 0 | J83: =IF(C83="N",F83+G83-H83,F83+H83-G83) -> 0 | K83: =IF(OR(AND(C83="N",F83>0),AND(C83="C",F83<0)),ABS(F83),0) -> 0 | L83: =IF(OR(AND(C83="C",F83>0),AND(C83="N",F83<0)),ABS(F83),0) -> 0
A84: 100.150.154 | B84: 171 | C84: N | D84: Giao dịch mua bán lại trái phiếu chính phủ | G84: =SUMIFS(CT!$H$5:$H$143,CT!$D$5:$D$143,DMTK!B84) -> 0 | H84: =SUMIFS(CT!$H$5:$H$143,CT!$E$5:$E$143,DMTK!B84) -> 0 | I84: =IF(OR(LEFT(B84,3)="152",LEFT(B84,3)="153",LEFT(B84,3)="155",LEFT(B84,3)="156",LEFT(B84,3)="157"),E84+SUMIFS(CT!$F$5:$F$143,CT!$D$5:$D$143,DMTK!B84)-SUMIFS(CT!$F$5:$F$143,CT!$E$5:$E$143,DMTK!B84),0) -> 0 | J84: =IF(C84="N",F84+G84-H84,F84+H84-G84) -> 0 | K84: =IF(OR(AND(C84="N",F84>0),AND(C84="C",F84<0)),ABS(F84),0) -> 0 | L84: =IF(OR(AND(C84="C",F84>0),AND(C84="N",F84<0)),ABS(F84),0) -> 0
A85: 200.220.221.222 | B85: 2111 | C85: N | D85: Nhà cửa, vật kiến trúc | F85: 200000000 | G85: =SUMIFS(CT!$H$5:$H$143,CT!$D$5:$D$143,DMTK!B85) -> 0 | H85: =SUMIFS(CT!$H$5:$H$143,CT!$E$5:$E$143,DMTK!B85) -> 0 | I85: =IF(OR(LEFT(B85,3)="152",LEFT(B85,3)="153",LEFT(B85,3)="155",LEFT(B85,3)="156",LEFT(B85,3)="157"),E85+SUMIFS(CT!$F$5:$F$143,CT!$D$5:$D$143,DMTK!B85)-SUMIFS(CT!$F$5:$F$143,CT!$E$5:$E$143,DMTK!B85),0) -> 0 | J85: =IF(C85="N",F85+G85-H85,F85+H85-G85) -> 200000000 | K85: =IF(OR(AND(C85="N",F85>0),AND(C85="C",F85<0)),ABS(F85),0) -> 200000000 | L85: =IF(OR(AND(C85="C",F85>0),AND(C85="N",F85<0)),ABS(F85),0) -> 0
A86: 200.220.221.222 | B86: 2112.02 | C86: N | D86: Máy cắt phôi HITACHI | F86: 188000000 | G86: =SUMIFS(CT!$H$5:$H$143,CT!$D$5:$D$143,DMTK!B86) -> 0 | H86: =SUMIFS(CT!$H$5:$H$143,CT!$E$5:$E$143,DMTK!B86) -> 0 | I86: =IF(OR(LEFT(B86,3)="152",LEFT(B86,3)="153",LEFT(B86,3)="155",LEFT(B86,3)="156",LEFT(B86,3)="157"),E86+SUMIFS(CT!$F$5:$F$143,CT!$D$5:$D$143,DMTK!B86)-SUMIFS(CT!$F$5:$F$143,CT!$E$5:$E$143,DMTK!B86),0) -> 0 | J86: =IF(C86="N",F86+G86-H86,F86+H86-G86) -> 188000000 | K86: =IF(OR(AND(C86="N",F86>0),AND(C86="C",F86<0)),ABS(F86),0) -> 188000000 | L86: =IF(OR(AND(C86="C",F86>0),AND(C86="N",F86<0)),ABS(F86),0) -> 0
A87: 200.220.221.222 | B87: 2112.03 | C87: N | D87: Máy phun xi HITACHI | F87: 150000000 | G87: =SUMIFS(CT!$H$5:$H$143,CT!$D$5:$D$143,DMTK!B87) -> 0 | H87: =SUMIFS(CT!$H$5:$H$143,CT!$E$5:$E$143,DMTK!B87) -> 0 | I87: =IF(OR(LEFT(B87,3)="152",LEFT(B87,3)="153",LEFT(B87,3)="155",LEFT(B87,3)="156",LEFT(B87,3)="157"),E87+SUMIFS(CT!$F$5:$F$143,CT!$D$5:$D$143,DMTK!B87)-SUMIFS(CT!$F$5:$F$143,CT!$E$5:$E$143,DMTK!B87),0) -> 0 | J87: =IF(C87="N",F87+G87-H87,F87+H87-G87) -> 150000000 | K87: =IF(OR(AND(C87="N",F87>0),AND(C87="C",F87<0)),ABS(F87),0) -> 150000000 | L87: =IF(OR(AND(C87="C",F87>0),AND(C87="N",F87<0)),ABS(F87),0) -> 0
A88: 200.220.221.222 | B88: 2112.04 | C88: N | D88: Máy xẻ gỗ | F88: 0 | G88: =SUMIFS(CT!$H$5:$H$143,CT!$D$5:$D$143,DMTK!B88) -> 140000000 | H88: =SUMIFS(CT!$H$5:$H$143,CT!$E$5:$E$143,DMTK!B88) -> 0 | I88: =IF(OR(LEFT(B88,3)="152",LEFT(B88,3)="153",LEFT(B88,3)="155",LEFT(B88,3)="156",LEFT(B88,3)="157"),E88+SUMIFS(CT!$F$5:$F$143,CT!$D$5:$D$143,DMTK!B88)-SUMIFS(CT!$F$5:$F$143,CT!$E$5:$E$143,DMTK!B88),0) -> 0 | J88: =IF(C88="N",F88+G88-H88,F88+H88-G88) -> 140000000 | K88: =IF(OR(AND(C88="N",F88>0),AND(C88="C",F88<0)),ABS(F88),0) -> 0 | L88: =IF(OR(AND(C88="C",F88>0),AND(C88="N",F88<0)),ABS(F88),0) -> 0
A89: 200.220.221.222 | B89: 2113 | C89: N | D89: Phương tiện vận tải, truyền dẫn | F89: 220000000 | G89: =SUMIFS(CT!$H$5:$H$143,CT!$D$5:$D$143,DMTK!B89) -> 0 | H89: =SUMIFS(CT!$H$5:$H$143,CT!$E$5:$E$143,DMTK!B89) -> 0 | I89: =IF(OR(LEFT(B89,3)="152",LEFT(B89,3)="153",LEFT(B89,3)="155",LEFT(B89,3)="156",LEFT(B89,3)="157"),E89+SUMIFS(CT!$F$5:$F$143,CT!$D$5:$D$143,DMTK!B89)-SUMIFS(CT!$F$5:$F$143,CT!$E$5:$E$143,DMTK!B89),0) -> 0 | J89: =IF(C89="N",F89+G89-H89,F89+H89-G89) -> 220000000 | K89: =IF(OR(AND(C89="N",F89>0),AND(C89="C",F89<0)),ABS(F89),0) -> 220000000 | L89: =IF(OR(AND(C89="C",F89>0),AND(C89="N",F89<0)),ABS(F89),0) -> 0
A90: 200.220.221.222 | B90: 2114.01 | C90: N | D90: Máy vi tính | F90: 50779000 | G90: =SUMIFS(CT!$H$5:$H$143,CT!$D$5:$D$143,DMTK!B90) -> 0 | H90: =SUMIFS(CT!$H$5:$H$143,CT!$E$5:$E$143,DMTK!B90) -> 0 | I90: =IF(OR(LEFT(B90,3)="152",LEFT(B90,3)="153",LEFT(B90,3)="155",LEFT(B90,3)="156",LEFT(B90,3)="157"),E90+SUMIFS(CT!$F$5:$F$143,CT!$D$5:$D$143,DMTK!B90)-SUMIFS(CT!$F$5:$F$143,CT!$E$5:$E$143,DMTK!B90),0) -> 0 | J90: =IF(C90="N",F90+G90-H90,F90+H90-G90) -> 50779000 | K90: =IF(OR(AND(C90="N",F90>0),AND(C90="C",F90<0)),ABS(F90),0) -> 50779000 | L90: =IF(OR(AND(C90="C",F90>0),AND(C90="N",F90<0)),ABS(F90),0) -> 0
A91: 200.220.221.222 | B91: 2114.02 | C91: N | D91: Máy photocopy | F91: 125000000 | G91: =SUMIFS(CT!$H$5:$H$143,CT!$D$5:$D$143,DMTK!B91) -> 0 | H91: =SUMIFS(CT!$H$5:$H$143,CT!$E$5:$E$143,DMTK!B91) -> 0 | I91: =IF(OR(LEFT(B91,3)="152",LEFT(B91,3)="153",LEFT(B91,3)="155",LEFT(B91,3)="156",LEFT(B91,3)="157"),E91+SUMIFS(CT!$F$5:$F$143,CT!$D$5:$D$143,DMTK!B91)-SUMIFS(CT!$F$5:$F$143,CT!$E$5:$E$143,DMTK!B91),0) -> 0 | J91: =IF(C91="N",F91+G91-H91,F91+H91-G91) -> 125000000 | K91: =IF(OR(AND(C91="N",F91>0),AND(C91="C",F91<0)),ABS(F91),0) -> 125000000 | L91: =IF(OR(AND(C91="C",F91>0),AND(C91="N",F91<0)),ABS(F91),0) -> 0
A92: 200.220.221.222 | B92: 2118 | C92: N | D92: TSCĐ khác | F92: 0 | G92: =SUMIFS(CT!$H$5:$H$143,CT!$D$5:$D$143,DMTK!B92) -> 0 | H92: =SUMIFS(CT!$H$5:$H$143,CT!$E$5:$E$143,DMTK!B92) -> 0 | I92: =IF(OR(LEFT(B92,3)="152",LEFT(B92,3)="153",LEFT(B92,3)="155",LEFT(B92,3)="156",LEFT(B92,3)="157"),E92+SUMIFS(CT!$F$5:$F$143,CT!$D$5:$D$143,DMTK!B92)-SUMIFS(CT!$F$5:$F$143,CT!$E$5:$E$143,DMTK!B92),0) -> 0 | J92: =IF(C92="N",F92+G92-H92,F92+H92-G92) -> 0 | K92: =IF(OR(AND(C92="N",F92>0),AND(C92="C",F92<0)),ABS(F92),0) -> 0 | L92: =IF(OR(AND(C92="C",F92>0),AND(C92="N",F92<0)),ABS(F92),0) -> 0
A93: 200.220.221.222 | B93: 2121 | C93: N | G93: =SUMIFS(CT!$H$5:$H$143,CT!$D$5:$D$143,DMTK!B93) -> 0 | H93: =SUMIFS(CT!$H$5:$H$143,CT!$E$5:$E$143,DMTK!B93) -> 0 | I93: =IF(OR(LEFT(B93,3)="152",LEFT(B93,3)="153",LEFT(B93,3)="155",LEFT(B93,3)="156",LEFT(B93,3)="157"),E93+SUMIFS(CT!$F$5:$F$143,CT!$D$5:$D$143,DMTK!B93)-SUMIFS(CT!$F$5:$F$143,CT!$E$5:$E$143,DMTK!B93),0) -> 0 | J93: =IF(C93="N",F93+G93-H93,F93+H93-G93) -> 0 | K93: =IF(OR(AND(C93="N",F93>0),AND(C93="C",F93<0)),ABS(F93),0) -> 0 | L93: =IF(OR(AND(C93="C",F93>0),AND(C93="N",F93<0)),ABS(F93),0) -> 0
A94: 200.220.221.222 | B94: 2131 | C94: N | G94: =SUMIFS(CT!$H$5:$H$143,CT!$D$5:$D$143,DMTK!B94) -> 0 | H94: =SUMIFS(CT!$H$5:$H$143,CT!$E$5:$E$143,DMTK!B94) -> 0 | I94: =IF(OR(LEFT(B94,3)="152",LEFT(B94,3)="153",LEFT(B94,3)="155",LEFT(B94,3)="156",LEFT(B94,3)="157"),E94+SUMIFS(CT!$F$5:$F$143,CT!$D$5:$D$143,DMTK!B94)-SUMIFS(CT!$F$5:$F$143,CT!$E$5:$E$143,DMTK!B94),0) -> 0 | J94: =IF(C94="N",F94+G94-H94,F94+H94-G94) -> 0 | K94: =IF(OR(AND(C94="N",F94>0),AND(C94="C",F94<0)),ABS(F94),0) -> 0 | L94: =IF(OR(AND(C94="C",F94>0),AND(C94="N",F94<0)),ABS(F94),0) -> 0
A95: 200.220.221.223 | B95: 2141 | C95: C | D95: Hao mòn TSCĐ hữu hình | F95: 90000000 | G95: =SUMIFS(CT!$H$5:$H$143,CT!$D$5:$D$143,DMTK!B95) -> 0 | H95: =SUMIFS(CT!$H$5:$H$143,CT!$E$5:$E$143,DMTK!B95) -> 2124999 | I95: =IF(OR(LEFT(B95,3)="152",LEFT(B95,3)="153",LEFT(B95,3)="155",LEFT(B95,3)="156",LEFT(B95,3)="157"),E95+SUMIFS(CT!$F$5:$F$143,CT!$D$5:$D$143,DMTK!B95)-SUMIFS(CT!$F$5:$F$143,CT!$E$5:$E$143,DMTK!B95),0) -> 0 | J95: =IF(C95="N",F95+G95-H95,F95+H95-G95) -> 92124999 | K95: =IF(OR(AND(C95="N",F95>0),AND(C95="C",F95<0)),ABS(F95),0) -> 0 | L95: =IF(OR(AND(C95="C",F95>0),AND(C95="N",F95<0)),ABS(F95),0) -> 90000000
A96: 200.230.232 | B96: 2147 | C96: C | D96: Hao mòn bất động sản đầu tư | G96: =SUMIFS(CT!$H$5:$H$143,CT!$D$5:$D$143,DMTK!B96) -> 0 | H96: =SUMIFS(CT!$H$5:$H$143,CT!$E$5:$E$143,DMTK!B96) -> 0 | I96: =IF(OR(LEFT(B96,3)="152",LEFT(B96,3)="153",LEFT(B96,3)="155",LEFT(B96,3)="156",LEFT(B96,3)="157"),E96+SUMIFS(CT!$F$5:$F$143,CT!$D$5:$D$143,DMTK!B96)-SUMIFS(CT!$F$5:$F$143,CT!$E$5:$E$143,DMTK!B96),0) -> 0 | J96: =IF(C96="N",F96+G96-H96,F96+H96-G96) -> 0 | K96: =IF(OR(AND(C96="N",F96>0),AND(C96="C",F96<0)),ABS(F96),0) -> 0 | L96: =IF(OR(AND(C96="C",F96>0),AND(C96="N",F96<0)),ABS(F96),0) -> 0
A97: 200.230.231 | B97: 217 | C97: N | D97: Bất động sản đầu tư | F97: 0 | G97: =SUMIFS(CT!$H$5:$H$143,CT!$D$5:$D$143,DMTK!B97) -> 0 | H97: =SUMIFS(CT!$H$5:$H$143,CT!$E$5:$E$143,DMTK!B97) -> 0 | I97: =IF(OR(LEFT(B97,3)="152",LEFT(B97,3)="153",LEFT(B97,3)="155",LEFT(B97,3)="156",LEFT(B97,3)="157"),E97+SUMIFS(CT!$F$5:$F$143,CT!$D$5:$D$143,DMTK!B97)-SUMIFS(CT!$F$5:$F$143,CT!$E$5:$E$143,DMTK!B97),0) -> 0 | J97: =IF(C97="N",F97+G97-H97,F97+H97-G97) -> 0 | K97: =IF(OR(AND(C97="N",F97>0),AND(C97="C",F97<0)),ABS(F97),0) -> 0 | L97: =IF(OR(AND(C97="C",F97>0),AND(C97="N",F97<0)),ABS(F97),0) -> 0
A98: 200.250.251 | B98: 221 | C98: N | D98: Đầu tư vào công ty con | F98: 0 | G98: =SUMIFS(CT!$H$5:$H$143,CT!$D$5:$D$143,DMTK!B98) -> 0 | H98: =SUMIFS(CT!$H$5:$H$143,CT!$E$5:$E$143,DMTK!B98) -> 0 | I98: =IF(OR(LEFT(B98,3)="152",LEFT(B98,3)="153",LEFT(B98,3)="155",LEFT(B98,3)="156",LEFT(B98,3)="157"),E98+SUMIFS(CT!$F$5:$F$143,CT!$D$5:$D$143,DMTK!B98)-SUMIFS(CT!$F$5:$F$143,CT!$E$5:$E$143,DMTK!B98),0) -> 0 | J98: =IF(C98="N",F98+G98-H98,F98+H98-G98) -> 0 | K98: =IF(OR(AND(C98="N",F98>0),AND(C98="C",F98<0)),ABS(F98),0) -> 0 | L98: =IF(OR(AND(C98="C",F98>0),AND(C98="N",F98<0)),ABS(F98),0) -> 0
A99: 200.250.252 | B99: 222 | C99: N | D99: Đầu tư vào công ty liên doanh, liên kết | F99: 26000000 | G99: =SUMIFS(CT!$H$5:$H$143,CT!$D$5:$D$143,DMTK!B99) -> 0 | H99: =SUMIFS(CT!$H$5:$H$143,CT!$E$5:$E$143,DMTK!B99) -> 0 | I99: =IF(OR(LEFT(B99,3)="152",LEFT(B99,3)="153",LEFT(B99,3)="155",LEFT(B99,3)="156",LEFT(B99,3)="157"),E99+SUMIFS(CT!$F$5:$F$143,CT!$D$5:$D$143,DMTK!B99)-SUMIFS(CT!$F$5:$F$143,CT!$E$5:$E$143,DMTK!B99),0) -> 0 | J99: =IF(C99="N",F99+G99-H99,F99+H99-G99) -> 26000000 | K99: =IF(OR(AND(C99="N",F99>0),AND(C99="C",F99<0)),ABS(F99),0) -> 26000000 | L99: =IF(OR(AND(C99="C",F99>0),AND(C99="N",F99<0)),ABS(F99),0) -> 0
A100: 200.250.253 | B100: 2281 | C100: N | D100: Đầu tư góp vốn vào đơn vị khác | F100: 80000000 | G100: =SUMIFS(CT!$H$5:$H$143,CT!$D$5:$D$143,DMTK!B100) -> 0 | H100: =SUMIFS(CT!$H$5:$H$143,CT!$E$5:$E$143,DMTK!B100) -> 0 | I100: =IF(OR(LEFT(B100,3)="152",LEFT(B100,3)="153",LEFT(B100,3)="155",LEFT(B100,3)="156",LEFT(B100,3)="157"),E100+SUMIFS(CT!$F$5:$F$143,CT!$D$5:$D$143,DMTK!B100)-SUMIFS(CT!$F$5:$F$143,CT!$E$5:$E$143,DMTK!B100),0) -> 0 | J100: =IF(C100="N",F100+G100-H100,F100+H100-G100) -> 80000000 | K100: =IF(OR(AND(C100="N",F100>0),AND(C100="C",F100<0)),ABS(F100),0) -> 80000000 | L100: =IF(OR(AND(C100="C",F100>0),AND(C100="N",F100<0)),ABS(F100),0) -> 0
A101: 100.150.155 | B101: 22881 | C101: N | D101: Đầu tư khác | F101: 30000000 | G101: =SUMIFS(CT!$H$5:$H$143,CT!$D$5:$D$143,DMTK!B101) -> 0 | H101: =SUMIFS(CT!$H$5:$H$143,CT!$E$5:$E$143,DMTK!B101) -> 0 | I101: =IF(OR(LEFT(B101,3)="152",LEFT(B101,3)="153",LEFT(B101,3)="155",LEFT(B101,3)="156",LEFT(B101,3)="157"),E101+SUMIFS(CT!$F$5:$F$143,CT!$D$5:$D$143,DMTK!B101)-SUMIFS(CT!$F$5:$F$143,CT!$E$5:$E$143,DMTK!B101),0) -> 0 | J101: =IF(C101="N",F101+G101-H101,F101+H101-G101) -> 30000000 | K101: =IF(OR(AND(C101="N",F101>0),AND(C101="C",F101<0)),ABS(F101),0) -> 30000000 | L101: =IF(OR(AND(C101="C",F101>0),AND(C101="N",F101<0)),ABS(F101),0) -> 0
...

Sheet CT
A1: SỔ TẬP HỢP NGHIỆP VỤ KẾ TOÁN
A3: NGÀY | B3: SỐCT | C3: DIỄN GIẢI | D3: TKNO | E3: TKCO | F3: SỐ LƯƠNG | G3: ĐƠN GIÁ | H3: SỐ TIỀN | I3: GHI CHÚ | J3: KT TKNO | K3: KT TKCO | L3: TÊN TKNO | M3: TÊN TKCO | N3: GHI SỔ NKC | O3: Loại sổ
A4: [1] | B4: [2] | C4: [3] | D4: [4] | E4: [5] | F4: [6] | G4: [7] | H4: [8] | I4: 9 | J4: 10 | K4: 11 | L4: 12 | M4: 13 | N4: 14 | O4: 15
A5: 45293 | B5: 01/PT | C5: Thu nợ lô hàng 200 | D5: 1111 | E5: 1311.03 | H5: 5000000 | J5: =IF(ISNA(VLOOKUP(D5,DMTK!$B$5:$B$263,1,0)),"Sai","Đúng") -> Đúng | K5: =IF(ISNA(VLOOKUP(E5,DMTK!$B$5:$B$263,1,0)),"Sai","Đúng") -> Đúng | L5: =VLOOKUP(D5,DMTK!$B$5:$D$263,3,0) -> Tiền Việt Nam | M5: =VLOOKUP(E5,DMTK!$B$5:$D$263,3,0) -> Cty TNHH Phương Nam (ngắn hạn) | N5: =IF(OR(LEFT($D5,3)="111",AND(LEFT(CT!$D5,3)="131",LEFT(CT!$E5,3)="511"),LEFT(CT!$E5,3)="111",LEFT(CT!$E5,3)="331"),"No","Yes") -> No | P5: =IF(LEN(D5)>3,"TKCT","TKTH") -> TKCT | Q5: =IF(LEN(E5)>3,"TKCT","TKTH") -> TKCT
A6: 45293 | B6: 02/PT | C6: Thu nợ lô hàng 212 | D6: 1111 | E6: 1311.01 | H6: 20000000 | J6: =IF(ISNA(VLOOKUP(D6,DMTK!$B$5:$B$263,1,0)),"Sai","Đúng") -> Đúng | K6: =IF(ISNA(VLOOKUP(E6,DMTK!$B$5:$B$263,1,0)),"Sai","Đúng") -> Đúng | L6: =VLOOKUP(D6,DMTK!$B$5:$D$263,3,0) -> Tiền Việt Nam | M6: =VLOOKUP(E6,DMTK!$B$5:$D$263,3,0) -> Công ty Quang Minh (ngắn hạn) | N6: =IF(OR(LEFT($D6,3)="111",AND(LEFT(CT!$D6,3)="131",LEFT(CT!$E6,3)="511"),LEFT(CT!$E6,3)="111",LEFT(CT!$E6,3)="331"),"No","Yes") -> No | P6: =IF(LEN(D6)>3,"TKCT","TKTH") -> TKCT | Q6: =IF(LEN(E6)>3,"TKCT","TKTH") -> TKCT | R6: =SUMIFS($H$5:$H$143,$D$5:$D$143,1111) -> 25200000 | S6: =COUNTIFS($D$5:$D$143,1111) -> 3
A7: 45295 | B7: 01/PC | C7: Chi tạm ứng cho Hồ Sĩ Nhật | D7: 141.0102 | E7: 1111 | H7: 2000000 | J7: =IF(ISNA(VLOOKUP(D7,DMTK!$B$5:$B$263,1,0)),"Sai","Đúng") -> Đúng | K7: =IF(ISNA(VLOOKUP(E7,DMTK!$B$5:$B$263,1,0)),"Sai","Đúng") -> Đúng | L7: =VLOOKUP(D7,DMTK!$B$5:$D$263,3,0) -> Hồ Sĩ Nhật | M7: =VLOOKUP(E7,DMTK!$B$5:$D$263,3,0) -> Tiền Việt Nam | N7: =IF(OR(LEFT($D7,3)="111",AND(LEFT(CT!$D7,3)="131",LEFT(CT!$E7,3)="511"),LEFT(CT!$E7,3)="111",LEFT(CT!$E7,3)="331"),"No","Yes") -> No | P7: =IF(LEN(D7)>3,"TKCT","TKTH") -> TKCT | Q7: =IF(LEN(E7)>3,"TKCT","TKTH") -> TKCT
A8: 45295 | B8: 01/NVL | C8: Thuế GTGT mua gỗ tràm bông vàng | D8: 1331 | E8: 3311.02 | H8: =H6*5% -> 1000000 | J8: =IF(ISNA(VLOOKUP(D8,DMTK!$B$5:$B$263,1,0)),"Sai","Đúng") -> Đúng | K8: =IF(ISNA(VLOOKUP(E8,DMTK!$B$5:$B$263,1,0)),"Sai","Đúng") -> Đúng | L8: =VLOOKUP(D8,DMTK!$B$5:$D$263,3,0) -> Thuế GTGT được khấu trừ của hàng hóa, dịch vụ | M8: =VLOOKUP(E8,DMTK!$B$5:$D$263,3,0) -> Cty TNHH Cường Phát | N8: =IF(OR(LEFT($D8,3)="111",AND(LEFT(CT!$D8,3)="131",LEFT(CT!$E8,3)="511"),LEFT(CT!$E8,3)="111",LEFT(CT!$E8,3)="331"),"No","Yes") -> No | P8: =IF(LEN(D8)>3,"TKCT","TKTH") -> TKCT | Q8: =IF(LEN(E8)>3,"TKCT","TKTH") -> TKCT
A9: 45295 | B9: 01/NVL | C9: Mua gỗ tràm bông vàng | D9: 1521.0102 | E9: 3311.02 | F9: 5 | G9: 4500000 | H9: =F9*G9 -> 22500000 | J9: =IF(ISNA(VLOOKUP(D9,DMTK!$B$5:$B$263,1,0)),"Sai","Đúng") -> Đúng | K9: =IF(ISNA(VLOOKUP(E9,DMTK!$B$5:$B$263,1,0)),"Sai","Đúng") -> Đúng | L9: =VLOOKUP(D9,DMTK!$B$5:$D$263,3,0) -> Gỗ tràm bông vàng | M9: =VLOOKUP(E9,DMTK!$B$5:$D$263,3,0) -> Cty TNHH Cường Phát | N9: =IF(OR(LEFT($D9,3)="111",AND(LEFT(CT!$D9,3)="131",LEFT(CT!$E9,3)="511"),LEFT(CT!$E9,3)="111",LEFT(CT!$E9,3)="331"),"No","Yes") -> No | P9: =IF(LEN(D9)>3,"TKCT","TKTH") -> TKCT | Q9: =IF(LEN(E9)>3,"TKCT","TKTH") -> TKCT
A10: 45296 | B10: 02/PC | C10: Thuế GTGT mua VPP | D10: 1331 | E10: 1111 | H10: 100000 | J10: =IF(ISNA(VLOOKUP(D10,DMTK!$B$5:$B$263,1,0)),"Sai","Đúng") -> Đúng | K10: =IF(ISNA(VLOOKUP(E10,DMTK!$B$5:$B$263,1,0)),"Sai","Đúng") -> Đúng | L10: =VLOOKUP(D10,DMTK!$B$5:$D$263,3,0) -> Thuế GTGT được khấu trừ của hàng hóa, dịch vụ | M10: =VLOOKUP(E10,DMTK!$B$5:$D$263,3,0) -> Tiền Việt Nam | N10: =IF(OR(LEFT($D10,3)="111",AND(LEFT(CT!$D10,3)="131",LEFT(CT!$E10,3)="511"),LEFT(CT!$E10,3)="111",LEFT(CT!$E10,3)="331"),"No","Yes") -> No | P10: =IF(LEN(D10)>3,"TKCT","TKTH") -> TKCT | Q10: =IF(LEN(E10)>3,"TKCT","TKTH") -> TKCT
A11: 45296 | B11: 02/PC | C11: Mua VPP cho BPVP | D11: 6428 | E11: 1111 | H11: 1000000 | J11: =IF(ISNA(VLOOKUP(D11,DMTK!$B$5:$B$263,1,0)),"Sai","Đúng") -> Đúng | K11: =IF(ISNA(VLOOKUP(E11,DMTK!$B$5:$B$263,1,0)),"Sai","Đúng") -> Đúng | L11: =VLOOKUP(D11,DMTK!$B$5:$D$263,3,0) -> Chi phí bằng tiền khác | M11: =VLOOKUP(E11,DMTK!$B$5:$D$263,3,0) -> Tiền Việt Nam | N11: =IF(OR(LEFT($D11,3)="111",AND(LEFT(CT!$D11,3)="131",LEFT(CT!$E11,3)="511"),LEFT(CT!$E11,3)="111",LEFT(CT!$E11,3)="331"),"No","Yes") -> No | P11: =IF(LEN(D11)>3,"TKCT","TKTH") -> TKCT | Q11: =IF(LEN(E11)>3,"TKCT","TKTH") -> TKCT
A12: 45301 | B12: 02/NVL | C12: Thuế GTGT mua AC chuối, Dầu thông | D12: 1331 | E12: 3311.01 | H12: =5%*(H10+H11) -> 55000 | J12: =IF(ISNA(VLOOKUP(D12,DMTK!$B$5:$B$263,1,0)),"Sai","Đúng") -> Đúng | K12: =IF(ISNA(VLOOKUP(E12,DMTK!$B$5:$B$263,1,0)),"Sai","Đúng") -> Đúng | L12: =VLOOKUP(D12,DMTK!$B$5:$D$263,3,0) -> Thuế GTGT được khấu trừ của hàng hóa, dịch vụ | M12: =VLOOKUP(E12,DMTK!$B$5:$D$263,3,0) -> Cty CP Mai Lan | N12: =IF(OR(LEFT($D12,3)="111",AND(LEFT(CT!$D12,3)="131",LEFT(CT!$E12,3)="511"),LEFT(CT!$E12,3)="111",LEFT(CT!$E12,3)="331"),"No","Yes") -> No | P12: =IF(LEN(D12)>3,"TKCT","TKTH") -> TKCT | Q12: =IF(LEN(E12)>3,"TKCT","TKTH") -> TKCT
A13: 45301 | B13: 02/NVL | C13: Mua Dầu thông | D13: 1521.0403 | E13: 3311.01 | F13: 100 | G13: 15000 | H13: =F13*G13 -> 1500000 | J13: =IF(ISNA(VLOOKUP(D13,DMTK!$B$5:$B$263,1,0)),"Sai","Đúng") -> Đúng | K13: =IF(ISNA(VLOOKUP(E13,DMTK!$B$5:$B$263,1,0)),"Sai","Đúng") -> Đúng | L13: =VLOOKUP(D13,DMTK!$B$5:$D$263,3,0) -> Dầu thông | M13: =VLOOKUP(E13,DMTK!$B$5:$D$263,3,0) -> Cty CP Mai Lan | N13: =IF(OR(LEFT($D13,3)="111",AND(LEFT(CT!$D13,3)="131",LEFT(CT!$E13,3)="511"),LEFT(CT!$E13,3)="111",LEFT(CT!$E13,3)="331"),"No","Yes") -> No | P13: =IF(LEN(D13)>3,"TKCT","TKTH") -> TKCT | Q13: =IF(LEN(E13)>3,"TKCT","TKTH") -> TKCT
A14: 45301 | B14: 02/NVL | C14: Mua AC chuối | D14: 1521.0401 | E14: 3311.01 | F14: 200 | G14: 16000 | H14: =F14*G14 -> 3200000 | J14: =IF(ISNA(VLOOKUP(D14,DMTK!$B$5:$B$263,1,0)),"Sai","Đúng") -> Đúng | K14: =IF(ISNA(VLOOKUP(E14,DMTK!$B$5:$B$263,1,0)),"Sai","Đúng") -> Đúng | L14: =VLOOKUP(D14,DMTK!$B$5:$D$263,3,0) -> AC chuối | M14: =VLOOKUP(E14,DMTK!$B$5:$D$263,3,0) -> Cty CP Mai Lan | N14: =IF(OR(LEFT($D14,3)="111",AND(LEFT(CT!$D14,3)="131",LEFT(CT!$E14,3)="511"),LEFT(CT!$E14,3)="111",LEFT(CT!$E14,3)="331"),"No","Yes") -> No | P14: =IF(LEN(D14)>3,"TKCT","TKTH") -> TKCT | Q14: =IF(LEN(E14)>3,"TKCT","TKTH") -> TKCT
A15: 45302 | B15: 03/NVL | C15: Thuế GTGT Nhập kho keo AB | D15: 1331 | E15: 3311.03 | H15: 500000 | J15: =IF(ISNA(VLOOKUP(D15,DMTK!$B$5:$B$263,1,0)),"Sai","Đúng") -> Đúng | K15: =IF(ISNA(VLOOKUP(E15,DMTK!$B$5:$B$263,1,0)),"Sai","Đúng") -> Đúng | L15: =VLOOKUP(D15,DMTK!$B$5:$D$263,3,0) -> Thuế GTGT được khấu trừ của hàng hóa, dịch vụ | M15: =VLOOKUP(E15,DMTK!$B$5:$D$263,3,0) -> Cty TNHH Minh Gia Phát | N15: =IF(OR(LEFT($D15,3)="111",AND(LEFT(CT!$D15,3)="131",LEFT(CT!$E15,3)="511"),LEFT(CT!$E15,3)="111",LEFT(CT!$E15,3)="331"),"No","Yes") -> No | P15: =IF(LEN(D15)>3,"TKCT","TKTH") -> TKCT | Q15: =IF(LEN(E15)>3,"TKCT","TKTH") -> TKCT
A16: 45302 | B16: 03/NVL | C16: Nhập kho keo AB | D16: 1521.0301 | E16: 3311.03 | F16: 200 | G16: 25000 | H16: 5000000 | J16: =IF(ISNA(VLOOKUP(D16,DMTK!$B$5:$B$263,1,0)),"Sai","Đúng") -> Đúng | K16: =IF(ISNA(VLOOKUP(E16,DMTK!$B$5:$B$263,1,0)),"Sai","Đúng") -> Đúng | L16: =VLOOKUP(D16,DMTK!$B$5:$D$263,3,0) -> Keo AB | M16: =VLOOKUP(E16,DMTK!$B$5:$D$263,3,0) -> Cty TNHH Minh Gia Phát | N16: =IF(OR(LEFT($D16,3)="111",AND(LEFT(CT!$D16,3)="131",LEFT(CT!$E16,3)="511"),LEFT(CT!$E16,3)="111",LEFT(CT!$E16,3)="331"),"No","Yes") -> No | P16: =IF(LEN(D16)>3,"TKCT","TKTH") -> TKCT | Q16: =IF(LEN(E16)>3,"TKCT","TKTH") -> TKCT
A17: 45306 | B17: 01/XVL | C17: Xuất keo ghép sx GTV | D17: 6211.01 | E17: 1521.0302 | F17: 10 | G17: 48000 | H17: =F17*G17 -> 480000 | J17: =IF(ISNA(VLOOKUP(D17,DMTK!$B$5:$B$263,1,0)),"Sai","Đúng") -> Đúng | K17: =IF(ISNA(VLOOKUP(E17,DMTK!$B$5:$B$263,1,0)),"Sai","Đúng") -> Đúng | L17: =VLOOKUP(D17,DMTK!$B$5:$D$263,3,0) -> CFNVL Ghế tay vịn | M17: =VLOOKUP(E17,DMTK!$B$5:$D$263,3,0) -> Keo ghép | N17: =IF(OR(LEFT($D17,3)="111",AND(LEFT(CT!$D17,3)="131",LEFT(CT!$E17,3)="511"),LEFT(CT!$E17,3)="111",LEFT(CT!$E17,3)="331"),"No","Yes") -> Yes | P17: =IF(LEN(D17)>3,"TKCT","TKTH") -> TKCT | Q17: =IF(LEN(E17)>3,"TKCT","TKTH") -> TKCT
A18: 45306 | B18: 03/PC | C18: Chi lương cho NVBH | D18: 3348.02 | E18: 1111 | H18: 5000000 | J18: =IF(ISNA(VLOOKUP(D18,DMTK!$B$5:$B$263,1,0)),"Sai","Đúng") -> Đúng | K18: =IF(ISNA(VLOOKUP(E18,DMTK!$B$5:$B$263,1,0)),"Sai","Đúng") -> Đúng | L18: =VLOOKUP(D18,DMTK!$B$5:$D$263,3,0) -> Lương NV bán hàng | M18: =VLOOKUP(E18,DMTK!$B$5:$D$263,3,0) -> Tiền Việt Nam | N18: =IF(OR(LEFT($D18,3)="111",AND(LEFT(CT!$D18,3)="131",LEFT(CT!$E18,3)="511"),LEFT(CT!$E18,3)="111",LEFT(CT!$E18,3)="331"),"No","Yes") -> No | P18: =IF(LEN(D18)>3,"TKCT","TKTH") -> TKCT | Q18: =IF(LEN(E18)>3,"TKCT","TKTH") -> TKCT
A19: 45306 | B19: 03/PC | C19: Chi lương cho CB QLDN | D19: 3348.03 | E19: 1111 | H19: 7000000 | J19: =IF(ISNA(VLOOKUP(D19,DMTK!$B$5:$B$263,1,0)),"Sai","Đúng") -> Đúng | K19: =IF(ISNA(VLOOKUP(E19,DMTK!$B$5:$B$263,1,0)),"Sai","Đúng") -> Đúng | L19: =VLOOKUP(D19,DMTK!$B$5:$D$263,3,0) -> Lương CB QLDN | M19: =VLOOKUP(E19,DMTK!$B$5:$D$263,3,0) -> Tiền Việt Nam | N19: =IF(OR(LEFT($D19,3)="111",AND(LEFT(CT!$D19,3)="131",LEFT(CT!$E19,3)="511"),LEFT(CT!$E19,3)="111",LEFT(CT!$E19,3)="331"),"No","Yes") -> No | P19: =IF(LEN(D19)>3,"TKCT","TKTH") -> TKCT | Q19: =IF(LEN(E19)>3,"TKCT","TKTH") -> TKCT
A20: 45306 | B20: 01/XVL | C20: Xuất gỗ cao su sx GTV | D20: 6211.01 | E20: 1521.0101 | F20: 4 | G20: 3300000 | H20: =F20*G20 -> 13200000 | J20: =IF(ISNA(VLOOKUP(D20,DMTK!$B$5:$B$263,1,0)),"Sai","Đúng") -> Đúng | K20: =IF(ISNA(VLOOKUP(E20,DMTK!$B$5:$B$263,1,0)),"Sai","Đúng") -> Đúng | L20: =VLOOKUP(D20,DMTK!$B$5:$D$263,3,0) -> CFNVL Ghế tay vịn | M20: =VLOOKUP(E20,DMTK!$B$5:$D$263,3,0) -> Gỗ cao su | N20: =IF(OR(LEFT($D20,3)="111",AND(LEFT(CT!$D20,3)="131",LEFT(CT!$E20,3)="511"),LEFT(CT!$E20,3)="111",LEFT(CT!$E20,3)="331"),"No","Yes") -> Yes | P20: =IF(LEN(D20)>3,"TKCT","TKTH") -> TKCT | Q20: =IF(LEN(E20)>3,"TKCT","TKTH") -> TKCT
A21: 45306 | B21: 01/BC | C21: Cty Mai Anh trả nợ lô hàng 189 | D21: 1121.02 | E21: 1311.02 | H21: 30000000 | J21: =IF(ISNA(VLOOKUP(D21,DMTK!$B$5:$B$263,1,0)),"Sai","Đúng") -> Đúng | K21: =IF(ISNA(VLOOKUP(E21,DMTK!$B$5:$B$263,1,0)),"Sai","Đúng") -> Đúng | L21: =VLOOKUP(D21,DMTK!$B$5:$D$263,3,0) -> Tiền Việt Nam NH Đông Á | M21: =VLOOKUP(E21,DMTK!$B$5:$D$263,3,0) -> Cty TNHH TMDV Mai Anh (ngắn hạn) | N21: =IF(OR(LEFT($D21,3)="111",AND(LEFT(CT!$D21,3)="131",LEFT(CT!$E21,3)="511"),LEFT(CT!$E21,3)="111",LEFT(CT!$E21,3)="331"),"No","Yes") -> Yes | P21: =IF(LEN(D21)>3,"TKCT","TKTH") -> TKCT | Q21: =IF(LEN(E21)>3,"TKCT","TKTH") -> TKCT
A22: 45306 | B22: 03/PC | C22: Chi lương cho NV QLPX | D22: 3348.01 | E22: 1111 | H22: 35000000 | J22: =IF(ISNA(VLOOKUP(D22,DMTK!$B$5:$B$263,1,0)),"Sai","Đúng") -> Đúng | K22: =IF(ISNA(VLOOKUP(E22,DMTK!$B$5:$B$263,1,0)),"Sai","Đúng") -> Đúng | L22: =VLOOKUP(D22,DMTK!$B$5:$D$263,3,0) -> Lương NV QLPX | M22: =VLOOKUP(E22,DMTK!$B$5:$D$263,3,0) -> Tiền Việt Nam | N22: =IF(OR(LEFT($D22,3)="111",AND(LEFT(CT!$D22,3)="131",LEFT(CT!$E22,3)="511"),LEFT(CT!$E22,3)="111",LEFT(CT!$E22,3)="331"),"No","Yes") -> No | P22: =IF(LEN(D22)>3,"TKCT","TKTH") -> TKCT | Q22: =IF(LEN(E22)>3,"TKCT","TKTH") -> TKCT
A23: 45306 | B23: 03/PC | C23: Chi lương cho CNSX GTV | D23: 3341.01 | E23: 1111 | H23: 40000000 | J23: =IF(ISNA(VLOOKUP(D23,DMTK!$B$5:$B$263,1,0)),"Sai","Đúng") -> Đúng | K23: =IF(ISNA(VLOOKUP(E23,DMTK!$B$5:$B$263,1,0)),"Sai","Đúng") -> Đúng | L23: =VLOOKUP(D23,DMTK!$B$5:$D$263,3,0) -> Lương CNSX Ghế tay vịn | M23: =VLOOKUP(E23,DMTK!$B$5:$D$263,3,0) -> Tiền Việt Nam | N23: =IF(OR(LEFT($D23,3)="111",AND(LEFT(CT!$D23,3)="131",LEFT(CT!$E23,3)="511"),LEFT(CT!$E23,3)="111",LEFT(CT!$E23,3)="331"),"No","Yes") -> No | P23: =IF(LEN(D23)>3,"TKCT","TKTH") -> TKCT | Q23: =IF(LEN(E23)>3,"TKCT","TKTH") -> TKCT
A24: 45306 | B24: 03/PC | C24: Chi lương cho CNSX GKT | D24: 3341.02 | E24: 1111 | H24: 40000000 | J24: =IF(ISNA(VLOOKUP(D24,DMTK!$B$5:$B$263,1,0)),"Sai","Đúng") -> Đúng | K24: =IF(ISNA(VLOOKUP(E24,DMTK!$B$5:$B$263,1,0)),"Sai","Đúng") -> Đúng | L24: =VLOOKUP(D24,DMTK!$B$5:$D$263,3,0) -> Lương CNSX Ghế không tay | M24: =VLOOKUP(E24,DMTK!$B$5:$D$263,3,0) -> Tiền Việt Nam | N24: =IF(OR(LEFT($D24,3)="111",AND(LEFT(CT!$D24,3)="131",LEFT(CT!$E24,3)="511"),LEFT(CT!$E24,3)="111",LEFT(CT!$E24,3)="331"),"No","Yes") -> No | P24: =IF(LEN(D24)>3,"TKCT","TKTH") -> TKCT | Q24: =IF(LEN(E24)>3,"TKCT","TKTH") -> TKCT
A25: 45306 | B25: 03/PC | C25: Chi lương cho CNSX GTV | D25: 3341.03 | E25: 1111 | H25: 40000000 | J25: =IF(ISNA(VLOOKUP(D25,DMTK!$B$5:$B$263,1,0)),"Sai","Đúng") -> Đúng | K25: =IF(ISNA(VLOOKUP(E25,DMTK!$B$5:$B$263,1,0)),"Sai","Đúng") -> Đúng | L25: =VLOOKUP(D25,DMTK!$B$5:$D$263,3,0) -> Lương CNSX Bàn tròn | M25: =VLOOKUP(E25,DMTK!$B$5:$D$263,3,0) -> Tiền Việt Nam | N25: =IF(OR(LEFT($D25,3)="111",AND(LEFT(CT!$D25,3)="131",LEFT(CT!$E25,3)="511"),LEFT(CT!$E25,3)="111",LEFT(CT!$E25,3)="331"),"No","Yes") -> No | P25: =IF(LEN(D25)>3,"TKCT","TKTH") -> TKCT | Q25: =IF(LEN(E25)>3,"TKCT","TKTH") -> TKCT
A26: 45306 | B26: 03/PC | C26: Chi lương cho CNSX BT | D26: 3341.04 | E26: 1111 | H26: 40000000 | J26: =IF(ISNA(VLOOKUP(D26,DMTK!$B$5:$B$263,1,0)),"Sai","Đúng") -> Đúng | K26: =IF(ISNA(VLOOKUP(E26,DMTK!$B$5:$B$263,1,0)),"Sai","Đúng") -> Đúng | L26: =VLOOKUP(D26,DMTK!$B$5:$D$263,3,0) -> Lương CNSX Bàn oval | M26: =VLOOKUP(E26,DMTK!$B$5:$D$263,3,0) -> Tiền Việt Nam | N26: =IF(OR(LEFT($D26,3)="111",AND(LEFT(CT!$D26,3)="131",LEFT(CT!$E26,3)="511"),LEFT(CT!$E26,3)="111",LEFT(CT!$E26,3)="331"),"No","Yes") -> No | P26: =IF(LEN(D26)>3,"TKCT","TKTH") -> TKCT | Q26: =IF(LEN(E26)>3,"TKCT","TKTH") -> TKCT
A27: 45306 | B27: 03/PC | C27: Chi lương cho CNSX BO | D27: 3341.05 | E27: 1111 | H27: 40000000 | J27: =IF(ISNA(VLOOKUP(D27,DMTK!$B$5:$B$263,1,0)),"Sai","Đúng") -> Đúng | K27: =IF(ISNA(VLOOKUP(E27,DMTK!$B$5:$B$263,1,0)),"Sai","Đúng") -> Đúng | L27: =VLOOKUP(D27,DMTK!$B$5:$D$263,3,0) -> Lương CNSX Bàn chữ nhật | M27: =VLOOKUP(E27,DMTK!$B$5:$D$263,3,0) -> Tiền Việt Nam | N27: =IF(OR(LEFT($D27,3)="111",AND(LEFT(CT!$D27,3)="131",LEFT(CT!$E27,3)="511"),LEFT(CT!$E27,3)="111",LEFT(CT!$E27,3)="331"),"No","Yes") -> No | P27: =IF(LEN(D27)>3,"TKCT","TKTH") -> TKCT | Q27: =IF(LEN(E27)>3,"TKCT","TKTH") -> TKCT
A28: 45307 | B28: 01/BN | C28: Trả Cty CP Mai Lan HĐ1170 | D28: 3311.01 | E28: 1121.01 | H28: 40000000 | J28: =IF(ISNA(VLOOKUP(D28,DMTK!$B$5:$B$263,1,0)),"Sai","Đúng") -> Đúng | K28: =IF(ISNA(VLOOKUP(E28,DMTK!$B$5:$B$263,1,0)),"Sai","Đúng") -> Đúng | L28: =VLOOKUP(D28,DMTK!$B$5:$D$263,3,0) -> Cty CP Mai Lan | M28: =VLOOKUP(E28,DMTK!$B$5:$D$263,3,0) -> Tiền Việt Nam NH Ngoại Thương | N28: =IF(OR(LEFT($D28,3)="111",AND(LEFT(CT!$D28,3)="131",LEFT(CT!$E28,3)="511"),LEFT(CT!$E28,3)="111",LEFT(CT!$E28,3)="331"),"No","Yes") -> Yes | P28: =IF(LEN(D28)>3,"TKCT","TKTH") -> TKCT | Q28: =IF(LEN(E28)>3,"TKCT","TKTH") -> TKCT
A29: 45307 | B29: 02/BN | C29: Chi đặt cọc mua hàng | D29: 3311.03 | E29: 1121.01 | H29: 50000000 | J29: =IF(ISNA(VLOOKUP(D29,DMTK!$B$5:$B$263,1,0)),"Sai","Đúng") -> Đúng | K29: =IF(ISNA(VLOOKUP(E29,DMTK!$B$5:$B$263,1,0)),"Sai","Đúng") -> Đúng | L29: =VLOOKUP(D29,DMTK!$B$5:$D$263,3,0) -> Cty TNHH Minh Gia Phát | M29: =VLOOKUP(E29,DMTK!$B$5:$D$263,3,0) -> Tiền Việt Nam NH Ngoại Thương | N29: =IF(OR(LEFT($D29,3)="111",AND(LEFT(CT!$D29,3)="131",LEFT(CT!$E29,3)="511"),LEFT(CT!$E29,3)="111",LEFT(CT!$E29,3)="331"),"No","Yes") -> Yes | P29: =IF(LEN(D29)>3,"TKCT","TKTH") -> TKCT | Q29: =IF(LEN(E29)>3,"TKCT","TKTH") -> TKCT
A30: 45308 | B30: 02/XVL | C30: Xuất ván keo 502 sx BTròn | D30: 6211.03 | E30: 1521.0303 | F30: 20 | G30: 2300 | H30: =F30*G30 -> 46000 | J30: =IF(ISNA(VLOOKUP(D30,DMTK!$B$5:$B$263,1,0)),"Sai","Đúng") -> Đúng | K30: =IF(ISNA(VLOOKUP(E30,DMTK!$B$5:$B$263,1,0)),"Sai","Đúng") -> Đúng | L30: =VLOOKUP(D30,DMTK!$B$5:$D$263,3,0) -> CFNVL Bàn tròn | M30: =VLOOKUP(E30,DMTK!$B$5:$D$263,3,0) -> Keo 502 | N30: =IF(OR(LEFT($D30,3)="111",AND(LEFT(CT!$D30,3)="131",LEFT(CT!$E30,3)="511"),LEFT(CT!$E30,3)="111",LEFT(CT!$E30,3)="331"),"No","Yes") -> Yes | P30: =IF(LEN(D30)>3,"TKCT","TKTH") -> TKCT | Q30: =IF(LEN(E30)>3,"TKCT","TKTH") -> TKCT
A31: 45308 | B31: 03/XVL | C31: Xuất dầu thông sx GTV | D31: 6211.01 | E31: 1521.0403 | F31: 20 | G31: 14111 | H31: =F31*G31 -> 282220 | J31: =IF(ISNA(VLOOKUP(D31,DMTK!$B$5:$B$263,1,0)),"Sai","Đúng") -> Đúng | K31: =IF(ISNA(VLOOKUP(E31,DMTK!$B$5:$B$263,1,0)),"Sai","Đúng") -> Đúng | L31: =VLOOKUP(D31,DMTK!$B$5:$D$263,3,0) -> CFNVL Ghế tay vịn | M31: =VLOOKUP(E31,DMTK!$B$5:$D$263,3,0) -> Dầu thông | N31: =IF(OR(LEFT($D31,3)="111",AND(LEFT(CT!$D31,3)="131",LEFT(CT!$E31,3)="511"),LEFT(CT!$E31,3)="111",LEFT(CT!$E31,3)="331"),"No","Yes") -> Yes | P31: =IF(LEN(D31)>3,"TKCT","TKTH") -> TKCT | Q31: =IF(LEN(E31)>3,"TKCT","TKTH") -> TKCT
A32: 45308 | B32: 03/XVL | C32: Xuất AC chuối sx GTV | D32: 6211.01 | E32: 1521.0401 | F32: 30 | G32: 15666 | H32: =F32*G32 -> 469980 | J32: =IF(ISNA(VLOOKUP(D32,DMTK!$B$5:$B$263,1,0)),"Sai","Đúng") -> Đúng | K32: =IF(ISNA(VLOOKUP(E32,DMTK!$B$5:$B$263,1,0)),"Sai","Đúng") -> Đúng | L32: =VLOOKUP(D32,DMTK!$B$5:$D$263,3,0) -> CFNVL Ghế tay vịn | M32: =VLOOKUP(E32,DMTK!$B$5:$D$263,3,0) -> AC chuối | N32: =IF(OR(LEFT($D32,3)="111",AND(LEFT(CT!$D32,3)="131",LEFT(CT!$E32,3)="511"),LEFT(CT!$E32,3)="111",LEFT(CT!$E32,3)="331"),"No","Yes") -> Yes | P32: =IF(LEN(D32)>3,"TKCT","TKTH") -> TKCT | Q32: =IF(LEN(E32)>3,"TKCT","TKTH") -> TKCT
A33: 45308 | B33: 02/XVL | C33: Xuất ván MDF 9x6x8 sx BTròn | D33: 6211.03 | E33: 1521.0201 | F33: 30 | G33: 120000 | H33: =F33*G33 -> 3600000 | J33: =IF(ISNA(VLOOKUP(D33,DMTK!$B$5:$B$263,1,0)),"Sai","Đúng") -> Đúng | K33: =IF(ISNA(VLOOKUP(E33,DMTK!$B$5:$B$263,1,0)),"Sai","Đúng") -> Đúng | L33: =VLOOKUP(D33,DMTK!$B$5:$D$263,3,0) -> CFNVL Bàn tròn | M33: =VLOOKUP(E33,DMTK!$B$5:$D$263,3,0) -> Ván MDF 9x6x8 | N33: =IF(OR(LEFT($D33,3)="111",AND(LEFT(CT!$D33,3)="131",LEFT(CT!$E33,3)="511"),LEFT(CT!$E33,3)="111",LEFT(CT!$E33,3)="331"),"No","Yes") -> Yes | P33: =IF(LEN(D33)>3,"TKCT","TKTH") -> TKCT | Q33: =IF(LEN(E33)>3,"TKCT","TKTH") -> TKCT
A34: 45309 | B34: 01/XCC | C34: Xuất kệ tủ | D34: 2421.02 | E34: 1531.02 | F34: 4 | G34: 250000 | H34: =F34*G34 -> 1000000 | J34: =IF(ISNA(VLOOKUP(D34,DMTK!$B$5:$B$263,1,0)),"Sai","Đúng") -> Đúng | K34: =IF(ISNA(VLOOKUP(E34,DMTK!$B$5:$B$263,1,0)),"Sai","Đúng") -> Đúng | L34: =VLOOKUP(D34,DMTK!$B$5:$D$263,3,0) -> Kệ tủ (không quá 12 tháng) | M34: =VLOOKUP(E34,DMTK!$B$5:$D$263,3,0) -> Kệ tủ | N34: =IF(OR(LEFT($D34,3)="111",AND(LEFT(CT!$D34,3)="131",LEFT(CT!$E34,3)="511"),LEFT(CT!$E34,3)="111",LEFT(CT!$E34,3)="331"),"No","Yes") -> Yes | P34: =IF(LEN(D34)>3,"TKCT","TKTH") -> TKCT | Q34: =IF(LEN(E34)>3,"TKCT","TKTH") -> TKCT
A35: 45309 | B35: 01/XCC | C35: Xuất máy tính Casio | D35: 2421.01 | E35: 1531.01 | F35: 5 | G35: 500000 | H35: =F35*G35 -> 2500000 | J35: =IF(ISNA(VLOOKUP(D35,DMTK!$B$5:$B$263,1,0)),"Sai","Đúng") -> Đúng | K35: =IF(ISNA(VLOOKUP(E35,DMTK!$B$5:$B$263,1,0)),"Sai","Đúng") -> Đúng | L35: =VLOOKUP(D35,DMTK!$B$5:$D$263,3,0) -> Máy tính Casio (không quá 12 tháng) | M35: =VLOOKUP(E35,DMTK!$B$5:$D$263,3,0) -> Máy tính Casio | N35: =IF(OR(LEFT($D35,3)="111",AND(LEFT(CT!$D35,3)="131",LEFT(CT!$E35,3)="511"),LEFT(CT!$E35,3)="111",LEFT(CT!$E35,3)="331"),"No","Yes") -> Yes | P35: =IF(LEN(D35)>3,"TKCT","TKTH") -> TKCT | Q35: =IF(LEN(E35)>3,"TKCT","TKTH") -> TKCT
A36: 45310 | B36: 02/XCC | C36: Xuất lưỡi cưa cho PXSX | D36: 6273 | E36: 1531.03 | F36: 10 | G36: 10000 | H36: =F36*G36 -> 100000 | J36: =IF(ISNA(VLOOKUP(D36,DMTK!$B$5:$B$263,1,0)),"Sai","Đúng") -> Đúng | K36: =IF(ISNA(VLOOKUP(E36,DMTK!$B$5:$B$263,1,0)),"Sai","Đúng") -> Đúng | L36: =VLOOKUP(D36,DMTK!$B$5:$D$263,3,0) -> Chi phí dụng cụ sản xuất | M36: =VLOOKUP(E36,DMTK!$B$5:$D$263,3,0) -> Lưỡi cưa | N36: =IF(OR(LEFT($D36,3)="111",AND(LEFT(CT!$D36,3)="131",LEFT(CT!$E36,3)="511"),LEFT(CT!$E36,3)="111",LEFT(CT!$E36,3)="331"),"No","Yes") -> Yes | P36: =IF(LEN(D36)>3,"TKCT","TKTH") -> TKCT | Q36: =IF(LEN(E36)>3,"TKCT","TKTH") -> TKCT
A37: 45310 | B37: 02/XCC | C37: Xuất mũi khoan cho PXSX | D37: 6273 | E37: 1531.04 | F37: 20 | G37: 5000 | H37: =F37*G37 -> 100000 | J37: =IF(ISNA(VLOOKUP(D37,DMTK!$B$5:$B$263,1,0)),"Sai","Đúng") -> Đúng | K37: =IF(ISNA(VLOOKUP(E37,DMTK!$B$5:$B$263,1,0)),"Sai","Đúng") -> Đúng | L37: =VLOOKUP(D37,DMTK!$B$5:$D$263,3,0) -> Chi phí dụng cụ sản xuất | M37: =VLOOKUP(E37,DMTK!$B$5:$D$263,3,0) -> Mũi khoan | N37: =IF(OR(LEFT($D37,3)="111",AND(LEFT(CT!$D37,3)="131",LEFT(CT!$E37,3)="511"),LEFT(CT!$E37,3)="111",LEFT(CT!$E37,3)="331"),"No","Yes") -> Yes | P37: =IF(LEN(D37)>3,"TKCT","TKTH") -> TKCT | Q37: =IF(LEN(E37)>3,"TKCT","TKTH") -> TKCT
A38: 45310 | B38: 02/XCC | C38: Xuất dao thép cho PXSX | D38: 6273 | E38: 1531.05 | F38: 30 | G38: 10000 | H38: =F38*G38 -> 300000 | J38: =IF(ISNA(VLOOKUP(D38,DMTK!$B$5:$B$263,1,0)),"Sai","Đúng") -> Đúng | K38: =IF(ISNA(VLOOKUP(E38,DMTK!$B$5:$B$263,1,0)),"Sai","Đúng") -> Đúng | L38: =VLOOKUP(D38,DMTK!$B$5:$D$263,3,0) -> Chi phí dụng cụ sản xuất | M38: =VLOOKUP(E38,DMTK!$B$5:$D$263,3,0) -> Dao thép | N38: =IF(OR(LEFT($D38,3)="111",AND(LEFT(CT!$D38,3)="131",LEFT(CT!$E38,3)="511"),LEFT(CT!$E38,3)="111",LEFT(CT!$E38,3)="331"),"No","Yes") -> Yes | P38: =IF(LEN(D38)>3,"TKCT","TKTH") -> TKCT | Q38: =IF(LEN(E38)>3,"TKCT","TKTH") -> TKCT
A39: 45314 | B39: 02/NTP | C39: Tạm nhập kho BT | D39: 1551.0201 | E39: 154.03 | F39: 200 | G39: 300000 | H39: 60000000 | J39: =IF(ISNA(VLOOKUP(D39,DMTK!$B$5:$B$263,1,0)),"Sai","Đúng") -> Đúng | K39: =IF(ISNA(VLOOKUP(E39,DMTK!$B$5:$B$263,1,0)),"Sai","Đúng") -> Đúng | L39: =VLOOKUP(D39,DMTK!$B$5:$D$263,3,0) -> Bàn tròn | M39: =VLOOKUP(E39,DMTK!$B$5:$D$263,3,0) -> Bàn tròn | N39: =IF(OR(LEFT($D39,3)="111",AND(LEFT(CT!$D39,3)="131",LEFT(CT!$E39,3)="511"),LEFT(CT!$E39,3)="111",LEFT(CT!$E39,3)="331"),"No","Yes") -> Yes | P39: =IF(LEN(D39)>3,"TKCT","TKTH") -> TKCT | Q39: =IF(LEN(E39)>3,"TKCT","TKTH") -> TKCT
A40: 45314 | B40: 01/NTP | C40: Tạm nhập kho GTV | D40: 1551.0101 | E40: 154.01 | F40: 405 | G40: 250000 | H40: 101250000 | J40: =IF(ISNA(VLOOKUP(D40,DMTK!$B$5:$B$263,1,0)),"Sai","Đúng") -> Đúng | K40: =IF(ISNA(VLOOKUP(E40,DMTK!$B$5:$B$263,1,0)),"Sai","Đúng") -> Đúng | L40: =VLOOKUP(D40,DMTK!$B$5:$D$263,3,0) -> Ghế tay vịn | M40: =VLOOKUP(E40,DMTK!$B$5:$D$263,3,0) -> Ghế tay vịn | N40: =IF(OR(LEFT($D40,3)="111",AND(LEFT(CT!$D40,3)="131",LEFT(CT!$E40,3)="511"),LEFT(CT!$E40,3)="111",LEFT(CT!$E40,3)="331"),"No","Yes") -> Yes | P40: =IF(LEN(D40)>3,"TKCT","TKTH") -> TKCT | Q40: =IF(LEN(E40)>3,"TKCT","TKTH") -> TKCT
A41: 45315 | B41: 03/NTP | C41: Tạm nhập kho GKT | D41: 1551.0102 | E41: 154.02 | F41: 300 | G41: 200000 | H41: 60000000 | J41: =IF(ISNA(VLOOKUP(D41,DMTK!$B$5:$B$263,1,0)),"Sai","Đúng") -> Đúng | K41: =IF(ISNA(VLOOKUP(E41,DMTK!$B$5:$B$263,1,0)),"Sai","Đúng") -> Đúng | L41: =VLOOKUP(D41,DMTK!$B$5:$D$263,3,0) -> Ghế không tay | M41: =VLOOKUP(E41,DMTK!$B$5:$D$263,3,0) -> Ghế không tay | N41: =IF(OR(LEFT($D41,3)="111",AND(LEFT(CT!$D41,3)="131",LEFT(CT!$E41,3)="511"),LEFT(CT!$E41,3)="111",LEFT(CT!$E41,3)="331"),"No","Yes") -> Yes | P41: =IF(LEN(D41)>3,"TKCT","TKTH") -> TKCT | Q41: =IF(LEN(E41)>3,"TKCT","TKTH") -> TKCT
A42: 45316 | B42: 02/BTP | C42: Thuế GTGT Bán GKT cho Cty XNK Vật Tư | D42: 1311.06 | E42: 33311 | H42: =H41*5% -> 3000000 | J42: =IF(ISNA(VLOOKUP(D42,DMTK!$B$5:$B$263,1,0)),"Sai","Đúng") -> Đúng | K42: =IF(ISNA(VLOOKUP(E42,DMTK!$B$5:$B$263,1,0)),"Sai","Đúng") -> Đúng | L42: =VLOOKUP(D42,DMTK!$B$5:$D$263,3,0) -> Cty XNK Vật Tư (ngắn hạn) | M42: =VLOOKUP(E42,DMTK!$B$5:$D$263,3,0) -> Thuế GTGT đầu ra | N42: =IF(OR(LEFT($D42,3)="111",AND(LEFT(CT!$D42,3)="131",LEFT(CT!$E42,3)="511"),LEFT(CT!$E42,3)="111",LEFT(CT!$E42,3)="331"),"No","Yes") -> Yes | P42: =IF(LEN(D42)>3,"TKCT","TKTH") -> TKCT | Q42: =IF(LEN(E42)>3,"TKCT","TKTH") -> TKCT
A43: 45316 | B43: 01/BTP | C43: Thuế GTGT Bán GTV cho Cty Nam Việt | D43: 1311.05 | E43: 33311 | H43: =H42*5% -> 150000 | J43: =IF(ISNA(VLOOKUP(D43,DMTK!$B$5:$B$263,1,0)),"Sai","Đúng") -> Đúng | K43: =IF(ISNA(VLOOKUP(E43,DMTK!$B$5:$B$263,1,0)),"Sai","Đúng") -> Đúng | L43: =VLOOKUP(D43,DMTK!$B$5:$D$263,3,0) -> Cty TNHH Nam Việt (ngắn hạn) | M43: =VLOOKUP(E43,DMTK!$B$5:$D$263,3,0) -> Thuế GTGT đầu ra | N43: =IF(OR(LEFT($D43,3)="111",AND(LEFT(CT!$D43,3)="131",LEFT(CT!$E43,3)="511"),LEFT(CT!$E43,3)="111",LEFT(CT!$E43,3)="331"),"No","Yes") -> Yes | P43: =IF(LEN(D43)>3,"TKCT","TKTH") -> TKCT | Q43: =IF(LEN(E43)>3,"TKCT","TKTH") -> TKCT
A44: 45316 | B44: 02/BTP | C44: Thuế GTGT Bán BO cho Cty XNK Vật Tư | D44: 1311.06 | E44: 33311 | H44: =H43*5% -> 7500 | J44: =IF(ISNA(VLOOKUP(D44,DMTK!$B$5:$B$263,1,0)),"Sai","Đúng") -> Đúng | K44: =IF(ISNA(VLOOKUP(E44,DMTK!$B$5:$B$263,1,0)),"Sai","Đúng") -> Đúng | L44: =VLOOKUP(D44,DMTK!$B$5:$D$263,3,0) -> Cty XNK Vật Tư (ngắn hạn) | M44: =VLOOKUP(E44,DMTK!$B$5:$D$263,3,0) -> Thuế GTGT đầu ra | N44: =IF(OR(LEFT($D44,3)="111",AND(LEFT(CT!$D44,3)="131",LEFT(CT!$E44,3)="511"),LEFT(CT!$E44,3)="111",LEFT(CT!$E44,3)="331"),"No","Yes") -> Yes | P44: =IF(LEN(D44)>3,"TKCT","TKTH") -> TKCT | Q44: =IF(LEN(E44)>3,"TKCT","TKTH") -> TKCT
A45: 45316 | B45: 02/BTP | C45: Bán GKT cho Cty XNK Vật Tư | D45: 632.0102 | E45: 1551.0102 | F45: 100 | G45: 200000 | H45: =F45*G45 -> 20000000 | J45: =IF(ISNA(VLOOKUP(D45,DMTK!$B$5:$B$263,1,0)),"Sai","Đúng") -> Đúng | K45: =IF(ISNA(VLOOKUP(E45,DMTK!$B$5:$B$263,1,0)),"Sai","Đúng") -> Đúng | L45: =VLOOKUP(D45,DMTK!$B$5:$D$263,3,0) -> GVHB Ghế không tay | M45: =VLOOKUP(E45,DMTK!$B$5:$D$263,3,0) -> Ghế không tay | N45: =IF(OR(LEFT($D45,3)="111",AND(LEFT(CT!$D45,3)="131",LEFT(CT!$E45,3)="511"),LEFT(CT!$E45,3)="111",LEFT(CT!$E45,3)="331"),"No","Yes") -> Yes | P45: =IF(LEN(D45)>3,"TKCT","TKTH") -> TKCT | Q45: =IF(LEN(E45)>3,"TKCT","TKTH") -> TKCT
A46: 45316 | B46: 01/BTP | C46: Bán GTV cho Cty Nam Việt | D46: 632.0101 | E46: 1551.0101 | F46: 100 | G46: 250000 | H46: =F46*G46 -> 25000000 | J46: =IF(ISNA(VLOOKUP(D46,DMTK!$B$5:$B$263,1,0)),"Sai","Đúng") -> Đúng | K46: =IF(ISNA(VLOOKUP(E46,DMTK!$B$5:$B$263,1,0)),"Sai","Đúng") -> Đúng | L46: =VLOOKUP(D46,DMTK!$B$5:$D$263,3,0) -> GVHB Ghế tay vịn | M46: =VLOOKUP(E46,DMTK!$B$5:$D$263,3,0) -> Ghế tay vịn | N46: =IF(OR(LEFT($D46,3)="111",AND(LEFT(CT!$D46,3)="131",LEFT(CT!$E46,3)="511"),LEFT(CT!$E46,3)="111",LEFT(CT!$E46,3)="331"),"No","Yes") -> Yes | P46: =IF(LEN(D46)>3,"TKCT","TKTH") -> TKCT | Q46: =IF(LEN(E46)>3,"TKCT","TKTH") -> TKCT
A47: 45316 | B47: 02/BTP | C47: Bán BO cho Cty XNK Vật Tư | D47: 632.0202 | E47: 1551.0202 | F47: 50 | G47: 500000 | H47: =F47*G47 -> 25000000 | J47: =IF(ISNA(VLOOKUP(D47,DMTK!$B$5:$B$263,1,0)),"Sai","Đúng") -> Đúng | K47: =IF(ISNA(VLOOKUP(E47,DMTK!$B$5:$B$263,1,0)),"Sai","Đúng") -> Đúng | L47: =VLOOKUP(D47,DMTK!$B$5:$D$263,3,0) -> GVHB Bàn oval | M47: =VLOOKUP(E47,DMTK!$B$5:$D$263,3,0) -> Bàn oval | N47: =IF(OR(LEFT($D47,3)="111",AND(LEFT(CT!$D47,3)="131",LEFT(CT!$E47,3)="511"),LEFT(CT!$E47,3)="111",LEFT(CT!$E47,3)="331"),"No","Yes") -> Yes | P47: =IF(LEN(D47)>3,"TKCT","TKTH") -> TKCT | Q47: =IF(LEN(E47)>3,"TKCT","TKTH") -> TKCT
A48: 45316 | B48: 02/BTP | C48: Bán GKT cho Cty XNK Vật Tư | D48: 1311.06 | E48: 5112.0102 | F48: 100 | G48: 280000 | H48: =F48*G48 -> 28000000 | J48: =IF(ISNA(VLOOKUP(D48,DMTK!$B$5:$B$263,1,0)),"Sai","Đúng") -> Đúng | K48: =IF(ISNA(VLOOKUP(E48,DMTK!$B$5:$B$263,1,0)),"Sai","Đúng") -> Đúng | L48: =VLOOKUP(D48,DMTK!$B$5:$D$263,3,0) -> Cty XNK Vật Tư (ngắn hạn) | M48: =VLOOKUP(E48,DMTK!$B$5:$D$263,3,0) -> Doanh thu bán Ghế không tay | N48: =IF(OR(LEFT($D48,3)="111",AND(LEFT(CT!$D48,3)="131",LEFT(CT!$E48,3)="511"),LEFT(CT!$E48,3)="111",LEFT(CT!$E48,3)="331"),"No","Yes") -> No | P48: =IF(LEN(D48)>3,"TKCT","TKTH") -> TKCT | Q48: =IF(LEN(E48)>3,"TKCT","TKTH") -> TKCT
A49: 45316 | B49: 01/BTP | C49: Bán GTV cho Cty Nam Việt | D49: 1311.05 | E49: 5112.0101 | F49: 100 | G49: 300000 | H49: =F49*G49 -> 30000000 | J49: =IF(ISNA(VLOOKUP(D49,DMTK!$B$5:$B$263,1,0)),"Sai","Đúng") -> Đúng | K49: =IF(ISNA(VLOOKUP(E49,DMTK!$B$5:$B$263,1,0)),"Sai","Đúng") -> Đúng | L49: =VLOOKUP(D49,DMTK!$B$5:$D$263,3,0) -> Cty TNHH Nam Việt (ngắn hạn) | M49: =VLOOKUP(E49,DMTK!$B$5:$D$263,3,0) -> Doanh thu bán Ghế tay vịn | N49: =IF(OR(LEFT($D49,3)="111",AND(LEFT(CT!$D49,3)="131",LEFT(CT!$E49,3)="511"),LEFT(CT!$E49,3)="111",LEFT(CT!$E49,3)="331"),"No","Yes") -> No | P49: =IF(LEN(D49)>3,"TKCT","TKTH") -> TKCT | Q49: =IF(LEN(E49)>3,"TKCT","TKTH") -> TKCT
A50: 45316 | B50: 02/BTP | C50: Bán BO cho Cty XNK Vật Tư | D50: 1311.06 | E50: 5112.0202 | F50: 50 | G50: 600000 | H50: =F50*G50 -> 30000000 | J50: =IF(ISNA(VLOOKUP(D50,DMTK!$B$5:$B$263,1,0)),"Sai","Đúng") -> Đúng | K50: =IF(ISNA(VLOOKUP(E50,DMTK!$B$5:$B$263,1,0)),"Sai","Đúng") -> Đúng | L50: =VLOOKUP(D50,DMTK!$B$5:$D$263,3,0) -> Cty XNK Vật Tư (ngắn hạn) | M50: =VLOOKUP(E50,DMTK!$B$5:$D$263,3,0) -> Doanh thu bán Bàn oval | N50: =IF(OR(LEFT($D50,3)="111",AND(LEFT(CT!$D50,3)="131",LEFT(CT!$E50,3)="511"),LEFT(CT!$E50,3)="111",LEFT(CT!$E50,3)="331"),"No","Yes") -> No | P50: =IF(LEN(D50)>3,"TKCT","TKTH") -> TKCT | Q50: =IF(LEN(E50)>3,"TKCT","TKTH") -> TKCT
A51: 45319 | B51: 01/TU | C51: Thanh toán tạm ứng Hồ Sĩ Nhật | D51: 1111 | E51: 141.0102 | H51: 200000 | J51: =IF(ISNA(VLOOKUP(D51,DMTK!$B$5:$B$263,1,0)),"Sai","Đúng") -> Đúng | K51: =IF(ISNA(VLOOKUP(E51,DMTK!$B$5:$B$263,1,0)),"Sai","Đúng") -> Đúng | L51: =VLOOKUP(D51,DMTK!$B$5:$D$263,3,0) -> Tiền Việt Nam | M51: =VLOOKUP(E51,DMTK!$B$5:$D$263,3,0) -> Hồ Sĩ Nhật | N51: =IF(OR(LEFT($D51,3)="111",AND(LEFT(CT!$D51,3)="131",LEFT(CT!$E51,3)="511"),LEFT(CT!$E51,3)="111",LEFT(CT!$E51,3)="331"),"No","Yes") -> No | P51: =IF(LEN(D51)>3,"TKCT","TKTH") -> TKCT | Q51: =IF(LEN(E51)>3,"TKCT","TKTH") -> TKCT
A52: 45319 | B52: 01/TU | C52: Thanh toán tạm ứng Hồ Sĩ Nhật | D52: 6428 | E52: 141.0102 | H52: 1800000 | J52: =IF(ISNA(VLOOKUP(D52,DMTK!$B$5:$B$263,1,0)),"Sai","Đúng") -> Đúng | K52: =IF(ISNA(VLOOKUP(E52,DMTK!$B$5:$B$263,1,0)),"Sai","Đúng") -> Đúng | L52: =VLOOKUP(D52,DMTK!$B$5:$D$263,3,0) -> Chi phí bằng tiền khác | M52: =VLOOKUP(E52,DMTK!$B$5:$D$263,3,0) -> Hồ Sĩ Nhật | N52: =IF(OR(LEFT($D52,3)="111",AND(LEFT(CT!$D52,3)="131",LEFT(CT!$E52,3)="511"),LEFT(CT!$E52,3)="111",LEFT(CT!$E52,3)="331"),"No","Yes") -> Yes | P52: =IF(LEN(D52)>3,"TKCT","TKTH") -> TKCT | Q52: =IF(LEN(E52)>3,"TKCT","TKTH") -> TKCT
A53: 45319 | B53: 04/PC | C53: Thuế GTGT mua máy xẻ gỗ | D53: 1332 | E53: 1111 | H53: 14000000 | J53: =IF(ISNA(VLOOKUP(D53,DMTK!$B$5:$B$263,1,0)),"Sai","Đúng") -> Đúng | K53: =IF(ISNA(VLOOKUP(E53,DMTK!$B$5:$B$263,1,0)),"Sai","Đúng") -> Đúng | L53: =VLOOKUP(D53,DMTK!$B$5:$D$263,3,0) -> Thuế GTGT được khấu trừ của TSCĐ | M53: =VLOOKUP(E53,DMTK!$B$5:$D$263,3,0) -> Tiền Việt Nam | N53: =IF(OR(LEFT($D53,3)="111",AND(LEFT(CT!$D53,3)="131",LEFT(CT!$E53,3)="511"),LEFT(CT!$E53,3)="111",LEFT(CT!$E53,3)="331"),"No","Yes") -> No | P53: =IF(LEN(D53)>3,"TKCT","TKTH") -> TKCT | Q53: =IF(LEN(E53)>3,"TKCT","TKTH") -> TKCT
A54: 45319 | B54: 04/PC | C54: Mua máy xẻ gỗ | D54: 2112.04 | E54: 1111 | H54: 140000000 | J54: =IF(ISNA(VLOOKUP(D54,DMTK!$B$5:$B$263,1,0)),"Sai","Đúng") -> Đúng | K54: =IF(ISNA(VLOOKUP(E54,DMTK!$B$5:$B$263,1,0)),"Sai","Đúng") -> Đúng | L54: =VLOOKUP(D54,DMTK!$B$5:$D$263,3,0) -> Máy xẻ gỗ | M54: =VLOOKUP(E54,DMTK!$B$5:$D$263,3,0) -> Tiền Việt Nam | N54: =IF(OR(LEFT($D54,3)="111",AND(LEFT(CT!$D54,3)="131",LEFT(CT!$E54,3)="511"),LEFT(CT!$E54,3)="111",LEFT(CT!$E54,3)="331"),"No","Yes") -> No | P54: =IF(LEN(D54)>3,"TKCT","TKTH") -> TKCT | Q54: =IF(LEN(E54)>3,"TKCT","TKTH") -> TKCT
A55: 45322 | B55: TH2 | C55: Tính các khoản trích theo lương vào chi phí | D55: 6411 | E55: 3388 | H55: 50000 | J55: =IF(ISNA(VLOOKUP(D55,DMTK!$B$5:$B$263,1,0)),"Sai","Đúng") -> Đúng | K55: =IF(ISNA(VLOOKUP(E55,DMTK!$B$5:$B$263,1,0)),"Sai","Đúng") -> Đúng | L55: =VLOOKUP(D55,DMTK!$B$5:$D$263,3,0) -> Chi phí nhân viên | M55: =VLOOKUP(E55,DMTK!$B$5:$D$263,3,0) -> Phải trả, phải nộp khác | N55: =IF(OR(LEFT($D55,3)="111",AND(LEFT(CT!$D55,3)="131",LEFT(CT!$E55,3)="511"),LEFT(CT!$E55,3)="111",LEFT(CT!$E55,3)="331"),"No","Yes") -> Yes | P55: =IF(LEN(D55)>3,"TKCT","TKTH") -> TKCT | Q55: =IF(LEN(E55)>3,"TKCT","TKTH") -> TKCT
A56: 45322 | B56: TH2 | C56: Tính các khoản trích theo lương vào chi phí | D56: 6421 | E56: 3388 | H56: 70000 | J56: =IF(ISNA(VLOOKUP(D56,DMTK!$B$5:$B$263,1,0)),"Sai","Đúng") -> Đúng | K56: =IF(ISNA(VLOOKUP(E56,DMTK!$B$5:$B$263,1,0)),"Sai","Đúng") -> Đúng | L56: =VLOOKUP(D56,DMTK!$B$5:$D$263,3,0) -> Chi phí nhân viên quản lý | M56: =VLOOKUP(E56,DMTK!$B$5:$D$263,3,0) -> Phải trả, phải nộp khác | N56: =IF(OR(LEFT($D56,3)="111",AND(LEFT(CT!$D56,3)="131",LEFT(CT!$E56,3)="511"),LEFT(CT!$E56,3)="111",LEFT(CT!$E56,3)="331"),"No","Yes") -> Yes | P56: =IF(LEN(D56)>3,"TKCT","TKTH") -> TKCT | Q56: =IF(LEN(E56)>3,"TKCT","TKTH") -> TKCT
A57: 45322 | B57: TH10 | C57: Kết chuyển CFBH vào TK911 | D57: 9111.0102 | E57: 6413 | H57: 72180 | J57: =IF(ISNA(VLOOKUP(D57,DMTK!$B$5:$B$263,1,0)),"Sai","Đúng") -> Đúng | K57: =IF(ISNA(VLOOKUP(E57,DMTK!$B$5:$B$263,1,0)),"Sai","Đúng") -> Đúng | L57: =VLOOKUP(D57,DMTK!$B$5:$D$263,3,0) -> Xác định kết quả kinh doanh (GKT) | M57: =VLOOKUP(E57,DMTK!$B$5:$D$263,3,0) -> Chi phí dụng cụ, đồ dùng | N57: =IF(OR(LEFT($D57,3)="111",AND(LEFT(CT!$D57,3)="131",LEFT(CT!$E57,3)="511"),LEFT(CT!$E57,3)="111",LEFT(CT!$E57,3)="331"),"No","Yes") -> Yes | P57: =IF(LEN(D57)>3,"TKCT","TKTH") -> TKCT | Q57: =IF(LEN(E57)>3,"TKCT","TKTH") -> TKCT
A58: 45322 | B58: TH10 | C58: Kết chuyển CFBH vào TK911 | D58: 9111.0202 | E58: 6413 | H58: 88690 | J58: =IF(ISNA(VLOOKUP(D58,DMTK!$B$5:$B$263,1,0)),"Sai","Đúng") -> Đúng | K58: =IF(ISNA(VLOOKUP(E58,DMTK!$B$5:$B$263,1,0)),"Sai","Đúng") -> Đúng | L58: =VLOOKUP(D58,DMTK!$B$5:$D$263,3,0) -> Xác định kết quả kinh doanh (BO) | M58: =VLOOKUP(E58,DMTK!$B$5:$D$263,3,0) -> Chi phí dụng cụ, đồ dùng | N58: =IF(OR(LEFT($D58,3)="111",AND(LEFT(CT!$D58,3)="131",LEFT(CT!$E58,3)="511"),LEFT(CT!$E58,3)="111",LEFT(CT!$E58,3)="331"),"No","Yes") -> Yes | P58: =IF(LEN(D58)>3,"TKCT","TKTH") -> TKCT | Q58: =IF(LEN(E58)>3,"TKCT","TKTH") -> TKCT
A59: 45322 | B59: TH10 | C59: Kết chuyển CFBH vào TK911 | D59: 9111.0101 | E59: 6413 | H59: 89130 | J59: =IF(ISNA(VLOOKUP(D59,DMTK!$B$5:$B$263,1,0)),"Sai","Đúng") -> Đúng | K59: =IF(ISNA(VLOOKUP(E59,DMTK!$B$5:$B$263,1,0)),"Sai","Đúng") -> Đúng | L59: =VLOOKUP(D59,DMTK!$B$5:$D$263,3,0) -> Xác định kết quả kinh doanh (GTV) | M59: =VLOOKUP(E59,DMTK!$B$5:$D$263,3,0) -> Chi phí dụng cụ, đồ dùng | N59: =IF(OR(LEFT($D59,3)="111",AND(LEFT(CT!$D59,3)="131",LEFT(CT!$E59,3)="511"),LEFT(CT!$E59,3)="111",LEFT(CT!$E59,3)="331"),"No","Yes") -> Yes | P59: =IF(LEN(D59)>3,"TKCT","TKTH") -> TKCT | Q59: =IF(LEN(E59)>3,"TKCT","TKTH") -> TKCT
A60: 45322 | B60: TH2 | C60: Tính các khoản trích theo lương vào chi phí | D60: 6411 | E60: 3382 | H60: 100000 | J60: =IF(ISNA(VLOOKUP(D60,DMTK!$B$5:$B$263,1,0)),"Sai","Đúng") -> Đúng | K60: =IF(ISNA(VLOOKUP(E60,DMTK!$B$5:$B$263,1,0)),"Sai","Đúng") -> Đúng | L60: =VLOOKUP(D60,DMTK!$B$5:$D$263,3,0) -> Chi phí nhân viên | M60: =VLOOKUP(E60,DMTK!$B$5:$D$263,3,0) -> Kinh phí công đoàn | N60: =IF(OR(LEFT($D60,3)="111",AND(LEFT(CT!$D60,3)="131",LEFT(CT!$E60,3)="511"),LEFT(CT!$E60,3)="111",LEFT(CT!$E60,3)="331"),"No","Yes") -> Yes | P60: =IF(LEN(D60)>3,"TKCT","TKTH") -> TKCT | Q60: =IF(LEN(E60)>3,"TKCT","TKTH") -> TKCT
A61: 45322 | B61: TH5 | C61: Kết chuyển CFC vào TK154 | D61: 154.03 | E61: 6273 | H61: 100840 | J61: =IF(ISNA(VLOOKUP(D61,DMTK!$B$5:$B$263,1,0)),"Sai","Đúng") -> Đúng | K61: =IF(ISNA(VLOOKUP(E61,DMTK!$B$5:$B$263,1,0)),"Sai","Đúng") -> Đúng | L61: =VLOOKUP(D61,DMTK!$B$5:$D$263,3,0) -> Bàn tròn | M61: =VLOOKUP(E61,DMTK!$B$5:$D$263,3,0) -> Chi phí dụng cụ sản xuất | N61: =IF(OR(LEFT($D61,3)="111",AND(LEFT(CT!$D61,3)="131",LEFT(CT!$E61,3)="511"),LEFT(CT!$E61,3)="111",LEFT(CT!$E61,3)="331"),"No","Yes") -> Yes | P61: =IF(LEN(D61)>3,"TKCT","TKTH") -> TKCT | Q61: =IF(LEN(E61)>3,"TKCT","TKTH") -> TKCT
A62: 45322 | B62: TH7 | C62: Bổ sung giá thành tiêu thụ TK632 | D62: 632.0101 | E62: 1551.0101 | H62: 123700 | J62: =IF(ISNA(VLOOKUP(D62,DMTK!$B$5:$B$263,1,0)),"Sai","Đúng") -> Đúng | K62: =IF(ISNA(VLOOKUP(E62,DMTK!$B$5:$B$263,1,0)),"Sai","Đúng") -> Đúng | L62: =VLOOKUP(D62,DMTK!$B$5:$D$263,3,0) -> GVHB Ghế tay vịn | M62: =VLOOKUP(E62,DMTK!$B$5:$D$263,3,0) -> Ghế tay vịn | N62: =IF(OR(LEFT($D62,3)="111",AND(LEFT(CT!$D62,3)="131",LEFT(CT!$E62,3)="511"),LEFT(CT!$E62,3)="111",LEFT(CT!$E62,3)="331"),"No","Yes") -> Yes | P62: =IF(LEN(D62)>3,"TKCT","TKTH") -> TKCT | Q62: =IF(LEN(E62)>3,"TKCT","TKTH") -> TKCT
... A143: 45322 | B143: TH4 | C143: Kết chuyển CFNC vào TK154 | D143: 154.05 | E143: 622.05 | H143: 48800000 | J143: =IF(ISNA(VLOOKUP(D143,DMTK!$B$5:$B$263,1,0)),"Sai","Đúng") -> Đúng | K143: =IF(ISNA(VLOOKUP(E143,DMTK!$B$5:$B$263,1,0)),"Sai","Đúng") -> Đúng | L143: =VLOOKUP(D143,DMTK!$B$5:$D$263,3,0) -> Bàn chữ nhật | M143: =VLOOKUP(E143,DMTK!$B$5:$D$263,3,0) -> CFNC Bàn chữ nhật | N143: =IF(OR(LEFT($D143,3)="111",AND(LEFT(CT!$D143,3)="131",LEFT(CT!$E143,3)="511"),LEFT(CT!$E143,3)="111",LEFT(CT!$E143,3)="331"),"No","Yes") -> Yes | P143: =IF(LEN(D143)>3,"TKCT","TKTH") -> TKCT | Q143: =IF(LEN(E143)>3,"TKCT","TKTH") -> TKCT
H145: =SUBTOTAL(9,H5:H143) -> 1787856169

Sheet HTTK1
A1: HỆ THỐNG TÀI KHOẢN CẤP 1
A3: TK | B3: Loại TK | C3: TÊN TK | D3: SDDK1 | E3: DKNO1 | F3: DKCO1
A4: 1 | B4: 2 | C4: 3 | D4: 4 | E4: 5 | F4: 6
A5: 111 | B5: N | C5: Tiền Mặt | D5: =SUMIFS(DMTK!$F$5:$F$263,DMTK!$B$5:$B$263,HTTK1!A5 & "*") -> 400000000 | E5: =IF(OR(AND(B5="N",D5>0),AND(B5="C",D5<0)),ABS(D5),0) -> 400000000 | F5: =IF(OR(AND(B5="C",D5>0),AND(B5="N",D5<0)),ABS(D5),0) -> 0
A6: 112 | B6: N | C6: Tiền gửi Ngân Hàng | D6: =SUMIFS(DMTK!$F$5:$F$263,DMTK!$B$5:$B$263,HTTK1!A6 & "*") -> 358221000 | E6: =IF(OR(AND(B6="N",D6>0),AND(B6="C",D6<0)),ABS(D6),0) -> 358221000 | F6: =IF(OR(AND(B6="C",D6>0),AND(B6="N",D6<0)),ABS(D6),0) -> 0
A7: 113 | B7: N | C7: Tiền đang chuyển | D7: =SUMIFS(DMTK!$F$5:$F$263,DMTK!$B$5:$B$263,HTTK1!A7 & "*") -> 0 | E7: =IF(OR(AND(B7="N",D7>0),AND(B7="C",D7<0)),ABS(D7),0) -> 0 | F7: =IF(OR(AND(B7="C",D7>0),AND(B7="N",D7<0)),ABS(D7),0) -> 0
A8: 121 | B8: N | C8: Chứng khoán kinh doanh | D8: =SUMIFS(DMTK!$F$5:$F$263,DMTK!$B$5:$B$263,HTTK1!A8 & "*") -> 0 | E8: =IF(OR(AND(B8="N",D8>0),AND(B8="C",D8<0)),ABS(D8),0) -> 0 | F8: =IF(OR(AND(B8="C",D8>0),AND(B8="N",D8<0)),ABS(D8),0) -> 0
A9: 128 | B9: N | C9: Đầu tư nắm giữ đến ngày đáo hạn | D9: =SUMIFS(DMTK!$F$5:$F$263,DMTK!$B$5:$B$263,HTTK1!A9 & "*") -> 100000000 | E9: =IF(OR(AND(B9="N",D9>0),AND(B9="C",D9<0)),ABS(D9),0) -> 100000000 | F9: =IF(OR(AND(B9="C",D9>0),AND(B9="N",D9<0)),ABS(D9),0) -> 0
A10: 131 | B10: N | C10: Phải thu của khách hàng | D10: =SUMIFS(DMTK!$F$5:$F$263,DMTK!$B$5:$B$263,HTTK1!A10 & "*") -> 175000000 | E10: =IF(OR(AND(B10="N",D10>0),AND(B10="C",D10<0)),ABS(D10),0) -> 175000000 | F10: =IF(OR(AND(B10="C",D10>0),AND(B10="N",D10<0)),ABS(D10),0) -> 0
A11: 133 | B11: N | C11: Thuế GTGT được khấu trừ | D11: =SUMIFS(DMTK!$F$5:$F$263,DMTK!$B$5:$B$263,HTTK1!A11 & "*") -> 0 | E11: =IF(OR(AND(B11="N",D11>0),AND(B11="C",D11<0)),ABS(D11),0) -> 0 | F11: =IF(OR(AND(B11="C",D11>0),AND(B11="N",D11<0)),ABS(D11),0) -> 0
A12: 136 | B12: N | C12: Phải thu nội bộ | D12: =SUMIFS(DMTK!$F$5:$F$263,DMTK!$B$5:$B$263,HTTK1!A12 & "*") -> 0 | E12: =IF(OR(AND(B12="N",D12>0),AND(B12="C",D12<0)),ABS(D12),0) -> 0 | F12: =IF(OR(AND(B12="C",D12>0),AND(B12="N",D12<0)),ABS(D12),0) -> 0
A13: 138 | B13: N | C13: Phải thu khác | D13: =SUMIFS(DMTK!$F$5:$F$263,DMTK!$B$5:$B$263,HTTK1!A13 & "*") -> 52200000 | E13: =IF(OR(AND(B13="N",D13>0),AND(B13="C",D13<0)),ABS(D13),0) -> 52200000 | F13: =IF(OR(AND(B13="C",D13>0),AND(B13="N",D13<0)),ABS(D13),0) -> 0
A14: 141 | B14: N | C14: Tạm ứng | D14: =SUMIFS(DMTK!$F$5:$F$263,DMTK!$B$5:$B$263,HTTK1!A14 & "*") -> 3500000 | E14: =IF(OR(AND(B14="N",D14>0),AND(B14="C",D14<0)),ABS(D14),0) -> 3500000 | F14: =IF(OR(AND(B14="C",D14>0),AND(B14="N",D14<0)),ABS(D14),0) -> 0
A15: 151 | B15: N | C15: Hàng mua đang đi đường | D15: =SUMIFS(DMTK!$F$5:$F$263,DMTK!$B$5:$B$263,HTTK1!A15 & "*") -> 0 | E15: =IF(OR(AND(B15="N",D15>0),AND(B15="C",D15<0)),ABS(D15),0) -> 0 | F15: =IF(OR(AND(B15="C",D15>0),AND(B15="N",D15<0)),ABS(D15),0) -> 0
A16: 152 | B16: N | C16: Nguyên liệu, vật liệu | D16: =SUMIFS(DMTK!$F$5:$F$263,DMTK!$B$5:$B$263,HTTK1!A16 & "*") -> 147540000 | E16: =IF(OR(AND(B16="N",D16>0),AND(B16="C",D16<0)),ABS(D16),0) -> 147540000 | F16: =IF(OR(AND(B16="C",D16>0),AND(B16="N",D16<0)),ABS(D16),0) -> 0
... A80: 911 | B80: C | C80: Xác định kết quả kinh doanh | D80: =SUMIFS(DMTK!$F$5:$F$263,DMTK!$B$5:$B$263,HTTK1!A80 & "*") -> 0 | E80: =IF(OR(AND(B80="N",D80>0),AND(B80="C",D80<0)),ABS(D80),0) -> 0 | F80: =IF(OR(AND(B80="C",D80>0),AND(B80="N",D80<0)),ABS(D80),0) -> 0
E81: =SUM(E5:E80) -> 3407449000 | F81: =SUM(F5:F80) -> 3407449000

Sheet NKTT
A1: NHẬT KÝ THU TIỀN
F2: Số hiệu | G2: 111
A5: Chứng từ | C5: Diễn giải | D5: Ghi nợ TK 111 | E5: Ghi có các tài khoản
A6: Ngày | B6: Số | E6: 112 | F6: 131 | G6: 141 | H6: 511 | I6: Tài khoản
I7: Số tiền | J7: Số hiệu
A8: [1] | B8: [2] | C8: [3] | D8: [4] | E8: [5] | F8: [6] | G8: [7] | H8: [8] | I8: [9] | J8: [10]
A9: =IF(LEFT(CT!$D5,3)=NKTT!$G$2,CT!A5,"") -> 45293 | B9: =IF(LEFT(CT!$D5,3)=NKTT!$G$2,CT!B5,"") -> 01/PT | C9: =IF(LEFT(CT!$D5,3)=NKTT!$G$2,CT!C5,"") -> Thu nợ lô hàng 200 | D9: =IF(LEFT(CT!$D5,3)=NKTT!$G$2,CT!H5,0) -> 5000000 | E9: =IF(AND(LEFT(CT!$D5,3)=NKTT!$G$2,LEFT(CT!$E5,3)=NKTT!$E$6),CT!$H5,0) -> 0 | F9: =IF(AND(LEFT(CT!$D5,3)=NKTT!$G$2,LEFT(CT!$E5,3)=NKTT!$F$6),CT!$H5,0) -> 5000000 | G9: =IF(AND(LEFT(CT!$D5,3)=NKTT!$G$2,LEFT(CT!$E5,3)=NKTT!$G$6),CT!$H5,0) -> 0 | H9: =IF(AND(LEFT(CT!$D5,3)=NKTT!$G$2,LEFT(CT!$E5,3)=NKTT!$H$6),CT!$H5,0) -> 0 | I9: =IF(SUM(E9:H9)=0,D9,0) -> 0 | J9: =IF(I9>0,CT!E5,"")
A10: =IF(LEFT(CT!$D6,3)=NKTT!$G$2,CT!A6,"") -> 45293 | B10: =IF(LEFT(CT!$D6,3)=NKTT!$G$2,CT!B6,"") -> 02/PT | C10: =IF(LEFT(CT!$D6,3)=NKTT!$G$2,CT!C6,"") -> Thu nợ lô hàng 212 | D10: =IF(LEFT(CT!$D6,3)=NKTT!$G$2,CT!H6,0) -> 20000000 | E10: =IF(AND(LEFT(CT!$D6,3)=NKTT!$G$2,LEFT(CT!$E6,3)=NKTT!$E$6),CT!$H6,0) -> 0 | F10: =IF(AND(LEFT(CT!$D6,3)=NKTT!$G$2,LEFT(CT!$E6,3)=NKTT!$F$6),CT!$H6,0) -> 20000000 | G10: =IF(AND(LEFT(CT!$D6,3)=NKTT!$G$2,LEFT(CT!$E6,3)=NKTT!$G$6),CT!$H6,0) -> 0 | H10: =IF(AND(LEFT(CT!$D6,3)=NKTT!$G$2,LEFT(CT!$E6,3)=NKTT!$H$6),CT!$H6,0) -> 0 | I10: =IF(SUM(E10:H10)=0,D10,0) -> 0 | J10: =IF(I10>0,CT!E6,"")
A11: =IF(LEFT(CT!$D7,3)=NKTT!$G$2,CT!A7,"") | B11: =IF(LEFT(CT!$D7,3)=NKTT!$G$2,CT!B7,"") | C11: =IF(LEFT(CT!$D7,3)=NKTT!$G$2,CT!C7,"") | D11: =IF(LEFT(CT!$D7,3)=NKTT!$G$2,CT!H7,0) -> 0 | E11: =IF(AND(LEFT(CT!$D7,3)=NKTT!$G$2,LEFT(CT!$E7,3)=NKTT!$E$6),CT!$H7,0) -> 0 | F11: =IF(AND(LEFT(CT!$D7,3)=NKTT!$G$2,LEFT(CT!$E7,3)=NKTT!$F$6),CT!$H7,0) -> 0 | G11: =IF(AND(LEFT(CT!$D7,3)=NKTT!$G$2,LEFT(CT!$E7,3)=NKTT!$G$6),CT!$H7,0) -> 0 | H11: =IF(AND(LEFT(CT!$D7,3)=NKTT!$G$2,LEFT(CT!$E7,3)=NKTT!$H$6),CT!$H7,0) -> 0 | I11: =IF(SUM(E11:H11)=0,D11,0) -> 0 | J11: =IF(I11>0,CT!E7,"")
A12: =IF(LEFT(CT!$D8,3)=NKTT!$G$2,CT!A8,"") | B12: =IF(LEFT(CT!$D8,3)=NKTT!$G$2,CT!B8,"") | C12: =IF(LEFT(CT!$D8,3)=NKTT!$G$2,CT!C8,"") | D12: =IF(LEFT(CT!$D8,3)=NKTT!$G$2,CT!H8,0) -> 0 | E12: =IF(AND(LEFT(CT!$D8,3)=NKTT!$G$2,LEFT(CT!$E8,3)=NKTT!$E$6),CT!$H8,0) -> 0 | F12: =IF(AND(LEFT(CT!$D8,3)=NKTT!$G$2,LEFT(CT!$E8,3)=NKTT!$F$6),CT!$H8,0) -> 0 | G12: =IF(AND(LEFT(CT!$D8,3)=NKTT!$G$2,LEFT(CT!$E8,3)=NKTT!$G$6),CT!$H8,0) -> 0 | H12: =IF(AND(LEFT(CT!$D8,3)=NKTT!$G$2,LEFT(CT!$E8,3)=NKTT!$H$6),CT!$H8,0) -> 0 | I12: =IF(SUM(E12:H12)=0,D12,0) -> 0 | J12: =IF(I12>0,CT!E8,"")
A13: =IF(LEFT(CT!$D9,3)=NKTT!$G$2,CT!A9,"") | B13: =IF(LEFT(CT!$D9,3)=NKTT!$G$2,CT!B9,"") | C13: =IF(LEFT(CT!$D9,3)=NKTT!$G$2,CT!C9,"") | D13: =IF(LEFT(CT!$D9,3)=NKTT!$G$2,CT!H9,0) -> 0 | E13: =IF(AND(LEFT(CT!$D9,3)=NKTT!$G$2,LEFT(CT!$E9,3)=NKTT!$E$6),CT!$H9,0) -> 0 | F13: =IF(AND(LEFT(CT!$D9,3)=NKTT!$G$2,LEFT(CT!$E9,3)=NKTT!$F$6),CT!$H9,0) -> 0 | G13: =IF(AND(LEFT(CT!$D9,3)=NKTT!$G$2,LEFT(CT!$E9,3)=NKTT!$G$6),CT!$H9,0) -> 0 | H13: =IF(AND(LEFT(CT!$D9,3)=NKTT!$G$2,LEFT(CT!$E9,3)=NKTT!$H$6),CT!$H9,0) -> 0 | I13: =IF(SUM(E13:H13)=0,D13,0) -> 0 | J13: =IF(I13>0,CT!E9,"")
A14: =IF(LEFT(CT!$D10,3)=NKTT!$G$2,CT!A10,"") | B14: =IF(LEFT(CT!$D10,3)=NKTT!$G$2,CT!B10,"") | C14: =IF(LEFT(CT!$D10,3)=NKTT!$G$2,CT!C10,"") | D14: =IF(LEFT(CT!$D10,3)=NKTT!$G$2,CT!H10,0) -> 0 | E14: =IF(AND(LEFT(CT!$D10,3)=NKTT!$G$2,LEFT(CT!$E10,3)=NKTT!$E$6),CT!$H10,0) -> 0 | F14: =IF(AND(LEFT(CT!$D10,3)=NKTT!$G$2,LEFT(CT!$E10,3)=NKTT!$F$6),CT!$H10,0) -> 0 | G14: =IF(AND(LEFT(CT!$D10,3)=NKTT!$G$2,LEFT(CT!$E10,3)=NKTT!$G$6),CT!$H10,0) -> 0 | H14: =IF(AND(LEFT(CT!$D10,3)=NKTT!$G$2,LEFT(CT!$E10,3)=NKTT!$H$6),CT!$H10,0) -> 0 | I14: =IF(SUM(E14:H14)=0,D14,0) -> 0 | J14: =IF(I14>0,CT!E10,"")
A15: =IF(LEFT(CT!$D11,3)=NKTT!$G$2,CT!A11,"") | B15: =IF(LEFT(CT!$D11,3)=NKTT!$G$2,CT!B11,"") | C15: =IF(LEFT(CT!$D11,3)=NKTT!$G$2,CT!C11,"") | D15: =IF(LEFT(CT!$D11,3)=NKTT!$G$2,CT!H11,0) -> 0 | E15: =IF(AND(LEFT(CT!$D11,3)=NKTT!$G$2,LEFT(CT!$E11,3)=NKTT!$E$6),CT!$H11,0) -> 0 | F15: =IF(AND(LEFT(CT!$D11,3)=NKTT!$G$2,LEFT(CT!$E11,3)=NKTT!$F$6),CT!$H11,0) -> 0 | G15: =IF(AND(LEFT(CT!$D11,3)=NKTT!$G$2,LEFT(CT!$E11,3)=NKTT!$G$6),CT!$H11,0) -> 0 | H15: =IF(AND(LEFT(CT!$D11,3)=NKTT!$G$2,LEFT(CT!$E11,3)=NKTT!$H$6),CT!$H11,0) -> 0 | I15: =IF(SUM(E15:H15)=0,D15,0) -> 0 | J15: =IF(I15>0,CT!E11,"")
A16: =IF(LEFT(CT!$D12,3)=NKTT!$G$2,CT!A12,"") | B16: =IF(LEFT(CT!$D12,3)=NKTT!$G$2,CT!B12,"") | C16: =IF(LEFT(CT!$D12,3)=NKTT!$G$2,CT!C12,"") | D16: =IF(LEFT(CT!$D12,3)=NKTT!$G$2,CT!H12,0) -> 0 | E16: =IF(AND(LEFT(CT!$D12,3)=NKTT!$G$2,LEFT(CT!$E12,3)=NKTT!$E$6),CT!$H12,0) -> 0 | F16: =IF(AND(LEFT(CT!$D12,3)=NKTT!$G$2,LEFT(CT!$E12,3)=NKTT!$F$6),CT!$H12,0) -> 0 | G16: =IF(AND(LEFT(CT!$D12,3)=NKTT!$G$2,LEFT(CT!$E12,3)=NKTT!$G$6),CT!$H12,0) -> 0 | H16: =IF(AND(LEFT(CT!$D12,3)=NKTT!$G$2,LEFT(CT!$E12,3)=NKTT!$H$6),CT!$H12,0) -> 0 | I16: =IF(SUM(E16:H16)=0,D16,0) -> 0 | J16: =IF(I16>0,CT!E12,"")
A17: =IF(LEFT(CT!$D13,3)=NKTT!$G$2,CT!A13,"") | B17: =IF(LEFT(CT!$D13,3)=NKTT!$G$2,CT!B13,"") | C17: =IF(LEFT(CT!$D13,3)=NKTT!$G$2,CT!C13,"") | D17: =IF(LEFT(CT!$D13,3)=NKTT!$G$2,CT!H13,0) -> 0 | E17: =IF(AND(LEFT(CT!$D13,3)=NKTT!$G$2,LEFT(CT!$E13,3)=NKTT!$E$6),CT!$H13,0) -> 0 | F17: =IF(AND(LEFT(CT!$D13,3)=NKTT!$G$2,LEFT(CT!$E13,3)=NKTT!$F$6),CT!$H13,0) -> 0 | G17: =IF(AND(LEFT(CT!$D13,3)=NKTT!$G$2,LEFT(CT!$E13,3)=NKTT!$G$6),CT!$H13,0) -> 0 | H17: =IF(AND(LEFT(CT!$D13,3)=NKTT!$G$2,LEFT(CT!$E13,3)=NKTT!$H$6),CT!$H13,0) -> 0 | I17: =IF(SUM(E17:H17)=0,D17,0) -> 0 | J17: =IF(I17>0,CT!E13,"")
A18: =IF(LEFT(CT!$D14,3)=NKTT!$G$2,CT!A14,"") | B18: =IF(LEFT(CT!$D14,3)=NKTT!$G$2,CT!B14,"") | C18: =IF(LEFT(CT!$D14,3)=NKTT!$G$2,CT!C14,"") | D18: =IF(LEFT(CT!$D14,3)=NKTT!$G$2,CT!H14,0) -> 0 | E18: =IF(AND(LEFT(CT!$D14,3)=NKTT!$G$2,LEFT(CT!$E14,3)=NKTT!$E$6),CT!$H14,0) -> 0 | F18: =IF(AND(LEFT(CT!$D14,3)=NKTT!$G$2,LEFT(CT!$E14,3)=NKTT!$F$6),CT!$H14,0) -> 0 | G18: =IF(AND(LEFT(CT!$D14,3)=NKTT!$G$2,LEFT(CT!$E14,3)=NKTT!$G$6),CT!$H14,0) -> 0 | H18: =IF(AND(LEFT(CT!$D14,3)=NKTT!$G$2,LEFT(CT!$E14,3)=NKTT!$H$6),CT!$H14,0) -> 0 | I18: =IF(SUM(E18:H18)=0,D18,0) -> 0 | J18: =IF(I18>0,CT!E14,"")
A19: =IF(LEFT(CT!$D15,3)=NKTT!$G$2,CT!A15,"") | B19: =IF(LEFT(CT!$D15,3)=NKTT!$G$2,CT!B15,"") | C19: =IF(LEFT(CT!$D15,3)=NKTT!$G$2,CT!C15,"") | D19: =IF(LEFT(CT!$D15,3)=NKTT!$G$2,CT!H15,0) -> 0 | E19: =IF(AND(LEFT(CT!$D15,3)=NKTT!$G$2,LEFT(CT!$E15,3)=NKTT!$E$6),CT!$H15,0) -> 0 | F19: =IF(AND(LEFT(CT!$D15,3)=NKTT!$G$2,LEFT(CT!$E15,3)=NKTT!$F$6),CT!$H15,0) -> 0 | G19: =IF(AND(LEFT(CT!$D15,3)=NKTT!$G$2,LEFT(CT!$E15,3)=NKTT!$G$6),CT!$H15,0) -> 0 | H19: =IF(AND(LEFT(CT!$D15,3)=NKTT!$G$2,LEFT(CT!$E15,3)=NKTT!$H$6),CT!$H15,0) -> 0 | I19: =IF(SUM(E19:H19)=0,D19,0) -> 0 | J19: =IF(I19>0,CT!E15,"")
A20: =IF(LEFT(CT!$D16,3)=NKTT!$G$2,CT!A16,"") | B20: =IF(LEFT(CT!$D16,3)=NKTT!$G$2,CT!B16,"") | C20: =IF(LEFT(CT!$D16,3)=NKTT!$G$2,CT!C16,"") | D20: =IF(LEFT(CT!$D16,3)=NKTT!$G$2,CT!H16,0) -> 0 | E20: =IF(AND(LEFT(CT!$D16,3)=NKTT!$G$2,LEFT(CT!$E16,3)=NKTT!$E$6),CT!$H16,0) -> 0 | F20: =IF(AND(LEFT(CT!$D16,3)=NKTT!$G$2,LEFT(CT!$E16,3)=NKTT!$F$6),CT!$H16,0) -> 0 | G20: =IF(AND(LEFT(CT!$D16,3)=NKTT!$G$2,LEFT(CT!$E16,3)=NKTT!$G$6),CT!$H16,0) -> 0 | H20: =IF(AND(LEFT(CT!$D16,3)=NKTT!$G$2,LEFT(CT!$E16,3)=NKTT!$H$6),CT!$H16,0) -> 0 | I20: =IF(SUM(E20:H20)=0,D20,0) -> 0 | J20: =IF(I20>0,CT!E16,"")
... A147: =IF(LEFT(CT!$D143,3)=NKTT!$G$2,CT!A143,"") | B147: =IF(LEFT(CT!$D143,3)=NKTT!$G$2,CT!B143,"") | C147: =IF(LEFT(CT!$D143,3)=NKTT!$G$2,CT!C143,"") | D147: =IF(LEFT(CT!$D143,3)=NKTT!$G$2,CT!H143,0) -> 0 | E147: =IF(AND(LEFT(CT!$D143,3)=NKTT!$G$2,LEFT(CT!$E143,3)=NKTT!$E$6),CT!$H143,0) -> 0 | F147: =IF(AND(LEFT(CT!$D143,3)=NKTT!$G$2,LEFT(CT!$E143,3)=NKTT!$F$6),CT!$H143,0) -> 0 | G147: =IF(AND(LEFT(CT!$D143,3)=NKTT!$G$2,LEFT(CT!$E143,3)=NKTT!$G$6),CT!$H143,0) -> 0 | H147: =IF(AND(LEFT(CT!$D143,3)=NKTT!$G$2,LEFT(CT!$E143,3)=NKTT!$H$6),CT!$H143,0) -> 0 | I147: =IF(SUM(E147:H147)=0,D147,0) -> 0 | J147: =IF(I147>0,CT!E143,"")
C148: Tổng cộng: | D148: =SUM(D9:D147) -> 25200000 | E148: =SUM(E9:E147) -> 0 | F148: =SUM(F9:F147) -> 25000000 | G148: =SUM(G9:G147) -> 200000 | H148: =SUM(H9:H147) -> 0 | I148: =SUM(I9:I147) -> 0

Sheet NKBH
A1: NHẬT KÝ BÁN HÀNG
D2: Số hiệu: | E2: 131
A4: Chứng từ | C4: Diễn giải | D4: Phải thu từ người mua | E4: Ghi có tài khoản doanh thu
A5: Ngày | B5: Số | E5: Hàng hóa | F5: thành phẩm | G5: Dịch vụ
A6: 1 | B6: 2 | C6: 3 | D6: 4 | E6: 5 | F6: 6 | G6: 7
A7: =IF(AND(LEFT(CT!$D5,3)=NKBH!$E$2,LEFT(CT!$E5,3)="511"),CT!A5,"") | B7: =IF(AND(LEFT(CT!$D5,3)=NKBH!$E$2,LEFT(CT!$E5,3)="511"),CT!B5,"") | C7: =IF(AND(LEFT(CT!$D5,3)=NKBH!$E$2,LEFT(CT!$E5,3)="511"),CT!C5,"") | D7: =IF(AND(LEFT(CT!$D5,3)=NKBH!$E$2,LEFT(CT!$E5,3)="511"),CT!H5,"") | E7: =IF(LEFT(CT!$E5,4)="5111",CT!$H5,0) -> 0 | F7: =IF(LEFT(CT!$E5,4)="5112",CT!$H5,0) -> 0 | G7: =IF(LEFT(CT!$E5,4)="5113",CT!$H5,0) -> 0
A8: =IF(AND(LEFT(CT!$D6,3)=NKBH!$E$2,LEFT(CT!$E6,3)="511"),CT!A6,"") | B8: =IF(AND(LEFT(CT!$D6,3)=NKBH!$E$2,LEFT(CT!$E6,3)="511"),CT!B6,"") | C8: =IF(AND(LEFT(CT!$D6,3)=NKBH!$E$2,LEFT(CT!$E6,3)="511"),CT!C6,"") | D8: =IF(AND(LEFT(CT!$D6,3)=NKBH!$E$2,LEFT(CT!$E6,3)="511"),CT!H6,"") | E8: =IF(LEFT(CT!$E6,4)="5111",CT!$H6,0) -> 0 | F8: =IF(LEFT(CT!$E6,4)="5112",CT!$H6,0) -> 0 | G8: =IF(LEFT(CT!$E6,4)="5113",CT!$H6,0) -> 0
A9: =IF(AND(LEFT(CT!$D7,3)=NKBH!$E$2,LEFT(CT!$E7,3)="511"),CT!A7,"") | B9: =IF(AND(LEFT(CT!$D7,3)=NKBH!$E$2,LEFT(CT!$E7,3)="511"),CT!B7,"") | C9: =IF(AND(LEFT(CT!$D7,3)=NKBH!$E$2,LEFT(CT!$E7,3)="511"),CT!C7,"") | D9: =IF(AND(LEFT(CT!$D7,3)=NKBH!$E$2,LEFT(CT!$E7,3)="511"),CT!H7,"") | E9: =IF(LEFT(CT!$E7,4)="5111",CT!$H7,0) -> 0 | F9: =IF(LEFT(CT!$E7,4)="5112",CT!$H7,0) -> 0 | G9: =IF(LEFT(CT!$E7,4)="5113",CT!$H7,0) -> 0
A10: =IF(AND(LEFT(CT!$D8,3)=NKBH!$E$2,LEFT(CT!$E8,3)="511"),CT!A8,"") | B10: =IF(AND(LEFT(CT!$D8,3)=NKBH!$E$2,LEFT(CT!$E8,3)="511"),CT!B8,"") | C10: =IF(AND(LEFT(CT!$D8,3)=NKBH!$E$2,LEFT(CT!$E8,3)="511"),CT!C8,"") | D10: =IF(AND(LEFT(CT!$D8,3)=NKBH!$E$2,LEFT(CT!$E8,3)="511"),CT!H8,"") | E10: =IF(LEFT(CT!$E8,4)="5111",CT!$H8,0) -> 0 | F10: =IF(LEFT(CT!$E8,4)="5112",CT!$H8,0) -> 0 | G10: =IF(LEFT(CT!$E8,4)="5113",CT!$H8,0) -> 0
A11: =IF(AND(LEFT(CT!$D9,3)=NKBH!$E$2,LEFT(CT!$E9,3)="511"),CT!A9,"") | B11: =IF(AND(LEFT(CT!$D9,3)=NKBH!$E$2,LEFT(CT!$E9,3)="511"),CT!B9,"") | C11: =IF(AND(LEFT(CT!$D9,3)=NKBH!$E$2,LEFT(CT!$E9,3)="511"),CT!C9,"") | D11: =IF(AND(LEFT(CT!$D9,3)=NKBH!$E$2,LEFT(CT!$E9,3)="511"),CT!H9,"") | E11: =IF(LEFT(CT!$E9,4)="5111",CT!$H9,0) -> 0 | F11: =IF(LEFT(CT!$E9,4)="5112",CT!$H9,0) -> 0 | G11: =IF(LEFT(CT!$E9,4)="5113",CT!$H9,0) -> 0
A12: =IF(AND(LEFT(CT!$D10,3)=NKBH!$E$2,LEFT(CT!$E10,3)="511"),CT!A10,"") | B12: =IF(AND(LEFT(CT!$D10,3)=NKBH!$E$2,LEFT(CT!$E10,3)="511"),CT!B10,"") | C12: =IF(AND(LEFT(CT!$D10,3)=NKBH!$E$2,LEFT(CT!$E10,3)="511"),CT!C10,"") | D12: =IF(AND(LEFT(CT!$D10,3)=NKBH!$E$2,LEFT(CT!$E10,3)="511"),CT!H10,"") | E12: =IF(LEFT(CT!$E10,4)="5111",CT!$H10,0) -> 0 | F12: =IF(LEFT(CT!$E10,4)="5112",CT!$H10,0) -> 0 | G12: =IF(LEFT(CT!$E10,4)="5113",CT!$H10,0) -> 0
A13: =IF(AND(LEFT(CT!$D11,3)=NKBH!$E$2,LEFT(CT!$E11,3)="511"),CT!A11,"") | B13: =IF(AND(LEFT(CT!$D11,3)=NKBH!$E$2,LEFT(CT!$E11,3)="511"),CT!B11,"") | C13: =IF(AND(LEFT(CT!$D11,3)=NKBH!$E$2,LEFT(CT!$E11,3)="511"),CT!C11,"") | D13: =IF(AND(LEFT(CT!$D11,3)=NKBH!$E$2,LEFT(CT!$E11,3)="511"),CT!H11,"") | E13: =IF(LEFT(CT!$E11,4)="5111",CT!$H11,0) -> 0 | F13: =IF(LEFT(CT!$E11,4)="5112",CT!$H11,0) -> 0 | G13: =IF(LEFT(CT!$E11,4)="5113",CT!$H11,0) -> 0
A14: =IF(AND(LEFT(CT!$D12,3)=NKBH!$E$2,LEFT(CT!$E12,3)="511"),CT!A12,"") | B14: =IF(AND(LEFT(CT!$D12,3)=NKBH!$E$2,LEFT(CT!$E12,3)="511"),CT!B12,"") | C14: =IF(AND(LEFT(CT!$D12,3)=NKBH!$E$2,LEFT(CT!$E12,3)="511"),CT!C12,"") | D14: =IF(AND(LEFT(CT!$D12,3)=NKBH!$E$2,LEFT(CT!$E12,3)="511"),CT!H12,"") | E14: =IF(LEFT(CT!$E12,4)="5111",CT!$H12,0) -> 0 | F14: =IF(LEFT(CT!$E12,4)="5112",CT!$H12,0) -> 0 | G14: =IF(LEFT(CT!$E12,4)="5113",CT!$H12,0) -> 0
A15: =IF(AND(LEFT(CT!$D13,3)=NKBH!$E$2,LEFT(CT!$E13,3)="511"),CT!A13,"") | B15: =IF(AND(LEFT(CT!$D13,3)=NKBH!$E$2,LEFT(CT!$E13,3)="511"),CT!B13,"") | C15: =IF(AND(LEFT(CT!$D13,3)=NKBH!$E$2,LEFT(CT!$E13,3)="511"),CT!C13,"") | D15: =IF(AND(LEFT(CT!$D13,3)=NKBH!$E$2,LEFT(CT!$E13,3)="511"),CT!H13,"") | E15: =IF(LEFT(CT!$E13,4)="5111",CT!$H13,0) -> 0 | F15: =IF(LEFT(CT!$E13,4)="5112",CT!$H13,0) -> 0 | G15: =IF(LEFT(CT!$E13,4)="5113",CT!$H13,0) -> 0
A16: =IF(AND(LEFT(CT!$D14,3)=NKBH!$E$2,LEFT(CT!$E14,3)="511"),CT!A14,"") | B16: =IF(AND(LEFT(CT!$D14,3)=NKBH!$E$2,LEFT(CT!$E14,3)="511"),CT!B14,"") | C16: =IF(AND(LEFT(CT!$D14,3)=NKBH!$E$2,LEFT(CT!$E14,3)="511"),CT!C14,"") | D16: =IF(AND(LEFT(CT!$D14,3)=NKBH!$E$2,LEFT(CT!$E14,3)="511"),CT!H14,"") | E16: =IF(LEFT(CT!$E14,4)="5111",CT!$H14,0) -> 0 | F16: =IF(LEFT(CT!$E14,4)="5112",CT!$H14,0) -> 0 | G16: =IF(LEFT(CT!$E14,4)="5113",CT!$H14,0) -> 0
A17: =IF(AND(LEFT(CT!$D15,3)=NKBH!$E$2,LEFT(CT!$E15,3)="511"),CT!A15,"") | B17: =IF(AND(LEFT(CT!$D15,3)=NKBH!$E$2,LEFT(CT!$E15,3)="511"),CT!B15,"") | C17: =IF(AND(LEFT(CT!$D15,3)=NKBH!$E$2,LEFT(CT!$E15,3)="511"),CT!C15,"") | D17: =IF(AND(LEFT(CT!$D15,3)=NKBH!$E$2,LEFT(CT!$E15,3)="511"),CT!H15,"") | E17: =IF(LEFT(CT!$E15,4)="5111",CT!$H15,0) -> 0 | F17: =IF(LEFT(CT!$E15,4)="5112",CT!$H15,0) -> 0 | G17: =IF(LEFT(CT!$E15,4)="5113",CT!$H15,0) -> 0
A18: =IF(AND(LEFT(CT!$D16,3)=NKBH!$E$2,LEFT(CT!$E16,3)="511"),CT!A16,"") | B18: =IF(AND(LEFT(CT!$D16,3)=NKBH!$E$2,LEFT(CT!$E16,3)="511"),CT!B16,"") | C18: =IF(AND(LEFT(CT!$D16,3)=NKBH!$E$2,LEFT(CT!$E16,3)="511"),CT!C16,"") | D18: =IF(AND(LEFT(CT!$D16,3)=NKBH!$E$2,LEFT(CT!$E16,3)="511"),CT!H16,"") | E18: =IF(LEFT(CT!$E16,4)="5111",CT!$H16,0) -> 0 | F18: =IF(LEFT(CT!$E16,4)="5112",CT!$H16,0) -> 0 | G18: =IF(LEFT(CT!$E16,4)="5113",CT!$H16,0) -> 0
... A146: =IF(AND(LEFT(CT!$D144,3)=NKBH!$E$2,LEFT(CT!$E144,3)="511"),CT!A144,"") | B146: =IF(AND(LEFT(CT!$D144,3)=NKBH!$E$2,LEFT(CT!$E144,3)="511"),CT!B144,"") | C146: =IF(AND(LEFT(CT!$D144,3)=NKBH!$E$2,LEFT(CT!$E144,3)="511"),CT!C144,"") | D146: =IF(AND(LEFT(CT!$D144,3)=NKBH!$E$2,LEFT(CT!$E144,3)="511"),CT!H144,"") | E146: =IF(LEFT(CT!$E144,4)="5111",CT!$H144,0) -> 0 | F146: =IF(LEFT(CT!$E144,4)="5112",CT!$H144,0) -> 0 | G146: =IF(LEFT(CT!$E144,4)="5113",CT!$H144,0) -> 0
C147: Tổng cộng: | D147: =SUM(D7:D146) -> 88000000 | E147: =SUM(E7:E146) -> 0 | F147: =SUM(F7:F146) -> 88000000 | G147: =SUM(G7:G146) -> 0

Sheet NKCT
A1: NHẬT KÝ CHI TIỀN
F2: Số hiệu | G2: 111
A5: Chứng từ | C5: Diễn giải | D5: Ghi có TK 111 | E5: Ghi nợ các tài khoản
A6: Ngày | B6: Số | E6: 141 | F6: 331 | G6: 334 | H6: 642 | I6: Tài khoản
I7: Số tiền | J7: Số hiệu
A8: [1] | B8: [2] | C8: [3] | D8: [4] | E8: [5] | F8: [6] | G8: [7] | H8: [8] | I8: [9] | J8: [10]
A9: =IF(LEFT(CT!$E5,3)=NKCT!$G$2,CT!A5,"") | B9: =IF(LEFT(CT!$E5,3)=NKCT!$G$2,CT!B5,"") | C9: =IF(LEFT(CT!$E5,3)=NKCT!$G$2,CT!C5,"") | D9: =IF(LEFT(CT!$E5,3)=NKCT!$G$2,CT!$H5,0) -> 0 | E9: =IF(AND(LEFT(CT!$E5,3)=NKCT!$G$2,LEFT(CT!$D5,3)=NKCT!E$6),CT!$H5,0) -> 0 | F9: =IF(AND(LEFT(CT!$E5,3)=NKCT!$G$2,LEFT(CT!$D5,3)=NKCT!F$6),CT!$H5,0) -> 0 | G9: =IF(AND(LEFT(CT!$E5,3)=NKCT!$G$2,LEFT(CT!$D5,3)=NKCT!G$6),CT!$H5,0) -> 0 | H9: =IF(AND(LEFT(CT!$E5,3)=NKCT!$G$2,LEFT(CT!$D5,3)=NKCT!H$6),CT!$H5,0) -> 0 | I9: =IF(SUM(E9:H9)=0,D9,0) -> 0 | J9: =IF(I9>0,CT!D5,"")
A10: =IF(LEFT(CT!$E6,3)=NKCT!$G$2,CT!A6,"") | B10: =IF(LEFT(CT!$E6,3)=NKCT!$G$2,CT!B6,"") | C10: =IF(LEFT(CT!$E6,3)=NKCT!$G$2,CT!C6,"") | D10: =IF(LEFT(CT!$E6,3)=NKCT!$G$2,CT!$H6,0) -> 0 | E10: =IF(AND(LEFT(CT!$E6,3)=NKCT!$G$2,LEFT(CT!$D6,3)=NKCT!E$6),CT!$H6,0) -> 0 | F10: =IF(AND(LEFT(CT!$E6,3)=NKCT!$G$2,LEFT(CT!$D6,3)=NKCT!F$6),CT!$H6,0) -> 0 | G10: =IF(AND(LEFT(CT!$E6,3)=NKCT!$G$2,LEFT(CT!$D6,3)=NKCT!G$6),CT!$H6,0) -> 0 | H10: =IF(AND(LEFT(CT!$E6,3)=NKCT!$G$2,LEFT(CT!$D6,3)=NKCT!H$6),CT!$H6,0) -> 0 | I10: =IF(SUM(E10:H10)=0,D10,0) -> 0 | J10: =IF(I10>0,CT!D6,"")
A11: =IF(LEFT(CT!$E7,3)=NKCT!$G$2,CT!A7,"") -> 45295 | B11: =IF(LEFT(CT!$E7,3)=NKCT!$G$2,CT!B7,"") -> 01/PC | C11: =IF(LEFT(CT!$E7,3)=NKCT!$G$2,CT!C7,"") -> Chi tạm ứng cho Hồ Sĩ Nhật | D11: =IF(LEFT(CT!$E7,3)=NKCT!$G$2,CT!$H7,0) -> 2000000 | E11: =IF(AND(LEFT(CT!$E7,3)=NKCT!$G$2,LEFT(CT!$D7,3)=NKCT!E$6),CT!$H7,0) -> 2000000 | F11: =IF(AND(LEFT(CT!$E7,3)=NKCT!$G$2,LEFT(CT!$D7,3)=NKCT!F$6),CT!$H7,0) -> 0 | G11: =IF(AND(LEFT(CT!$E7,3)=NKCT!$G$2,LEFT(CT!$D7,3)=NKCT!G$6),CT!$H7,0) -> 0 | H11: =IF(AND(LEFT(CT!$E7,3)=NKCT!$G$2,LEFT(CT!$D7,3)=NKCT!H$6),CT!$H7,0) -> 0 | I11: =IF(SUM(E11:H11)=0,D11,0) -> 0 | J11: =IF(I11>0,CT!D7,"")
A12: =IF(LEFT(CT!$E8,3)=NKCT!$G$2,CT!A8,"") | B12: =IF(LEFT(CT!$E8,3)=NKCT!$G$2,CT!B8,"") | C12: =IF(LEFT(CT!$E8,3)=NKCT!$G$2,CT!C8,"") | D12: =IF(LEFT(CT!$E8,3)=NKCT!$G$2,CT!$H8,0) -> 0 | E12: =IF(AND(LEFT(CT!$E8,3)=NKCT!$G$2,LEFT(CT!$D8,3)=NKCT!E$6),CT!$H8,0) -> 0 | F12: =IF(AND(LEFT(CT!$E8,3)=NKCT!$G$2,LEFT(CT!$D8,3)=NKCT!F$6),CT!$H8,0) -> 0 | G12: =IF(AND(LEFT(CT!$E8,3)=NKCT!$G$2,LEFT(CT!$D8,3)=NKCT!G$6),CT!$H8,0) -> 0 | H12: =IF(AND(LEFT(CT!$E8,3)=NKCT!$G$2,LEFT(CT!$D8,3)=NKCT!H$6),CT!$H8,0) -> 0 | I12: =IF(SUM(E12:H12)=0,D12,0) -> 0 | J12: =IF(I12>0,CT!D8,"")
A13: =IF(LEFT(CT!$E9,3)=NKCT!$G$2,CT!A9,"") | B13: =IF(LEFT(CT!$E9,3)=NKCT!$G$2,CT!B9,"") | C13: =IF(LEFT(CT!$E9,3)=NKCT!$G$2,CT!C9,"") | D13: =IF(LEFT(CT!$E9,3)=NKCT!$G$2,CT!$H9,0) -> 0 | E13: =IF(AND(LEFT(CT!$E9,3)=NKCT!$G$2,LEFT(CT!$D9,3)=NKCT!E$6),CT!$H9,0) -> 0 | F13: =IF(AND(LEFT(CT!$E9,3)=NKCT!$G$2,LEFT(CT!$D9,3)=NKCT!F$6),CT!$H9,0) -> 0 | G13: =IF(AND(LEFT(CT!$E9,3)=NKCT!$G$2,LEFT(CT!$D9,3)=NKCT!G$6),CT!$H9,0) -> 0 | H13: =IF(AND(LEFT(CT!$E9,3)=NKCT!$G$2,LEFT(CT!$D9,3)=NKCT!H$6),CT!$H9,0) -> 0 | I13: =IF(SUM(E13:H13)=0,D13,0) -> 0 | J13: =IF(I13>0,CT!D9,"")
A14: =IF(LEFT(CT!$E10,3)=NKCT!$G$2,CT!A10,"") -> 45296 | B14: =IF(LEFT(CT!$E10,3)=NKCT!$G$2,CT!B10,"") -> 02/PC | C14: =IF(LEFT(CT!$E10,3)=NKCT!$G$2,CT!C10,"") -> Thuế GTGT mua VPP | D14: =IF(LEFT(CT!$E10,3)=NKCT!$G$2,CT!$H10,0) -> 100000 | E14: =IF(AND(LEFT(CT!$E10,3)=NKCT!$G$2,LEFT(CT!$D10,3)=NKCT!E$6),CT!$H10,0) -> 0 | F14: =IF(AND(LEFT(CT!$E10,3)=NKCT!$G$2,LEFT(CT!$D10,3)=NKCT!F$6),CT!$H10,0) -> 0 | G14: =IF(AND(LEFT(CT!$E10,3)=NKCT!$G$2,LEFT(CT!$D10,3)=NKCT!G$6),CT!$H10,0) -> 0 | H14: =IF(AND(LEFT(CT!$E10,3)=NKCT!$G$2,LEFT(CT!$D10,3)=NKCT!H$6),CT!$H10,0) -> 0 | I14: =IF(SUM(E14:H14)=0,D14,0) -> 100000 | J14: =IF(I14>0,CT!D10,"") -> 1331
A15: =IF(LEFT(CT!$E11,3)=NKCT!$G$2,CT!A11,"") -> 45296 | B15: =IF(LEFT(CT!$E11,3)=NKCT!$G$2,CT!B11,"") -> 02/PC | C15: =IF(LEFT(CT!$E11,3)=NKCT!$G$2,CT!C11,"") -> Mua VPP cho BPVP | D15: =IF(LEFT(CT!$E11,3)=NKCT!$G$2,CT!$H11,0) -> 1000000 | E15: =IF(AND(LEFT(CT!$E11,3)=NKCT!$G$2,LEFT(CT!$D11,3)=NKCT!E$6),CT!$H11,0) -> 0 | F15: =IF(AND(LEFT(CT!$E11,3)=NKCT!$G$2,LEFT(CT!$D11,3)=NKCT!F$6),CT!$H11,0) -> 0 | G15: =IF(AND(LEFT(CT!$E11,3)=NKCT!$G$2,LEFT(CT!$D11,3)=NKCT!G$6),CT!$H11,0) -> 0 | H15: =IF(AND(LEFT(CT!$E11,3)=NKCT!$G$2,LEFT(CT!$D11,3)=NKCT!H$6),CT!$H11,0) -> 1000000 | I15: =IF(SUM(E15:H15)=0,D15,0) -> 0 | J15: =IF(I15>0,CT!D11,"")
A16: =IF(LEFT(CT!$E12,3)=NKCT!$G$2,CT!A12,"") | B16: =IF(LEFT(CT!$E12,3)=NKCT!$G$2,CT!B12,"") | C16: =IF(LEFT(CT!$E12,3)=NKCT!$G$2,CT!C12,"") | D16: =IF(LEFT(CT!$E12,3)=NKCT!$G$2,CT!$H12,0) -> 0 | E16: =IF(AND(LEFT(CT!$E12,3)=NKCT!$G$2,LEFT(CT!$D12,3)=NKCT!E$6),CT!$H12,0) -> 0 | F16: =IF(AND(LEFT(CT!$E12,3)=NKCT!$G$2,LEFT(CT!$D12,3)=NKCT!F$6),CT!$H12,0) -> 0 | G16: =IF(AND(LEFT(CT!$E12,3)=NKCT!$G$2,LEFT(CT!$D12,3)=NKCT!G$6),CT!$H12,0) -> 0 | H16: =IF(AND(LEFT(CT!$E12,3)=NKCT!$G$2,LEFT(CT!$D12,3)=NKCT!H$6),CT!$H12,0) -> 0 | I16: =IF(SUM(E16:H16)=0,D16,0) -> 0 | J16: =IF(I16>0,CT!D12,"")
A17: =IF(LEFT(CT!$E13,3)=NKCT!$G$2,CT!A13,"") | B17: =IF(LEFT(CT!$E13,3)=NKCT!$G$2,CT!B13,"") | C17: =IF(LEFT(CT!$E13,3)=NKCT!$G$2,CT!C13,"") | D17: =IF(LEFT(CT!$E13,3)=NKCT!$G$2,CT!$H13,0) -> 0 | E17: =IF(AND(LEFT(CT!$E13,3)=NKCT!$G$2,LEFT(CT!$D13,3)=NKCT!E$6),CT!$H13,0) -> 0 | F17: =IF(AND(LEFT(CT!$E13,3)=NKCT!$G$2,LEFT(CT!$D13,3)=NKCT!F$6),CT!$H13,0) -> 0 | G17: =IF(AND(LEFT(CT!$E13,3)=NKCT!$G$2,LEFT(CT!$D13,3)=NKCT!G$6),CT!$H13,0) -> 0 | H17: =IF(AND(LEFT(CT!$E13,3)=NKCT!$G$2,LEFT(CT!$D13,3)=NKCT!H$6),CT!$H13,0) -> 0 | I17: =IF(SUM(E17:H17)=0,D17,0) -> 0 | J17: =IF(I17>0,CT!D13,"")
A18: =IF(LEFT(CT!$E14,3)=NKCT!$G$2,CT!A14,"") | B18: =IF(LEFT(CT!$E14,3)=NKCT!$G$2,CT!B14,"") | C18: =IF(LEFT(CT!$E14,3)=NKCT!$G$2,CT!C14,"") | D18: =IF(LEFT(CT!$E14,3)=NKCT!$G$2,CT!$H14,0) -> 0 | E18: =IF(AND(LEFT(CT!$E14,3)=NKCT!$G$2,LEFT(CT!$D14,3)=NKCT!E$6),CT!$H14,0) -> 0 | F18: =IF(AND(LEFT(CT!$E14,3)=NKCT!$G$2,LEFT(CT!$D14,3)=NKCT!F$6),CT!$H14,0) -> 0 | G18: =IF(AND(LEFT(CT!$E14,3)=NKCT!$G$2,LEFT(CT!$D14,3)=NKCT!G$6),CT!$H14,0) -> 0 | H18: =IF(AND(LEFT(CT!$E14,3)=NKCT!$G$2,LEFT(CT!$D14,3)=NKCT!H$6),CT!$H14,0) -> 0 | I18: =IF(SUM(E18:H18)=0,D18,0) -> 0 | J18: =IF(I18>0,CT!D14,"")
A19: =IF(LEFT(CT!$E15,3)=NKCT!$G$2,CT!A15,"") | B19: =IF(LEFT(CT!$E15,3)=NKCT!$G$2,CT!B15,"") | C19: =IF(LEFT(CT!$E15,3)=NKCT!$G$2,CT!C15,"") | D19: =IF(LEFT(CT!$E15,3)=NKCT!$G$2,CT!$H15,0) -> 0 | E19: =IF(AND(LEFT(CT!$E15,3)=NKCT!$G$2,LEFT(CT!$D15,3)=NKCT!E$6),CT!$H15,0) -> 0 | F19: =IF(AND(LEFT(CT!$E15,3)=NKCT!$G$2,LEFT(CT!$D15,3)=NKCT!F$6),CT!$H15,0) -> 0 | G19: =IF(AND(LEFT(CT!$E15,3)=NKCT!$G$2,LEFT(CT!$D15,3)=NKCT!G$6),CT!$H15,0) -> 0 | H19: =IF(AND(LEFT(CT!$E15,3)=NKCT!$G$2,LEFT(CT!$D15,3)=NKCT!H$6),CT!$H15,0) -> 0 | I19: =IF(SUM(E19:H19)=0,D19,0) -> 0 | J19: =IF(I19>0,CT!D15,"")
A20: =IF(LEFT(CT!$E16,3)=NKCT!$G$2,CT!A16,"") | B20: =IF(LEFT(CT!$E16,3)=NKCT!$G$2,CT!B16,"") | C20: =IF(LEFT(CT!$E16,3)=NKCT!$G$2,CT!C16,"") | D20: =IF(LEFT(CT!$E16,3)=NKCT!$G$2,CT!$H16,0) -> 0 | E20: =IF(AND(LEFT(CT!$E16,3)=NKCT!$G$2,LEFT(CT!$D16,3)=NKCT!E$6),CT!$H16,0) -> 0 | F20: =IF(AND(LEFT(CT!$E16,3)=NKCT!$G$2,LEFT(CT!$D16,3)=NKCT!F$6),CT!$H16,0) -> 0 | G20: =IF(AND(LEFT(CT!$E16,3)=NKCT!$G$2,LEFT(CT!$D16,3)=NKCT!G$6),CT!$H16,0) -> 0 | H20: =IF(AND(LEFT(CT!$E16,3)=NKCT!$G$2,LEFT(CT!$D16,3)=NKCT!H$6),CT!$H16,0) -> 0 | I20: =IF(SUM(E20:H20)=0,D20,0) -> 0 | J20: =IF(I20>0,CT!D16,"")
... A147: =IF(LEFT(CT!$E143,3)=NKCT!$G$2,CT!A143,"") | B147: =IF(LEFT(CT!$E143,3)=NKCT!$G$2,CT!B143,"") | C147: =IF(LEFT(CT!$E143,3)=NKCT!$G$2,CT!C143,"") | D147: =IF(LEFT(CT!$E143,3)=NKCT!$G$2,CT!$H143,0) -> 0 | E147: =IF(AND(LEFT(CT!$E143,3)=NKCT!$G$2,LEFT(CT!$D143,3)=NKCT!E$6),CT!$H143,0) -> 0 | F147: =IF(AND(LEFT(CT!$E143,3)=NKCT!$G$2,LEFT(CT!$D143,3)=NKCT!F$6),CT!$H143,0) -> 0 | G147: =IF(AND(LEFT(CT!$E143,3)=NKCT!$G$2,LEFT(CT!$D143,3)=NKCT!G$6),CT!$H143,0) -> 0 | H147: =IF(AND(LEFT(CT!$E143,3)=NKCT!$G$2,LEFT(CT!$D143,3)=NKCT!H$6),CT!$H143,0) -> 0 | I147: =IF(SUM(E147:H147)=0,D147,0) -> 0 | J147: =IF(I147>0,CT!D143,"")
C148: Tổng cộng: | D148: =SUM(D9:D147) -> 404100000 | E148: =SUM(E9:E147) -> 2000000 | F148: =SUM(F9:F147) -> 0 | G148: =SUM(G9:G147) -> 247000000 | H148: =SUM(H9:H147) -> 1000000 | I148: =SUM(I9:I147) -> 154100000

Sheet NKMH
A1: NHẬT KÝ MUA HÀNG
E2: Số hiệu: | F2: 331
A4: Chứng từ | C4: Diễn giải | D4: Tài khoản ghi nợ | H4: Phải trả người bán (Ghi có)
A5: Ngày | B5: Số | D5: Hàng hóa | E5: Nguyên liệu, vật liệu | F5: Tài khoản khác
F6: Số tiền | G6: Số hiệu
A7: 1 | B7: 2 | C7: 3 | D7: 4 | E7: 5 | F7: 6 | G7: 7 | H7: 8
A8: =IF(LEFT(CT!$E5,3)=NKMH!$F$2,CT!A5,"") | B8: =IF(LEFT(CT!$E5,3)=NKMH!$F$2,CT!B5,"") | C8: =IF(LEFT(CT!$E5,3)=NKMH!$F$2,CT!C5,"") | D8: =IF(AND(LEFT(CT!$E5,3)=NKMH!$F$2,LEFT(CT!$D5,3)="156"),CT!$H5,0) -> 0 | E8: =IF(AND(LEFT(CT!$E5,3)=NKMH!$F$2,LEFT(CT!$D5,3)="152"),CT!$H5,0) -> 0 | F8: =IF(SUM(D8:E8)=0,H8,0) -> 0 | G8: =IF(F8>0,CT!D5,"") | H8: =IF(LEFT(CT!$E5,3)=NKMH!$F$2,CT!$H5,0) -> 0
A9: =IF(LEFT(CT!$E6,3)=NKMH!$F$2,CT!A6,"") | B9: =IF(LEFT(CT!$E6,3)=NKMH!$F$2,CT!B6,"") | C9: =IF(LEFT(CT!$E6,3)=NKMH!$F$2,CT!C6,"") | D9: =IF(AND(LEFT(CT!$E6,3)=NKMH!$F$2,LEFT(CT!$D6,3)="156"),CT!$H6,0) -> 0 | E9: =IF(AND(LEFT(CT!$E6,3)=NKMH!$F$2,LEFT(CT!$D6,3)="152"),CT!$H6,0) -> 0 | F9: =IF(SUM(D9:E9)=0,H9,0) -> 0 | G9: =IF(F9>0,CT!D6,"") | H9: =IF(LEFT(CT!$E6,3)=NKMH!$F$2,CT!$H6,0) -> 0
A10: =IF(LEFT(CT!$E7,3)=NKMH!$F$2,CT!A7,"") | B10: =IF(LEFT(CT!$E7,3)=NKMH!$F$2,CT!B7,"") | C10: =IF(LEFT(CT!$E7,3)=NKMH!$F$2,CT!C7,"") | D10: =IF(AND(LEFT(CT!$E7,3)=NKMH!$F$2,LEFT(CT!$D7,3)="156"),CT!$H7,0) -> 0 | E10: =IF(AND(LEFT(CT!$E7,3)=NKMH!$F$2,LEFT(CT!$D7,3)="152"),CT!$H7,0) -> 0 | F10: =IF(SUM(D10:E10)=0,H10,0) -> 0 | G10: =IF(F10>0,CT!D7,"") | H10: =IF(LEFT(CT!$E7,3)=NKMH!$F$2,CT!$H7,0) -> 0
A11: =IF(LEFT(CT!$E8,3)=NKMH!$F$2,CT!A8,"") -> 45295 | B11: =IF(LEFT(CT!$E8,3)=NKMH!$F$2,CT!B8,"") -> 01/NVL | C11: =IF(LEFT(CT!$E8,3)=NKMH!$F$2,CT!C8,"") -> Thuế GTGT mua gỗ tràm bông vàng | D11: =IF(AND(LEFT(CT!$E8,3)=NKMH!$F$2,LEFT(CT!$D8,3)="156"),CT!$H8,0) -> 0 | E11: =IF(AND(LEFT(CT!$E8,3)=NKMH!$F$2,LEFT(CT!$D8,3)="152"),CT!$H8,0) -> 0 | F11: =IF(SUM(D11:E11)=0,H11,0) -> 1000000 | G11: =IF(F11>0,CT!D8,"") -> 1331 | H11: =IF(LEFT(CT!$E8,3)=NKMH!$F$2,CT!$H8,0) -> 1000000
A12: =IF(LEFT(CT!$E9,3)=NKMH!$F$2,CT!A9,"") -> 45295 | B12: =IF(LEFT(CT!$E9,3)=NKMH!$F$2,CT!B9,"") -> 01/NVL | C12: =IF(LEFT(CT!$E9,3)=NKMH!$F$2,CT!C9,"") -> Mua gỗ tràm bông vàng | D12: =IF(AND(LEFT(CT!$E9,3)=NKMH!$F$2,LEFT(CT!$D9,3)="156"),CT!$H9,0) -> 0 | E12: =IF(AND(LEFT(CT!$E9,3)=NKMH!$F$2,LEFT(CT!$D9,3)="152"),CT!$H9,0) -> 22500000 | F12: =IF(SUM(D12:E12)=0,H12,0) -> 0 | G12: =IF(F12>0,CT!D9,"") | H12: =IF(LEFT(CT!$E9,3)=NKMH!$F$2,CT!$H9,0) -> 22500000
A13: =IF(LEFT(CT!$E10,3)=NKMH!$F$2,CT!A10,"") | B13: =IF(LEFT(CT!$E10,3)=NKMH!$F$2,CT!B10,"") | C13: =IF(LEFT(CT!$E10,3)=NKMH!$F$2,CT!C10,"") | D13: =IF(AND(LEFT(CT!$E10,3)=NKMH!$F$2,LEFT(CT!$D10,3)="156"),CT!$H10,0) -> 0 | E13: =IF(AND(LEFT(CT!$E10,3)=NKMH!$F$2,LEFT(CT!$D10,3)="152"),CT!$H10,0) -> 0 | F13: =IF(SUM(D13:E13)=0,H13,0) -> 0 | G13: =IF(F13>0,CT!D10,"") | H13: =IF(LEFT(CT!$E10,3)=NKMH!$F$2,CT!$H10,0) -> 0
A14: =IF(LEFT(CT!$E11,3)=NKMH!$F$2,CT!A11,"") | B14: =IF(LEFT(CT!$E11,3)=NKMH!$F$2,CT!B11,"") | C14: =IF(LEFT(CT!$E11,3)=NKMH!$F$2,CT!C11,"") | D14: =IF(AND(LEFT(CT!$E11,3)=NKMH!$F$2,LEFT(CT!$D11,3)="156"),CT!$H11,0) -> 0 | E14: =IF(AND(LEFT(CT!$E11,3)=NKMH!$F$2,LEFT(CT!$D11,3)="152"),CT!$H11,0) -> 0 | F14: =IF(SUM(D14:E14)=0,H14,0) -> 0 | G14: =IF(F14>0,CT!D11,"") | H14: =IF(LEFT(CT!$E11,3)=NKMH!$F$2,CT!$H11,0) -> 0
A15: =IF(LEFT(CT!$E12,3)=NKMH!$F$2,CT!A12,"") -> 45301 | B15: =IF(LEFT(CT!$E12,3)=NKMH!$F$2,CT!B12,"") -> 02/NVL | C15: =IF(LEFT(CT!$E12,3)=NKMH!$F$2,CT!C12,"") -> Thuế GTGT mua AC chuối, Dầu thông | D15: =IF(AND(LEFT(CT!$E12,3)=NKMH!$F$2,LEFT(CT!$D12,3)="156"),CT!$H12,0) -> 0 | E15: =IF(AND(LEFT(CT!$E12,3)=NKMH!$F$2,LEFT(CT!$D12,3)="152"),CT!$H12,0) -> 0 | F15: =IF(SUM(D15:E15)=0,H15,0) -> 55000 | G15: =IF(F15>0,CT!D12,"") -> 1331 | H15: =IF(LEFT(CT!$E12,3)=NKMH!$F$2,CT!$H12,0) -> 55000
A16: =IF(LEFT(CT!$E13,3)=NKMH!$F$2,CT!A13,"") -> 45301 | B16: =IF(LEFT(CT!$E13,3)=NKMH!$F$2,CT!B13,"") -> 02/NVL | C16: =IF(LEFT(CT!$E13,3)=NKMH!$F$2,CT!C13,"") -> Mua Dầu thông | D16: =IF(AND(LEFT(CT!$E13,3)=NKMH!$F$2,LEFT(CT!$D13,3)="156"),CT!$H13,0) -> 0 | E16: =IF(AND(LEFT(CT!$E13,3)=NKMH!$F$2,LEFT(CT!$D13,3)="152"),CT!$H13,0) -> 1500000 | F16: =IF(SUM(D16:E16)=0,H16,0) -> 0 | G16: =IF(F16>0,CT!D13,"") | H16: =IF(LEFT(CT!$E13,3)=NKMH!$F$2,CT!$H13,0) -> 1500000
A17: =IF(LEFT(CT!$E14,3)=NKMH!$F$2,CT!A14,"") -> 45301 | B17: =IF(LEFT(CT!$E14,3)=NKMH!$F$2,CT!B14,"") -> 02/NVL | C17: =IF(LEFT(CT!$E14,3)=NKMH!$F$2,CT!C14,"") -> Mua AC chuối | D17: =IF(AND(LEFT(CT!$E14,3)=NKMH!$F$2,LEFT(CT!$D14,3)="156"),CT!$H14,0) -> 0 | E17: =IF(AND(LEFT(CT!$E14,3)=NKMH!$F$2,LEFT(CT!$D14,3)="152"),CT!$H14,0) -> 3200000 | F17: =IF(SUM(D17:E17)=0,H17,0) -> 0 | G17: =IF(F17>0,CT!D14,"") | H17: =IF(LEFT(CT!$E14,3)=NKMH!$F$2,CT!$H14,0) -> 3200000
A18: =IF(LEFT(CT!$E15,3)=NKMH!$F$2,CT!A15,"") -> 45302 | B18: =IF(LEFT(CT!$E15,3)=NKMH!$F$2,CT!B15,"") -> 03/NVL | C18: =IF(LEFT(CT!$E15,3)=NKMH!$F$2,CT!C15,"") -> Thuế GTGT Nhập kho keo AB | D18: =IF(AND(LEFT(CT!$E15,3)=NKMH!$F$2,LEFT(CT!$D15,3)="156"),CT!$H15,0) -> 0 | E18: =IF(AND(LEFT(CT!$E15,3)=NKMH!$F$2,LEFT(CT!$D15,3)="152"),CT!$H15,0) -> 0 | F18: =IF(SUM(D18:E18)=0,H18,0) -> 500000 | G18: =IF(F18>0,CT!D15,"") -> 1331 | H18: =IF(LEFT(CT!$E15,3)=NKMH!$F$2,CT!$H15,0) -> 500000
A19: =IF(LEFT(CT!$E16,3)=NKMH!$F$2,CT!A16,"") -> 45302 | B19: =IF(LEFT(CT!$E16,3)=NKMH!$F$2,CT!B16,"") -> 03/NVL | C19: =IF(LEFT(CT!$E16,3)=NKMH!$F$2,CT!C16,"") -> Nhập kho keo AB | D19: =IF(AND(LEFT(CT!$E16,3)=NKMH!$F$2,LEFT(CT!$D16,3)="156"),CT!$H16,0) -> 0 | E19: =IF(AND(LEFT(CT!$E16,3)=NKMH!$F$2,LEFT(CT!$D16,3)="152"),CT!$H16,0) -> 5000000 | F19: =IF(SUM(D19:E19)=0,H19,0) -> 0 | G19: =IF(F19>0,CT!D16,"") | H19: =IF(LEFT(CT!$E16,3)=NKMH!$F$2,CT!$H16,0) -> 5000000
... A147: =IF(LEFT(CT!$E144,3)=NKMH!$F$2,CT!A144,"") | B147: =IF(LEFT(CT!$E144,3)=NKMH!$F$2,CT!B144,"") | C147: =IF(LEFT(CT!$E144,3)=NKMH!$F$2,CT!C144,"") | D147: =IF(AND(LEFT(CT!$E144,3)=NKMH!$F$2,LEFT(CT!$D144,3)="156"),CT!$H144,0) -> 0 | E147: =IF(AND(LEFT(CT!$E144,3)=NKMH!$F$2,LEFT(CT!$D144,3)="152"),CT!$H144,0) -> 0 | F147: =IF(SUM(D147:E147)=0,H147,0) -> 0 | G147: =IF(F147>0,CT!D144,"") | H147: =IF(LEFT(CT!$E144,3)=NKMH!$F$2,CT!$H144,0) -> 0
C148: Tổng cộng: | D148: =SUM(D8:D147) -> 0 | E148: =SUM(E8:E147) -> 32200000 | F148: =SUM(F8:F147) -> 1555000 | H148: =SUM(H8:H147) -> 33755000

Sheet SNKC
A1: NHẬT KÝ CHUNG
A3: Chứng từ | C3: Diễn giải | D3: Số hiệu tài khoản | E3: Số phát sinh
A4: Ngày | B4: số | E4: Nợ | F4: Có
A5: 1 | B5: 2 | C5: 3 | D5: 4 | E5: 5 | F5: 6 | G5: Lọc dữ liệu
A6: =IF(MOD(ROW(),2)=0,OFFSET(CT!$A$1,INT(ROW()/2)+1,COLUMN(CT!A3)-1),"") -> 45293 | B6: =IF(MOD(ROW(),2)=0,OFFSET(CT!$A$1,INT(ROW()/2)+1,COLUMN(CT!B3)-1),"") -> 01/PT | C6: =IF(MOD(ROW(),2)=0,OFFSET(CT!$A$1,INT(ROW()/2)+1,COLUMN(CT!C3)-1),"") -> Thu nợ lô hàng 200 | D6: =OFFSET(CT!$A$1,INT(ROW()/2)+1,IF(MOD(ROW(),2)=0,COLUMN(CT!D3)-1,COLUMN(CT!E3)-1)) -> 1111 | E6: =IF(MOD(ROW(),2)=0,OFFSET(CT!$A$1,INT(ROW()/2)+1,COLUMN(CT!H3)-1),0) -> 5000000 | F6: =IF(MOD(ROW(),2)=1,OFFSET(CT!$A$1,INT(ROW()/2)+1,COLUMN(CT!H3)-1),0) -> 0 | G6: =IF(OFFSET(CT!$A$1,INT(ROW()/2)+1,COLUMN(CT!N3)-1)="No","False","True") -> False
A7: =IF(MOD(ROW(),2)=0,OFFSET(CT!$A$1,INT(ROW()/2)+1,COLUMN(CT!A4)-1),"") | B7: =IF(MOD(ROW(),2)=0,OFFSET(CT!$A$1,INT(ROW()/2)+1,COLUMN(CT!B4)-1),"") | C7: =IF(MOD(ROW(),2)=0,OFFSET(CT!$A$1,INT(ROW()/2)+1,COLUMN(CT!C4)-1),"") | D7: =OFFSET(CT!$A$1,INT(ROW()/2)+1,IF(MOD(ROW(),2)=0,COLUMN(CT!D4)-1,COLUMN(CT!E4)-1)) -> 1311.03 | E7: =IF(MOD(ROW(),2)=0,OFFSET(CT!$A$1,INT(ROW()/2)+1,COLUMN(CT!H4)-1),0) -> 0 | F7: =IF(MOD(ROW(),2)=1,OFFSET(CT!$A$1,INT(ROW()/2)+1,COLUMN(CT!H4)-1),0) -> 5000000 | G7: =IF(OFFSET(CT!$A$1,INT(ROW()/2)+1,COLUMN(CT!N4)-1)="No","False","True") -> False
A8: =IF(MOD(ROW(),2)=0,OFFSET(CT!$A$1,INT(ROW()/2)+1,COLUMN(CT!A5)-1),"") -> 45293 | B8: =IF(MOD(ROW(),2)=0,OFFSET(CT!$A$1,INT(ROW()/2)+1,COLUMN(CT!B5)-1),"") -> 02/PT | C8: =IF(MOD(ROW(),2)=0,OFFSET(CT!$A$1,INT(ROW()/2)+1,COLUMN(CT!C5)-1),"") -> Thu nợ lô hàng 212 | D8: =OFFSET(CT!$A$1,INT(ROW()/2)+1,IF(MOD(ROW(),2)=0,COLUMN(CT!D5)-1,COLUMN(CT!E5)-1)) -> 1111 | E8: =IF(MOD(ROW(),2)=0,OFFSET(CT!$A$1,INT(ROW()/2)+1,COLUMN(CT!H5)-1),0) -> 20000000 | F8: =IF(MOD(ROW(),2)=1,OFFSET(CT!$A$1,INT(ROW()/2)+1,COLUMN(CT!H5)-1),0) -> 0 | G8: =IF(OFFSET(CT!$A$1,INT(ROW()/2)+1,COLUMN(CT!N5)-1)="No","False","True") -> False
A9: =IF(MOD(ROW(),2)=0,OFFSET(CT!$A$1,INT(ROW()/2)+1,COLUMN(CT!A6)-1),"") | B9: =IF(MOD(ROW(),2)=0,OFFSET(CT!$A$1,INT(ROW()/2)+1,COLUMN(CT!B6)-1),"") | C9: =IF(MOD(ROW(),2)=0,OFFSET(CT!$A$1,INT(ROW()/2)+1,COLUMN(CT!C6)-1),"") | D9: =OFFSET(CT!$A$1,INT(ROW()/2)+1,IF(MOD(ROW(),2)=0,COLUMN(CT!D6)-1,COLUMN(CT!E6)-1)) -> 1311.01 | E9: =IF(MOD(ROW(),2)=0,OFFSET(CT!$A$1,INT(ROW()/2)+1,COLUMN(CT!H6)-1),0) -> 0 | F9: =IF(MOD(ROW(),2)=1,OFFSET(CT!$A$1,INT(ROW()/2)+1,COLUMN(CT!H6)-1),0) -> 20000000 | G9: =IF(OFFSET(CT!$A$1,INT(ROW()/2)+1,COLUMN(CT!N6)-1)="No","False","True") -> False
A10: =IF(MOD(ROW(),2)=0,OFFSET(CT!$A$1,INT(ROW()/2)+1,COLUMN(CT!A7)-1),"") -> 45295 | B10: =IF(MOD(ROW(),2)=0,OFFSET(CT!$A$1,INT(ROW()/2)+1,COLUMN(CT!B7)-1),"") -> 01/PC | C10: =IF(MOD(ROW(),2)=0,OFFSET(CT!$A$1,INT(ROW()/2)+1,COLUMN(CT!C7)-1),"") -> Chi tạm ứng cho Hồ Sĩ Nhật | D10: =OFFSET(CT!$A$1,INT(ROW()/2)+1,IF(MOD(ROW(),2)=0,COLUMN(CT!D7)-1,COLUMN(CT!E7)-1)) -> 141.0102 | E10: =IF(MOD(ROW(),2)=0,OFFSET(CT!$A$1,INT(ROW()/2)+1,COLUMN(CT!H7)-1),0) -> 2000000 | F10: =IF(MOD(ROW(),2)=1,OFFSET(CT!$A$1,INT(ROW()/2)+1,COLUMN(CT!H7)-1),0) -> 0 | G10: =IF(OFFSET(CT!$A$1,INT(ROW()/2)+1,COLUMN(CT!N7)-1)="No","False","True") -> False
A11: =IF(MOD(ROW(),2)=0,OFFSET(CT!$A$1,INT(ROW()/2)+1,COLUMN(CT!A8)-1),"") | B11: =IF(MOD(ROW(),2)=0,OFFSET(CT!$A$1,INT(ROW()/2)+1,COLUMN(CT!B8)-1),"") | C11: =IF(MOD(ROW(),2)=0,OFFSET(CT!$A$1,INT(ROW()/2)+1,COLUMN(CT!C8)-1),"") | D11: =OFFSET(CT!$A$1,INT(ROW()/2)+1,IF(MOD(ROW(),2)=0,COLUMN(CT!D8)-1,COLUMN(CT!E8)-1)) -> 1111 | E11: =IF(MOD(ROW(),2)=0,OFFSET(CT!$A$1,INT(ROW()/2)+1,COLUMN(CT!H8)-1),0) -> 0 | F11: =IF(MOD(ROW(),2)=1,OFFSET(CT!$A$1,INT(ROW()/2)+1,COLUMN(CT!H8)-1),0) -> 2000000 | G11: =IF(OFFSET(CT!$A$1,INT(ROW()/2)+1,COLUMN(CT!N8)-1)="No","False","True") -> False
A12: =IF(MOD(ROW(),2)=0,OFFSET(CT!$A$1,INT(ROW()/2)+1,COLUMN(CT!A9)-1),"") -> 45295 | B12: =IF(MOD(ROW(),2)=0,OFFSET(CT!$A$1,INT(ROW()/2)+1,COLUMN(CT!B9)-1),"") -> 01/NVL | C12: =IF(MOD(ROW(),2)=0,OFFSET(CT!$A$1,INT(ROW()/2)+1,COLUMN(CT!C9)-1),"") -> Thuế GTGT mua gỗ tràm bông vàng | D12: =OFFSET(CT!$A$1,INT(ROW()/2)+1,IF(MOD(ROW(),2)=0,COLUMN(CT!D9)-1,COLUMN(CT!E9)-1)) -> 1331 | E12: =IF(MOD(ROW(),2)=0,OFFSET(CT!$A$1,INT(ROW()/2)+1,COLUMN(CT!H9)-1),0) -> 1000000 | F12: =IF(MOD(ROW(),2)=1,OFFSET(CT!$A$1,INT(ROW()/2)+1,COLUMN(CT!H9)-1),0) -> 0 | G12: =IF(OFFSET(CT!$A$1,INT(ROW()/2)+1,COLUMN(CT!N9)-1)="No","False","True") -> False
A13: =IF(MOD(ROW(),2)=0,OFFSET(CT!$A$1,INT(ROW()/2)+1,COLUMN(CT!A10)-1),"") | B13: =IF(MOD(ROW(),2)=0,OFFSET(CT!$A$1,INT(ROW()/2)+1,COLUMN(CT!B10)-1),"") | C13: =IF(MOD(ROW(),2)=0,OFFSET(CT!$A$1,INT(ROW()/2)+1,COLUMN(CT!C10)-1),"") | D13: =OFFSET(CT!$A$1,INT(ROW()/2)+1,IF(MOD(ROW(),2)=0,COLUMN(CT!D10)-1,COLUMN(CT!E10)-1)) -> 3311.02 | E13: =IF(MOD(ROW(),2)=0,OFFSET(CT!$A$1,INT(ROW()/2)+1,COLUMN(CT!H10)-1),0) -> 0 | F13: =IF(MOD(ROW(),2)=1,OFFSET(CT!$A$1,INT(ROW()/2)+1,COLUMN(CT!H10)-1),0) -> 1000000 | G13: =IF(OFFSET(CT!$A$1,INT(ROW()/2)+1,COLUMN(CT!N10)-1)="No","False","True") -> False
A14: =IF(MOD(ROW(),2)=0,OFFSET(CT!$A$1,INT(ROW()/2)+1,COLUMN(CT!A11)-1),"") -> 45295 | B14: =IF(MOD(ROW(),2)=0,OFFSET(CT!$A$1,INT(ROW()/2)+1,COLUMN(CT!B11)-1),"") -> 01/NVL | C14: =IF(MOD(ROW(),2)=0,OFFSET(CT!$A$1,INT(ROW()/2)+1,COLUMN(CT!C11)-1),"") -> Mua gỗ tràm bông vàng | D14: =OFFSET(CT!$A$1,INT(ROW()/2)+1,IF(MOD(ROW(),2)=0,COLUMN(CT!D11)-1,COLUMN(CT!E11)-1)) -> 1521.0102 | E14: =IF(MOD(ROW(),2)=0,OFFSET(CT!$A$1,INT(ROW()/2)+1,COLUMN(CT!H11)-1),0) -> 22500000 | F14: =IF(MOD(ROW(),2)=1,OFFSET(CT!$A$1,INT(ROW()/2)+1,COLUMN(CT!H11)-1),0) -> 0 | G14: =IF(OFFSET(CT!$A$1,INT(ROW()/2)+1,COLUMN(CT!N11)-1)="No","False","True") -> False
A15: =IF(MOD(ROW(),2)=0,OFFSET(CT!$A$1,INT(ROW()/2)+1,COLUMN(CT!A12)-1),"") | B15: =IF(MOD(ROW(),2)=0,OFFSET(CT!$A$1,INT(ROW()/2)+1,COLUMN(CT!B12)-1),"") | C15: =IF(MOD(ROW(),2)=0,OFFSET(CT!$A$1,INT(ROW()/2)+1,COLUMN(CT!C12)-1),"") | D15: =OFFSET(CT!$A$1,INT(ROW()/2)+1,IF(MOD(ROW(),2)=0,COLUMN(CT!D12)-1,COLUMN(CT!E12)-1)) -> 3311.02 | E15: =IF(MOD(ROW(),2)=0,OFFSET(CT!$A$1,INT(ROW()/2)+1,COLUMN(CT!H12)-1),0) -> 0 | F15: =IF(MOD(ROW(),2)=1,OFFSET(CT!$A$1,INT(ROW()/2)+1,COLUMN(CT!H12)-1),0) -> 22500000 | G15: =IF(OFFSET(CT!$A$1,INT(ROW()/2)+1,COLUMN(CT!N12)-1)="No","False","True") -> False
A16: =IF(MOD(ROW(),2)=0,OFFSET(CT!$A$1,INT(ROW()/2)+1,COLUMN(CT!A13)-1),"") -> 45296 | B16: =IF(MOD(ROW(),2)=0,OFFSET(CT!$A$1,INT(ROW()/2)+1,COLUMN(CT!B13)-1),"") -> 02/PC | C16: =IF(MOD(ROW(),2)=0,OFFSET(CT!$A$1,INT(ROW()/2)+1,COLUMN(CT!C13)-1),"") -> Thuế GTGT mua VPP | D16: =OFFSET(CT!$A$1,INT(ROW()/2)+1,IF(MOD(ROW(),2)=0,COLUMN(CT!D13)-1,COLUMN(CT!E13)-1)) -> 1331 | E16: =IF(MOD(ROW(),2)=0,OFFSET(CT!$A$1,INT(ROW()/2)+1,COLUMN(CT!H13)-1),0) -> 100000 | F16: =IF(MOD(ROW(),2)=1,OFFSET(CT!$A$1,INT(ROW()/2)+1,COLUMN(CT!H13)-1),0) -> 0 | G16: =IF(OFFSET(CT!$A$1,INT(ROW()/2)+1,COLUMN(CT!N13)-1)="No","False","True") -> False
A17: =IF(MOD(ROW(),2)=0,OFFSET(CT!$A$1,INT(ROW()/2)+1,COLUMN(CT!A14)-1),"") | B17: =IF(MOD(ROW(),2)=0,OFFSET(CT!$A$1,INT(ROW()/2)+1,COLUMN(CT!B14)-1),"") | C17: =IF(MOD(ROW(),2)=0,OFFSET(CT!$A$1,INT(ROW()/2)+1,COLUMN(CT!C14)-1),"") | D17: =OFFSET(CT!$A$1,INT(ROW()/2)+1,IF(MOD(ROW(),2)=0,COLUMN(CT!D14)-1,COLUMN(CT!E14)-1)) -> 1111 | E17: =IF(MOD(ROW(),2)=0,OFFSET(CT!$A$1,INT(ROW()/2)+1,COLUMN(CT!H14)-1),0) -> 0 | F17: =IF(MOD(ROW(),2)=1,OFFSET(CT!$A$1,INT(ROW()/2)+1,COLUMN(CT!H14)-1),0) -> 100000 | G17: =IF(OFFSET(CT!$A$1,INT(ROW()/2)+1,COLUMN(CT!N14)-1)="No","False","True") -> False
... A283: =IF(MOD(ROW(),2)=0,OFFSET(CT!$A$1,INT(ROW()/2)+1,COLUMN(CT!A280)-1),"") | B283: =IF(MOD(ROW(),2)=0,OFFSET(CT!$A$1,INT(ROW()/2)+1,COLUMN(CT!B280)-1),"") | C283: =IF(MOD(ROW(),2)=0,OFFSET(CT!$A$1,INT(ROW()/2)+1,COLUMN(CT!C280)-1),"") | D283: =OFFSET(CT!$A$1,INT(ROW()/2)+1,IF(MOD(ROW(),2)=0,COLUMN(CT!D280)-1,COLUMN(CT!E280)-1)) -> 622.05 | E283: =IF(MOD(ROW(),2)=0,OFFSET(CT!$A$1,INT(ROW()/2)+1,COLUMN(CT!H280)-1),0) -> 0 | F283: =IF(MOD(ROW(),2)=1,OFFSET(CT!$A$1,INT(ROW()/2)+1,COLUMN(CT!H280)-1),0) -> 48800000 | G283: =IF(OFFSET(CT!$A$1,INT(ROW()/2)+1,COLUMN(CT!N280)-1)="No","False","True") -> True
C284: Tổng cộng: | E284: =SUBTOTAL(9,E6:E283) -> 1236801169 | F284: =SUBTOTAL(9,F6:F283) -> 1236801169 | G284: TRUE

Sheet SNKC (DÒNG 7)
A1: NHẬT KÝ CHUNG
A4: Chứng từ | C4: Diễn giải | D4: Số hiệu tài khoản | E4: Số phát sinh
A5: Ngày | B5: Số | E5: Nợ | F5: Có
A6: 1 | B6: 2 | C6: 3 | D6: 4 | E6: 5 | F6: 6 | G6: Lọc dữ liệu
A7: =IF(MOD(ROW(),2)=1, OFFSET(CT!$A$1,INT(ROW()/2)+1,COLUMN(CT!A3)-1),"") -> 45293 | B7: =IF(MOD(ROW(),2)=1, OFFSET(CT!$A$1,INT(ROW()/2)+1,COLUMN(CT!B3)-1),"") -> 01/PT | C7: =IF(MOD(ROW(),2)=1, OFFSET(CT!$A$1,INT(ROW()/2)+1,COLUMN(CT!C3)-1),"") -> Thu nợ lô hàng 200 | D7: =OFFSET(CT!$A$1,INT((ROW()+1)/2),IF(MOD(ROW(),2)=1,COLUMN(CT!$D$5)-1,COLUMN(CT!$E$5)-1)) -> 1111 | E7: =IF(MOD(ROW(),2)=1,OFFSET(CT!$A$1,INT(ROW()/2)+1,COLUMN(CT!$H$3)-1),0) -> 5000000 | F7: =IF(MOD(ROW(),2)=0,OFFSET(CT!$A$1,INT(ROW()/2),COLUMN(CT!$H$3)-1),0) -> 0 | G7: =IF(OFFSET(CT!$A$1,INT((ROW()+1)/2),COLUMN(CT!$N$3)-1)="No","False","True") -> False
A8: =IF(MOD(ROW(),2)=1, OFFSET(CT!$A$1,INT(ROW()/2)+1,COLUMN(CT!A4)-1),"") | B8: =IF(MOD(ROW(),2)=1, OFFSET(CT!$A$1,INT(ROW()/2)+1,COLUMN(CT!B4)-1),"") | C8: =IF(MOD(ROW(),2)=1, OFFSET(CT!$A$1,INT(ROW()/2)+1,COLUMN(CT!C4)-1),"") | D8: =OFFSET(CT!$A$1,INT((ROW()+1)/2),IF(MOD(ROW(),2)=1,COLUMN(CT!$D$5)-1,COLUMN(CT!$E$5)-1)) -> 1311.03 | E8: =IF(MOD(ROW(),2)=1,OFFSET(CT!$A$1,INT(ROW()/2)+1,COLUMN(CT!$H$3)-1),0) -> 0 | F8: =IF(MOD(ROW(),2)=0,OFFSET(CT!$A$1,INT(ROW()/2),COLUMN(CT!$H$3)-1),0) -> 5000000 | G8: =IF(OFFSET(CT!$A$1,INT((ROW()+1)/2),COLUMN(CT!$N$3)-1)="No","False","True") -> False
A9: =IF(MOD(ROW(),2)=1, OFFSET(CT!$A$1,INT(ROW()/2)+1,COLUMN(CT!A5)-1),"") -> 45293 | B9: =IF(MOD(ROW(),2)=1, OFFSET(CT!$A$1,INT(ROW()/2)+1,COLUMN(CT!B5)-1),"") -> 02/PT | C9: =IF(MOD(ROW(),2)=1, OFFSET(CT!$A$1,INT(ROW()/2)+1,COLUMN(CT!C5)-1),"") -> Thu nợ lô hàng 212 | D9: =OFFSET(CT!$A$1,INT((ROW()+1)/2),IF(MOD(ROW(),2)=1,COLUMN(CT!$D$5)-1,COLUMN(CT!$E$5)-1)) -> 1111 | E9: =IF(MOD(ROW(),2)=1,OFFSET(CT!$A$1,INT(ROW()/2)+1,COLUMN(CT!$H$3)-1),0) -> 20000000 | F9: =IF(MOD(ROW(),2)=0,OFFSET(CT!$A$1,INT(ROW()/2),COLUMN(CT!$H$3)-1),0) -> 0 | G9: =IF(OFFSET(CT!$A$1,INT((ROW()+1)/2),COLUMN(CT!$N$3)-1)="No","False","True") -> False
A10: =IF(MOD(ROW(),2)=1, OFFSET(CT!$A$1,INT(ROW()/2)+1,COLUMN(CT!A6)-1),"") | B10: =IF(MOD(ROW(),2)=1, OFFSET(CT!$A$1,INT(ROW()/2)+1,COLUMN(CT!B6)-1),"") | C10: =IF(MOD(ROW(),2)=1, OFFSET(CT!$A$1,INT(ROW()/2)+1,COLUMN(CT!C6)-1),"") | D10: =OFFSET(CT!$A$1,INT((ROW()+1)/2),IF(MOD(ROW(),2)=1,COLUMN(CT!$D$5)-1,COLUMN(CT!$E$5)-1)) -> 1311.01 | E10: =IF(MOD(ROW(),2)=1,OFFSET(CT!$A$1,INT(ROW()/2)+1,COLUMN(CT!$H$3)-1),0) -> 0 | F10: =IF(MOD(ROW(),2)=0,OFFSET(CT!$A$1,INT(ROW()/2),COLUMN(CT!$H$3)-1),0) -> 20000000 | G10: =IF(OFFSET(CT!$A$1,INT((ROW()+1)/2),COLUMN(CT!$N$3)-1)="No","False","True") -> False
A11: =IF(MOD(ROW(),2)=1, OFFSET(CT!$A$1,INT(ROW()/2)+1,COLUMN(CT!A7)-1),"") -> 45295 | B11: =IF(MOD(ROW(),2)=1, OFFSET(CT!$A$1,INT(ROW()/2)+1,COLUMN(CT!B7)-1),"") -> 01/PC | C11: =IF(MOD(ROW(),2)=1, OFFSET(CT!$A$1,INT(ROW()/2)+1,COLUMN(CT!C7)-1),"") -> Chi tạm ứng cho Hồ Sĩ Nhật | D11: =OFFSET(CT!$A$1,INT((ROW()+1)/2),IF(MOD(ROW(),2)=1,COLUMN(CT!$D$5)-1,COLUMN(CT!$E$5)-1)) -> 141.0102 | E11: =IF(MOD(ROW(),2)=1,OFFSET(CT!$A$1,INT(ROW()/2)+1,COLUMN(CT!$H$3)-1),0) -> 2000000 | F11: =IF(MOD(ROW(),2)=0,OFFSET(CT!$A$1,INT(ROW()/2),COLUMN(CT!$H$3)-1),0) -> 0 | G11: =IF(OFFSET(CT!$A$1,INT((ROW()+1)/2),COLUMN(CT!$N$3)-1)="No","False","True") -> False
A12: =IF(MOD(ROW(),2)=1, OFFSET(CT!$A$1,INT(ROW()/2)+1,COLUMN(CT!A8)-1),"") | B12: =IF(MOD(ROW(),2)=1, OFFSET(CT!$A$1,INT(ROW()/2)+1,COLUMN(CT!B8)-1),"") | C12: =IF(MOD(ROW(),2)=1, OFFSET(CT!$A$1,INT(ROW()/2)+1,COLUMN(CT!C8)-1),"") | D12: =OFFSET(CT!$A$1,INT((ROW()+1)/2),IF(MOD(ROW(),2)=1,COLUMN(CT!$D$5)-1,COLUMN(CT!$E$5)-1)) -> 1111 | E12: =IF(MOD(ROW(),2)=1,OFFSET(CT!$A$1,INT(ROW()/2)+1,COLUMN(CT!$H$3)-1),0) -> 0 | F12: =IF(MOD(ROW(),2)=0,OFFSET(CT!$A$1,INT(ROW()/2),COLUMN(CT!$H$3)-1),0) -> 2000000 | G12: =IF(OFFSET(CT!$A$1,INT((ROW()+1)/2),COLUMN(CT!$N$3)-1)="No","False","True") -> False
A13: =IF(MOD(ROW(),2)=1, OFFSET(CT!$A$1,INT(ROW()/2)+1,COLUMN(CT!A9)-1),"") -> 45295 | B13: =IF(MOD(ROW(),2)=1, OFFSET(CT!$A$1,INT(ROW()/2)+1,COLUMN(CT!B9)-1),"") -> 01/NVL | C13: =IF(MOD(ROW(),2)=1, OFFSET(CT!$A$1,INT(ROW()/2)+1,COLUMN(CT!C9)-1),"") -> Thuế GTGT mua gỗ tràm bông vàng | D13: =OFFSET(CT!$A$1,INT((ROW()+1)/2),IF(MOD(ROW(),2)=1,COLUMN(CT!$D$5)-1,COLUMN(CT!$E$5)-1)) -> 1331 | E13: =IF(MOD(ROW(),2)=1,OFFSET(CT!$A$1,INT(ROW()/2)+1,COLUMN(CT!$H$3)-1),0) -> 1000000 | F13: =IF(MOD(ROW(),2)=0,OFFSET(CT!$A$1,INT(ROW()/2),COLUMN(CT!$H$3)-1),0) -> 0 | G13: =IF(OFFSET(CT!$A$1,INT((ROW()+1)/2),COLUMN(CT!$N$3)-1)="No","False","True") -> False
A14: =IF(MOD(ROW(),2)=1, OFFSET(CT!$A$1,INT(ROW()/2)+1,COLUMN(CT!A10)-1),"") | B14: =IF(MOD(ROW(),2)=1, OFFSET(CT!$A$1,INT(ROW()/2)+1,COLUMN(CT!B10)-1),"") | C14: =IF(MOD(ROW(),2)=1, OFFSET(CT!$A$1,INT(ROW()/2)+1,COLUMN(CT!C10)-1),"") | D14: =OFFSET(CT!$A$1,INT((ROW()+1)/2),IF(MOD(ROW(),2)=1,COLUMN(CT!$D$5)-1,COLUMN(CT!$E$5)-1)) -> 3311.02 | E14: =IF(MOD(ROW(),2)=1,OFFSET(CT!$A$1,INT(ROW()/2)+1,COLUMN(CT!$H$3)-1),0) -> 0 | F14: =IF(MOD(ROW(),2)=0,OFFSET(CT!$A$1,INT(ROW()/2),COLUMN(CT!$H$3)-1),0) -> 1000000 | G14: =IF(OFFSET(CT!$A$1,INT((ROW()+1)/2),COLUMN(CT!$N$3)-1)="No","False","True") -> False
A15: =IF(MOD(ROW(),2)=1, OFFSET(CT!$A$1,INT(ROW()/2)+1,COLUMN(CT!A11)-1),"") -> 45295 | B15: =IF(MOD(ROW(),2)=1, OFFSET(CT!$A$1,INT(ROW()/2)+1,COLUMN(CT!B11)-1),"") -> 01/NVL | C15: =IF(MOD(ROW(),2)=1, OFFSET(CT!$A$1,INT(ROW()/2)+1,COLUMN(CT!C11)-1),"") -> Mua gỗ tràm bông vàng | D15: =OFFSET(CT!$A$1,INT((ROW()+1)/2),IF(MOD(ROW(),2)=1,COLUMN(CT!$D$5)-1,COLUMN(CT!$E$5)-1)) -> 1521.0102 | E15: =IF(MOD(ROW(),2)=1,OFFSET(CT!$A$1,INT(ROW()/2)+1,COLUMN(CT!$H$3)-1),0) -> 22500000 | F15: =IF(MOD(ROW(),2)=0,OFFSET(CT!$A$1,INT(ROW()/2),COLUMN(CT!$H$3)-1),0) -> 0 | G15: =IF(OFFSET(CT!$A$1,INT((ROW()+1)/2),COLUMN(CT!$N$3)-1)="No","False","True") -> False
A16: =IF(MOD(ROW(),2)=1, OFFSET(CT!$A$1,INT(ROW()/2)+1,COLUMN(CT!A12)-1),"") | B16: =IF(MOD(ROW(),2)=1, OFFSET(CT!$A$1,INT(ROW()/2)+1,COLUMN(CT!B12)-1),"") | C16: =IF(MOD(ROW(),2)=1, OFFSET(CT!$A$1,INT(ROW()/2)+1,COLUMN(CT!C12)-1),"") | D16: =OFFSET(CT!$A$1,INT((ROW()+1)/2),IF(MOD(ROW(),2)=1,COLUMN(CT!$D$5)-1,COLUMN(CT!$E$5)-1)) -> 3311.02 | E16: =IF(MOD(ROW(),2)=1,OFFSET(CT!$A$1,INT(ROW()/2)+1,COLUMN(CT!$H$3)-1),0) -> 0 | F16: =IF(MOD(ROW(),2)=0,OFFSET(CT!$A$1,INT(ROW()/2),COLUMN(CT!$H$3)-1),0) -> 22500000 | G16: =IF(OFFSET(CT!$A$1,INT((ROW()+1)/2),COLUMN(CT!$N$3)-1)="No","False","True") -> False
A17: =IF(MOD(ROW(),2)=1, OFFSET(CT!$A$1,INT(ROW()/2)+1,COLUMN(CT!A13)-1),"") -> 45296 | B17: =IF(MOD(ROW(),2)=1, OFFSET(CT!$A$1,INT(ROW()/2)+1,COLUMN(CT!B13)-1),"") -> 02/PC | C17: =IF(MOD(ROW(),2)=1, OFFSET(CT!$A$1,INT(ROW()/2)+1,COLUMN(CT!C13)-1),"") -> Thuế GTGT mua VPP | D17: =OFFSET(CT!$A$1,INT((ROW()+1)/2),IF(MOD(ROW(),2)=1,COLUMN(CT!$D$5)-1,COLUMN(CT!$E$5)-1)) -> 1331 | E17: =IF(MOD(ROW(),2)=1,OFFSET(CT!$A$1,INT(ROW()/2)+1,COLUMN(CT!$H$3)-1),0) -> 100000 | F17: =IF(MOD(ROW(),2)=0,OFFSET(CT!$A$1,INT(ROW()/2),COLUMN(CT!$H$3)-1),0) -> 0 | G17: =IF(OFFSET(CT!$A$1,INT((ROW()+1)/2),COLUMN(CT!$N$3)-1)="No","False","True") -> False
A18: =IF(MOD(ROW(),2)=1, OFFSET(CT!$A$1,INT(ROW()/2)+1,COLUMN(CT!A14)-1),"") | B18: =IF(MOD(ROW(),2)=1, OFFSET(CT!$A$1,INT(ROW()/2)+1,COLUMN(CT!B14)-1),"") | C18: =IF(MOD(ROW(),2)=1, OFFSET(CT!$A$1,INT(ROW()/2)+1,COLUMN(CT!C14)-1),"") | D18: =OFFSET(CT!$A$1,INT((ROW()+1)/2),IF(MOD(ROW(),2)=1,COLUMN(CT!$D$5)-1,COLUMN(CT!$E$5)-1)) -> 1111 | E18: =IF(MOD(ROW(),2)=1,OFFSET(CT!$A$1,INT(ROW()/2)+1,COLUMN(CT!$H$3)-1),0) -> 0 | F18: =IF(MOD(ROW(),2)=0,OFFSET(CT!$A$1,INT(ROW()/2),COLUMN(CT!$H$3)-1),0) -> 100000 | G18: =IF(OFFSET(CT!$A$1,INT((ROW()+1)/2),COLUMN(CT!$N$3)-1)="No","False","True") -> False
... A284: =IF(MOD(ROW(),2)=1, OFFSET(CT!$A$1,INT(ROW()/2)+1,COLUMN(CT!A280)-1),"") | B284: =IF(MOD(ROW(),2)=1, OFFSET(CT!$A$1,INT(ROW()/2)+1,COLUMN(CT!B280)-1),"") | C284: =IF(MOD(ROW(),2)=1, OFFSET(CT!$A$1,INT(ROW()/2)+1,COLUMN(CT!C280)-1),"") | D284: =OFFSET(CT!$A$1,INT((ROW()+1)/2),IF(MOD(ROW(),2)=1,COLUMN(CT!$D$5)-1,COLUMN(CT!$E$5)-1)) -> 622.05 | E284: =IF(MOD(ROW(),2)=1,OFFSET(CT!$A$1,INT(ROW()/2)+1,COLUMN(CT!$H$3)-1),0) -> 0 | F284: =IF(MOD(ROW(),2)=0,OFFSET(CT!$A$1,INT(ROW()/2),COLUMN(CT!$H$3)-1),0) -> 48800000 | G284: =IF(OFFSET(CT!$A$1,INT((ROW()+1)/2),COLUMN(CT!$N$3)-1)="No","False","True") -> True
C285: TỔNG CỘNG: | E285: =SUBTOTAL(9,E7:E284) -> 1236801169 | F285: =SUBTOTAL(9,F7:F284) -> 1236801169

Sheet SC
D1: SỔ CÁI TÀI KHOẢN | F1: 111
D2: Tên tài khoản | E2: =VLOOKUP($F$1,HTTK1!$1:$1048576,COLUMN(HTTK1!C3),0) -> Tiền Mặt
A4: Chứng từ | C4: Diễn giải | D4: Tài khoản đối ứng | E4: Số phát sinh
A5: Ngày | B5: Số | E5: Nợ | F5: Có
C6: Số dư đầu kỳ: | E6: =VLOOKUP($F$1,HTTK1!$1:$1048576,COLUMN(HTTK1!E3),0) -> 400000000 | F6: =VLOOKUP($F$1,HTTK1!$1:$1048576,COLUMN(HTTK1!F5),0) -> 0
A7: 1 | B7: 2 | C7: 3 | D7: 4 | E7: 5 | F7: 6
A8: =IF(OR(LEFT(CT!D5,3)=SC!$F$1,LEFT(CT!E5,3)=SC!$F$1),CT!A5,"") -> 45293 | B8: =IF(OR(LEFT(CT!D5,3)=SC!$F$1,LEFT(CT!E5,3)=SC!$F$1),CT!B5,"") -> 01/PT | C8: =IF(OR(LEFT(CT!D5,3)=SC!$F$1,LEFT(CT!E5,3)=SC!$F$1),CT!C5,"") -> Thu nợ lô hàng 200 | D8: =IF(LEFT(CT!D5,3)=SC!$F$1,LEFT(CT!E5,3), IF(LEFT(CT!E5,3)=SC!$F$1,LEFT(CT!D5,3),"")) -> 131 | E8: =IF(LEFT(CT!D5,3)=SC!$F$1,CT!H5,0) -> 5000000 | F8: =IF(LEFT(CT!E5,3)=SC!$F$1,CT!H5,0) -> 0
A9: =IF(OR(LEFT(CT!D6,3)=SC!$F$1,LEFT(CT!E6,3)=SC!$F$1),CT!A6,"") -> 45293 | B9: =IF(OR(LEFT(CT!D6,3)=SC!$F$1,LEFT(CT!E6,3)=SC!$F$1),CT!B6,"") -> 02/PT | C9: =IF(OR(LEFT(CT!D6,3)=SC!$F$1,LEFT(CT!E6,3)=SC!$F$1),CT!C6,"") -> Thu nợ lô hàng 212 | D9: =IF(LEFT(CT!D6,3)=SC!$F$1,LEFT(CT!E6,3), IF(LEFT(CT!E6,3)=SC!$F$1,LEFT(CT!D6,3),"")) -> 131 | E9: =IF(LEFT(CT!D6,3)=SC!$F$1,CT!H6,0) -> 20000000 | F9: =IF(LEFT(CT!E6,3)=SC!$F$1,CT!H6,0) -> 0
A10: =IF(OR(LEFT(CT!D7,3)=SC!$F$1,LEFT(CT!E7,3)=SC!$F$1),CT!A7,"") -> 45295 | B10: =IF(OR(LEFT(CT!D7,3)=SC!$F$1,LEFT(CT!E7,3)=SC!$F$1),CT!B7,"") -> 01/PC | C10: =IF(OR(LEFT(CT!D7,3)=SC!$F$1,LEFT(CT!E7,3)=SC!$F$1),CT!C7,"") -> Chi tạm ứng cho Hồ Sĩ Nhật | D10: =IF(LEFT(CT!D7,3)=SC!$F$1,LEFT(CT!E7,3), IF(LEFT(CT!E7,3)=SC!$F$1,LEFT(CT!D7,3),"")) -> 141 | E10: =IF(LEFT(CT!D7,3)=SC!$F$1,CT!H7,0) -> 0 | F10: =IF(LEFT(CT!E7,3)=SC!$F$1,CT!H7,0) -> 2000000
A11: =IF(OR(LEFT(CT!D8,3)=SC!$F$1,LEFT(CT!E8,3)=SC!$F$1),CT!A8,"") | B11: =IF(OR(LEFT(CT!D8,3)=SC!$F$1,LEFT(CT!E8,3)=SC!$F$1),CT!B8,"") | C11: =IF(OR(LEFT(CT!D8,3)=SC!$F$1,LEFT(CT!E8,3)=SC!$F$1),CT!C8,"") | D11: =IF(LEFT(CT!D8,3)=SC!$F$1,LEFT(CT!E8,3), IF(LEFT(CT!E8,3)=SC!$F$1,LEFT(CT!D8,3),"")) | E11: =IF(LEFT(CT!D8,3)=SC!$F$1,CT!H8,0) -> 0 | F11: =IF(LEFT(CT!E8,3)=SC!$F$1,CT!H8,0) -> 0
A12: =IF(OR(LEFT(CT!D9,3)=SC!$F$1,LEFT(CT!E9,3)=SC!$F$1),CT!A9,"") | B12: =IF(OR(LEFT(CT!D9,3)=SC!$F$1,LEFT(CT!E9,3)=SC!$F$1),CT!B9,"") | C12: =IF(OR(LEFT(CT!D9,3)=SC!$F$1,LEFT(CT!E9,3)=SC!$F$1),CT!C9,"") | D12: =IF(LEFT(CT!D9,3)=SC!$F$1,LEFT(CT!E9,3), IF(LEFT(CT!E9,3)=SC!$F$1,LEFT(CT!D9,3),"")) | E12: =IF(LEFT(CT!D9,3)=SC!$F$1,CT!H9,0) -> 0 | F12: =IF(LEFT(CT!E9,3)=SC!$F$1,CT!H9,0) -> 0
A13: =IF(OR(LEFT(CT!D10,3)=SC!$F$1,LEFT(CT!E10,3)=SC!$F$1),CT!A10,"") -> 45296 | B13: =IF(OR(LEFT(CT!D10,3)=SC!$F$1,LEFT(CT!E10,3)=SC!$F$1),CT!B10,"") -> 02/PC | C13: =IF(OR(LEFT(CT!D10,3)=SC!$F$1,LEFT(CT!E10,3)=SC!$F$1),CT!C10,"") -> Thuế GTGT mua VPP | D13: =IF(LEFT(CT!D10,3)=SC!$F$1,LEFT(CT!E10,3), IF(LEFT(CT!E10,3)=SC!$F$1,LEFT(CT!D10,3),"")) -> 133 | E13: =IF(LEFT(CT!D10,3)=SC!$F$1,CT!H10,0) -> 0 | F13: =IF(LEFT(CT!E10,3)=SC!$F$1,CT!H10,0) -> 100000
A14: =IF(OR(LEFT(CT!D11,3)=SC!$F$1,LEFT(CT!E11,3)=SC!$F$1),CT!A11,"") -> 45296 | B14: =IF(OR(LEFT(CT!D11,3)=SC!$F$1,LEFT(CT!E11,3)=SC!$F$1),CT!B11,"") -> 02/PC | C14: =IF(OR(LEFT(CT!D11,3)=SC!$F$1,LEFT(CT!E11,3)=SC!$F$1),CT!C11,"") -> Mua VPP cho BPVP | D14: =IF(LEFT(CT!D11,3)=SC!$F$1,LEFT(CT!E11,3), IF(LEFT(CT!E11,3)=SC!$F$1,LEFT(CT!D11,3),"")) -> 642 | E14: =IF(LEFT(CT!D11,3)=SC!$F$1,CT!H11,0) -> 0 | F14: =IF(LEFT(CT!E11,3)=SC!$F$1,CT!H11,0) -> 1000000
A15: =IF(OR(LEFT(CT!D12,3)=SC!$F$1,LEFT(CT!E12,3)=SC!$F$1),CT!A12,"") | B15: =IF(OR(LEFT(CT!D12,3)=SC!$F$1,LEFT(CT!E12,3)=SC!$F$1),CT!B12,"") | C15: =IF(OR(LEFT(CT!D12,3)=SC!$F$1,LEFT(CT!E12,3)=SC!$F$1),CT!C12,"") | D15: =IF(LEFT(CT!D12,3)=SC!$F$1,LEFT(CT!E12,3), IF(LEFT(CT!E12,3)=SC!$F$1,LEFT(CT!D12,3),"")) | E15: =IF(LEFT(CT!D12,3)=SC!$F$1,CT!H12,0) -> 0 | F15: =IF(LEFT(CT!E12,3)=SC!$F$1,CT!H12,0) -> 0
A16: =IF(OR(LEFT(CT!D13,3)=SC!$F$1,LEFT(CT!E13,3)=SC!$F$1),CT!A13,"") | B16: =IF(OR(LEFT(CT!D13,3)=SC!$F$1,LEFT(CT!E13,3)=SC!$F$1),CT!B13,"") | C16: =IF(OR(LEFT(CT!D13,3)=SC!$F$1,LEFT(CT!E13,3)=SC!$F$1),CT!C13,"") | D16: =IF(LEFT(CT!D13,3)=SC!$F$1,LEFT(CT!E13,3), IF(LEFT(CT!E13,3)=SC!$F$1,LEFT(CT!D13,3),"")) | E16: =IF(LEFT(CT!D13,3)=SC!$F$1,CT!H13,0) -> 0 | F16: =IF(LEFT(CT!E13,3)=SC!$F$1,CT!H13,0) -> 0
A17: =IF(OR(LEFT(CT!D14,3)=SC!$F$1,LEFT(CT!E14,3)=SC!$F$1),CT!A14,"") | B17: =IF(OR(LEFT(CT!D14,3)=SC!$F$1,LEFT(CT!E14,3)=SC!$F$1),CT!B14,"") | C17: =IF(OR(LEFT(CT!D14,3)=SC!$F$1,LEFT(CT!E14,3)=SC!$F$1),CT!C14,"") | D17: =IF(LEFT(CT!D14,3)=SC!$F$1,LEFT(CT!E14,3), IF(LEFT(CT!E14,3)=SC!$F$1,LEFT(CT!D14,3),"")) | E17: =IF(LEFT(CT!D14,3)=SC!$F$1,CT!H14,0) -> 0 | F17: =IF(LEFT(CT!E14,3)=SC!$F$1,CT!H14,0) -> 0
A18: =IF(OR(LEFT(CT!D15,3)=SC!$F$1,LEFT(CT!E15,3)=SC!$F$1),CT!A15,"") | B18: =IF(OR(LEFT(CT!D15,3)=SC!$F$1,LEFT(CT!E15,3)=SC!$F$1),CT!B15,"") | C18: =IF(OR(LEFT(CT!D15,3)=SC!$F$1,LEFT(CT!E15,3)=SC!$F$1),CT!C15,"") | D18: =IF(LEFT(CT!D15,3)=SC!$F$1,LEFT(CT!E15,3), IF(LEFT(CT!E15,3)=SC!$F$1,LEFT(CT!D15,3),"")) | E18: =IF(LEFT(CT!D15,3)=SC!$F$1,CT!H15,0) -> 0 | F18: =IF(LEFT(CT!E15,3)=SC!$F$1,CT!H15,0) -> 0
A19: =IF(OR(LEFT(CT!D16,3)=SC!$F$1,LEFT(CT!E16,3)=SC!$F$1),CT!A16,"") | B19: =IF(OR(LEFT(CT!D16,3)=SC!$F$1,LEFT(CT!E16,3)=SC!$F$1),CT!B16,"") | C19: =IF(OR(LEFT(CT!D16,3)=SC!$F$1,LEFT(CT!E16,3)=SC!$F$1),CT!C16,"") | D19: =IF(LEFT(CT!D16,3)=SC!$F$1,LEFT(CT!E16,3), IF(LEFT(CT!E16,3)=SC!$F$1,LEFT(CT!D16,3),"")) | E19: =IF(LEFT(CT!D16,3)=SC!$F$1,CT!H16,0) -> 0 | F19: =IF(LEFT(CT!E16,3)=SC!$F$1,CT!H16,0) -> 0
... A146: =IF(OR(LEFT(CT!D143,3)=SC!$F$1,LEFT(CT!E143,3)=SC!$F$1),CT!A143,"") | B146: =IF(OR(LEFT(CT!D143,3)=SC!$F$1,LEFT(CT!E143,3)=SC!$F$1),CT!B143,"") | C146: =IF(OR(LEFT(CT!D143,3)=SC!$F$1,LEFT(CT!E143,3)=SC!$F$1),CT!C143,"") | D146: =IF(LEFT(CT!D143,3)=SC!$F$1,LEFT(CT!E143,3), IF(LEFT(CT!E143,3)=SC!$F$1,LEFT(CT!D143,3),"")) | E146: =IF(LEFT(CT!D143,3)=SC!$F$1,CT!H143,0) -> 0 | F146: =IF(LEFT(CT!E143,3)=SC!$F$1,CT!H143,0) -> 0
B147: =IF(OR(LEFT(CT!D144,3)=SC!$F$1,LEFT(CT!E144,3)=SC!$F$1),CT!B144,"") | D147: Tổng phát sinh: | E147: =SUM(E8:E146) -> 25200000 | F147: =SUM(F8:F146) -> 404100000
D148: Số dư cuối kỳ: | E148: =MAX(E6+E147-F6-F147,0) -> 21100000 | F148: =MAX(F6+F147-E6-E147,0) -> 0

Sheet SC NGÀY
A1: SỔ CÁI TÀI KHOẢN | F1: 111
D2: Tên tài khoản | E2: =VLOOKUP($F$1,HTTK1!$1:$1048576,COLUMN(HTTK1!C3),0) -> Tiền Mặt
C3: Từ ngày | D3: 45306 | E3: Đến ngày | F3: 45319
A4: Chứng từ | C4: Diễn giải | D4: Tài khoản đối ứng | E4: Số phát sinh
A5: Ngày | B5: Số | E5: Nợ | F5: Có
C6: Số dư đầu năm: | E6: =VLOOKUP($F$1,HTTK1!$A$5:$F$80,5,0) -> 400000000 | F6: =VLOOKUP($F$1,HTTK1!$A$5:$F$80,6,0) -> 0
C7: Lũy kế phát sinh: | E7: =SUMIFS(CT!$H$5:$H$143,CT!$A$5:$A$143,"<"&D3,CT!$D$5:$D$143,F1&"*") -> 25000000 | F7: =SUMIFS(CT!$H$5:$H$143,CT!$A$5:$A$143,"<"&D3,CT!$E$5:$E$143,F1&"*") -> 3100000
C8: Số dư đầu kỳ: | E8: =MAX(E6+E7-F6-F7,0) -> 421900000 | F8: =MAX(F6+F7-E6-E7,0) -> 0
A9: 1 | B9: 2 | C9: 3 | D9: 4 | E9: 5 | F9: 6 | G9: LỌC
A10: =IF(OR(LEFT(CT!D5,3)=SC!$F$1,LEFT(CT!E5,3)=SC!$F$1),CT!A5,"") -> 45293 | B10: =IF(OR(LEFT(CT!D5,3)=SC!$F$1,LEFT(CT!E5,3)=SC!$F$1),CT!B5,"") -> 01/PT | C10: =IF(OR(LEFT(CT!D5,3)=SC!$F$1,LEFT(CT!E5,3)=SC!$F$1),CT!C5,"") -> Thu nợ lô hàng 200 | D10: =IF(LEFT(CT!D5,3)=SC!$F$1,LEFT(CT!E5,3), IF(LEFT(CT!E5,3)=SC!$F$1,LEFT(CT!D5,3),"")) -> 131 | E10: =IF(LEFT(CT!D5,3)=SC!$F$1,CT!H5,0) -> 5000000 | F10: =IF(LEFT(CT!E5,3)=SC!$F$1,CT!H5,0) -> 0 | G10: =AND(A10>=$D$3,A10<=$F$3) -> FALSE
A11: =IF(OR(LEFT(CT!D6,3)=SC!$F$1,LEFT(CT!E6,3)=SC!$F$1),CT!A6,"") -> 45293 | B11: =IF(OR(LEFT(CT!D6,3)=SC!$F$1,LEFT(CT!E6,3)=SC!$F$1),CT!B6,"") -> 02/PT | C11: =IF(OR(LEFT(CT!D6,3)=SC!$F$1,LEFT(CT!E6,3)=SC!$F$1),CT!C6,"") -> Thu nợ lô hàng 212 | D11: =IF(LEFT(CT!D6,3)=SC!$F$1,LEFT(CT!E6,3), IF(LEFT(CT!E6,3)=SC!$F$1,LEFT(CT!D6,3),"")) -> 131 | E11: =IF(LEFT(CT!D6,3)=SC!$F$1,CT!H6,0) -> 20000000 | F11: =IF(LEFT(CT!E6,3)=SC!$F$1,CT!H6,0) -> 0 | G11: =AND(A11>=$D$3,A11<=$F$3) -> FALSE
A12: =IF(OR(LEFT(CT!D7,3)=SC!$F$1,LEFT(CT!E7,3)=SC!$F$1),CT!A7,"") -> 45295 | B12: =IF(OR(LEFT(CT!D7,3)=SC!$F$1,LEFT(CT!E7,3)=SC!$F$1),CT!B7,"") -> 01/PC | C12: =IF(OR(LEFT(CT!D7,3)=SC!$F$1,LEFT(CT!E7,3)=SC!$F$1),CT!C7,"") -> Chi tạm ứng cho Hồ Sĩ Nhật | D12: =IF(LEFT(CT!D7,3)=SC!$F$1,LEFT(CT!E7,3), IF(LEFT(CT!E7,3)=SC!$F$1,LEFT(CT!D7,3),"")) -> 141 | E12: =IF(LEFT(CT!D7,3)=SC!$F$1,CT!H7,0) -> 0 | F12: =IF(LEFT(CT!E7,3)=SC!$F$1,CT!H7,0) -> 2000000 | G12: =AND(A12>=$D$3,A12<=$F$3) -> FALSE
A13: =IF(OR(LEFT(CT!D8,3)=SC!$F$1,LEFT(CT!E8,3)=SC!$F$1),CT!A8,"") | B13: =IF(OR(LEFT(CT!D8,3)=SC!$F$1,LEFT(CT!E8,3)=SC!$F$1),CT!B8,"") | C13: =IF(OR(LEFT(CT!D8,3)=SC!$F$1,LEFT(CT!E8,3)=SC!$F$1),CT!C8,"") | D13: =IF(LEFT(CT!D8,3)=SC!$F$1,LEFT(CT!E8,3), IF(LEFT(CT!E8,3)=SC!$F$1,LEFT(CT!D8,3),"")) | E13: =IF(LEFT(CT!D8,3)=SC!$F$1,CT!H8,0) -> 0 | F13: =IF(LEFT(CT!E8,3)=SC!$F$1,CT!H8,0) -> 0 | G13: =AND(A13>=$D$3,A13<=$F$3) -> FALSE
A14: =IF(OR(LEFT(CT!D9,3)=SC!$F$1,LEFT(CT!E9,3)=SC!$F$1),CT!A9,"") | B14: =IF(OR(LEFT(CT!D9,3)=SC!$F$1,LEFT(CT!E9,3)=SC!$F$1),CT!B9,"") | C14: =IF(OR(LEFT(CT!D9,3)=SC!$F$1,LEFT(CT!E9,3)=SC!$F$1),CT!C9,"") | D14: =IF(LEFT(CT!D9,3)=SC!$F$1,LEFT(CT!E9,3), IF(LEFT(CT!E9,3)=SC!$F$1,LEFT(CT!D9,3),"")) | E14: =IF(LEFT(CT!D9,3)=SC!$F$1,CT!H9,0) -> 0 | F14: =IF(LEFT(CT!E9,3)=SC!$F$1,CT!H9,0) -> 0 | G14: =AND(A14>=$D$3,A14<=$F$3) -> FALSE
A15: =IF(OR(LEFT(CT!D10,3)=SC!$F$1,LEFT(CT!E10,3)=SC!$F$1),CT!A10,"") -> 45296 | B15: =IF(OR(LEFT(CT!D10,3)=SC!$F$1,LEFT(CT!E10,3)=SC!$F$1),CT!B10,"") -> 02/PC | C15: =IF(OR(LEFT(CT!D10,3)=SC!$F$1,LEFT(CT!E10,3)=SC!$F$1),CT!C10,"") -> Thuế GTGT mua VPP | D15: =IF(LEFT(CT!D10,3)=SC!$F$1,LEFT(CT!E10,3), IF(LEFT(CT!E10,3)=SC!$F$1,LEFT(CT!D10,3),"")) -> 133 | E15: =IF(LEFT(CT!D10,3)=SC!$F$1,CT!H10,0) -> 0 | F15: =IF(LEFT(CT!E10,3)=SC!$F$1,CT!H10,0) -> 100000 | G15: =AND(A15>=$D$3,A15<=$F$3) -> FALSE
A16: =IF(OR(LEFT(CT!D11,3)=SC!$F$1,LEFT(CT!E11,3)=SC!$F$1),CT!A11,"") -> 45296 | B16: =IF(OR(LEFT(CT!D11,3)=SC!$F$1,LEFT(CT!E11,3)=SC!$F$1),CT!B11,"") -> 02/PC | C16: =IF(OR(LEFT(CT!D11,3)=SC!$F$1,LEFT(CT!E11,3)=SC!$F$1),CT!C11,"") -> Mua VPP cho BPVP | D16: =IF(LEFT(CT!D11,3)=SC!$F$1,LEFT(CT!E11,3), IF(LEFT(CT!E11,3)=SC!$F$1,LEFT(CT!D11,3),"")) -> 642 | E16: =IF(LEFT(CT!D11,3)=SC!$F$1,CT!H11,0) -> 0 | F16: =IF(LEFT(CT!E11,3)=SC!$F$1,CT!H11,0) -> 1000000 | G16: =AND(A16>=$D$3,A16<=$F$3) -> FALSE
A17: =IF(OR(LEFT(CT!D12,3)=SC!$F$1,LEFT(CT!E12,3)=SC!$F$1),CT!A12,"") | B17: =IF(OR(LEFT(CT!D12,3)=SC!$F$1,LEFT(CT!E12,3)=SC!$F$1),CT!B12,"") | C17: =IF(OR(LEFT(CT!D12,3)=SC!$F$1,LEFT(CT!E12,3)=SC!$F$1),CT!C12,"") | D17: =IF(LEFT(CT!D12,3)=SC!$F$1,LEFT(CT!E12,3), IF(LEFT(CT!E12,3)=SC!$F$1,LEFT(CT!D12,3),"")) | E17: =IF(LEFT(CT!D12,3)=SC!$F$1,CT!H12,0) -> 0 | F17: =IF(LEFT(CT!E12,3)=SC!$F$1,CT!H12,0) -> 0 | G17: =AND(A17>=$D$3,A17<=$F$3) -> FALSE
A18: =IF(OR(LEFT(CT!D13,3)=SC!$F$1,LEFT(CT!E13,3)=SC!$F$1),CT!A13,"") | B18: =IF(OR(LEFT(CT!D13,3)=SC!$F$1,LEFT(CT!E13,3)=SC!$F$1),CT!B13,"") | C18: =IF(OR(LEFT(CT!D13,3)=SC!$F$1,LEFT(CT!E13,3)=SC!$F$1),CT!C13,"") | D18: =IF(LEFT(CT!D13,3)=SC!$F$1,LEFT(CT!E13,3), IF(LEFT(CT!E13,3)=SC!$F$1,LEFT(CT!D13,3),"")) | E18: =IF(LEFT(CT!D13,3)=SC!$F$1,CT!H13,0) -> 0 | F18: =IF(LEFT(CT!E13,3)=SC!$F$1,CT!H13,0) -> 0 | G18: =AND(A18>=$D$3,A18<=$F$3) -> FALSE
A19: =IF(OR(LEFT(CT!D14,3)=SC!$F$1,LEFT(CT!E14,3)=SC!$F$1),CT!A14,"") | B19: =IF(OR(LEFT(CT!D14,3)=SC!$F$1,LEFT(CT!E14,3)=SC!$F$1),CT!B14,"") | C19: =IF(OR(LEFT(CT!D14,3)=SC!$F$1,LEFT(CT!E14,3)=SC!$F$1),CT!C14,"") | D19: =IF(LEFT(CT!D14,3)=SC!$F$1,LEFT(CT!E14,3), IF(LEFT(CT!E14,3)=SC!$F$1,LEFT(CT!D14,3),"")) | E19: =IF(LEFT(CT!D14,3)=SC!$F$1,CT!H14,0) -> 0 | F19: =IF(LEFT(CT!E14,3)=SC!$F$1,CT!H14,0) -> 0 | G19: =AND(A19>=$D$3,A19<=$F$3) -> FALSE
A20: =IF(OR(LEFT(CT!D15,3)=SC!$F$1,LEFT(CT!E15,3)=SC!$F$1),CT!A15,"") | B20: =IF(OR(LEFT(CT!D15,3)=SC!$F$1,LEFT(CT!E15,3)=SC!$F$1),CT!B15,"") | C20: =IF(OR(LEFT(CT!D15,3)=SC!$F$1,LEFT(CT!E15,3)=SC!$F$1),CT!C15,"") | D20: =IF(LEFT(CT!D15,3)=SC!$F$1,LEFT(CT!E15,3), IF(LEFT(CT!E15,3)=SC!$F$1,LEFT(CT!D15,3),"")) | E20: =IF(LEFT(CT!D15,3)=SC!$F$1,CT!H15,0) -> 0 | F20: =IF(LEFT(CT!E15,3)=SC!$F$1,CT!H15,0) -> 0 | G20: =AND(A20>=$D$3,A20<=$F$3) -> FALSE
A21: =IF(OR(LEFT(CT!D16,3)=SC!$F$1,LEFT(CT!E16,3)=SC!$F$1),CT!A16,"") | B21: =IF(OR(LEFT(CT!D16,3)=SC!$F$1,LEFT(CT!E16,3)=SC!$F$1),CT!B16,"") | C21: =IF(OR(LEFT(CT!D16,3)=SC!$F$1,LEFT(CT!E16,3)=SC!$F$1),CT!C16,"") | D21: =IF(LEFT(CT!D16,3)=SC!$F$1,LEFT(CT!E16,3), IF(LEFT(CT!E16,3)=SC!$F$1,LEFT(CT!D16,3),"")) | E21: =IF(LEFT(CT!D16,3)=SC!$F$1,CT!H16,0) -> 0 | F21: =IF(LEFT(CT!E16,3)=SC!$F$1,CT!H16,0) -> 0 | G21: =AND(A21>=$D$3,A21<=$F$3) -> FALSE
... A148: =IF(OR(LEFT(CT!D143,3)=SC!$F$1,LEFT(CT!E143,3)=SC!$F$1),CT!A143,"") | B148: =IF(OR(LEFT(CT!D143,3)=SC!$F$1,LEFT(CT!E143,3)=SC!$F$1),CT!B143,"") | C148: =IF(OR(LEFT(CT!D143,3)=SC!$F$1,LEFT(CT!E143,3)=SC!$F$1),CT!C143,"") | D148: =IF(LEFT(CT!D143,3)=SC!$F$1,LEFT(CT!E143,3), IF(LEFT(CT!E143,3)=SC!$F$1,LEFT(CT!D143,3),"")) | E148: =IF(LEFT(CT!D143,3)=SC!$F$1,CT!H143,0) -> 0 | F148: =IF(LEFT(CT!E143,3)=SC!$F$1,CT!H143,0) -> 0 | G148: =AND(A148>=$D$3,A148<=$F$3) -> FALSE
D149: Tổng phát sinh: | E149: =SUM(E23:E59) -> 200000 | F149: =SUM(F23:F59) -> 401000000
D150: Số dư cuối kỳ: | E150: =MAX(E8+E149,F8-F149) -> 422100000 | F150: =MAX(F10+F11-E10-E11,0) -> 0

Sheet SCTTK
A1: SỔ CHI TIẾT TÀI KHOẢN | G1: 1111
E2: Tên tài khoản: | G2: =VLOOKUP(G1,DMTK!$B$5:$Q$263,3,0) -> Tiền Việt Nam
A4: Chứng từ | C4: Diễn giải | D4: Tài khoản đối ứng | E4: Số phát sinh | G4: Số dư
A5: Ngày | B5: Số | E5: Nợ | F5: Có | G5: Nợ | H5: Có
G6: =VLOOKUP(G1,DMTK!$B$5:$Q$263,10,0) -> 400000000 | H6: =VLOOKUP(G1,DMTK!$B$5:$Q$263,11,0) -> 0
A7: 1 | B7: 2 | C7: 3 | D7: 4 | E7: 5 | F7: 6 | G7: 7 | H7: 8
A8: =IF(OR(CT!D5=SCTTK!$G$1,CT!E5=SCTTK!$G$1),CT!$A5,"") -> 45293 | B8: =IF(OR(CT!D5=SCTTK!$G$1,CT!E5=SCTTK!$G$1),CT!$B5,"") -> 01/PT | C8: =IF(OR(CT!D5=SCTTK!$G$1,CT!E5=SCTTK!$G$1),CT!$C5,"") -> Thu nợ lô hàng 200 | D8: =IF(CT!D5=SCTTK!$G$1,CT!E5,IF(CT!E5=SCTTK!$G$1,CT!D5,"")) -> 1311.03 | E8: =IF(CT!D5=SCTTK!$G$1,CT!H5,0) -> 5000000 | F8: =IF(CT!E5=SCTTK!$G$1,CT!H5,0) -> 0 | G8: =IF(SUM(E8:F8)=0,0,MAX($G$6+SUM($E$8:E8)-$H$6-SUM($F$8:F8),0)) -> 405000000 | H8: =IF(SUM(E8:F8)=0,0,MAX($H$6+SUM($F$8:F8)-$G$6-SUM($E$8:E8),0)) -> 0
A9: =IF(OR(CT!D6=SCTTK!$G$1,CT!E6=SCTTK!$G$1),CT!$A6,"") -> 45293 | B9: =IF(OR(CT!D6=SCTTK!$G$1,CT!E6=SCTTK!$G$1),CT!$B6,"") -> 02/PT | C9: =IF(OR(CT!D6=SCTTK!$G$1,CT!E6=SCTTK!$G$1),CT!$C6,"") -> Thu nợ lô hàng 212 | D9: =IF(CT!D6=SCTTK!$G$1,CT!E6,IF(CT!E6=SCTTK!$G$1,CT!D6,"")) -> 1311.01 | E9: =IF(CT!D6=SCTTK!$G$1,CT!H6,0) -> 20000000 | F9: =IF(CT!E6=SCTTK!$G$1,CT!H6,0) -> 0 | G9: =IF(SUM(E9:F9)=0,0,MAX($G$6+SUM($E$8:E9)-$H$6-SUM($F$8:F9),0)) -> 425000000 | H9: =IF(SUM(E9:F9)=0,0,MAX($H$6+SUM($F$8:F9)-$G$6-SUM($E$8:E9),0)) -> 0
A10: =IF(OR(CT!D7=SCTTK!$G$1,CT!E7=SCTTK!$G$1),CT!$A7,"") -> 45295 | B10: =IF(OR(CT!D7=SCTTK!$G$1,CT!E7=SCTTK!$G$1),CT!$B7,"") -> 01/PC | C10: =IF(OR(CT!D7=SCTTK!$G$1,CT!E7=SCTTK!$G$1),CT!$C7,"") -> Chi tạm ứng cho Hồ Sĩ Nhật | D10: =IF(CT!D7=SCTTK!$G$1,CT!E7,IF(CT!E7=SCTTK!$G$1,CT!D7,"")) -> 141.0102 | E10: =IF(CT!D7=SCTTK!$G$1,CT!H7,0) -> 0 | F10: =IF(CT!E7=SCTTK!$G$1,CT!H7,0) -> 2000000 | G10: =IF(SUM(E10:F10)=0,0,MAX($G$6+SUM($E$8:E10)-$H$6-SUM($F$8:F10),0)) -> 423000000 | H10: =IF(SUM(E10:F10)=0,0,MAX($H$6+SUM($F$8:F10)-$G$6-SUM($E$8:E10),0)) -> 0
A11: =IF(OR(CT!D8=SCTTK!$G$1,CT!E8=SCTTK!$G$1),CT!$A8,"") | B11: =IF(OR(CT!D8=SCTTK!$G$1,CT!E8=SCTTK!$G$1),CT!$B8,"") | C11: =IF(OR(CT!D8=SCTTK!$G$1,CT!E8=SCTTK!$G$1),CT!$C8,"") | D11: =IF(CT!D8=SCTTK!$G$1,CT!E8,IF(CT!E8=SCTTK!$G$1,CT!D8,"")) | E11: =IF(CT!D8=SCTTK!$G$1,CT!H8,0) -> 0 | F11: =IF(CT!E8=SCTTK!$G$1,CT!H8,0) -> 0 | G11: =IF(SUM(E11:F11)=0,0,MAX($G$6+SUM($E$8:E11)-$H$6-SUM($F$8:F11),0)) -> 0 | H11: =IF(SUM(E11:F11)=0,0,MAX($H$6+SUM($F$8:F11)-$G$6-SUM($E$8:E11),0)) -> 0
A12: =IF(OR(CT!D9=SCTTK!$G$1,CT!E9=SCTTK!$G$1),CT!$A9,"") | B12: =IF(OR(CT!D9=SCTTK!$G$1,CT!E9=SCTTK!$G$1),CT!$B9,"") | C12: =IF(OR(CT!D9=SCTTK!$G$1,CT!E9=SCTTK!$G$1),CT!$C9,"") | D12: =IF(CT!D9=SCTTK!$G$1,CT!E9,IF(CT!E9=SCTTK!$G$1,CT!D9,"")) | E12: =IF(CT!D9=SCTTK!$G$1,CT!H9,0) -> 0 | F12: =IF(CT!E9=SCTTK!$G$1,CT!H9,0) -> 0 | G12: =IF(SUM(E12:F12)=0,0,MAX($G$6+SUM($E$8:E12)-$H$6-SUM($F$8:F12),0)) -> 0 | H12: =IF(SUM(E12:F12)=0,0,MAX($H$6+SUM($F$8:F12)-$G$6-SUM($E$8:E12),0)) -> 0
A13: =IF(OR(CT!D10=SCTTK!$G$1,CT!E10=SCTTK!$G$1),CT!$A10,"") -> 45296 | B13: =IF(OR(CT!D10=SCTTK!$G$1,CT!E10=SCTTK!$G$1),CT!$B10,"") -> 02/PC | C13: =IF(OR(CT!D10=SCTTK!$G$1,CT!E10=SCTTK!$G$1),CT!$C10,"") -> Thuế GTGT mua VPP | D13: =IF(CT!D10=SCTTK!$G$1,CT!E10,IF(CT!E10=SCTTK!$G$1,CT!D10,"")) -> 1331 | E13: =IF(CT!D10=SCTTK!$G$1,CT!H10,0) -> 0 | F13: =IF(CT!E10=SCTTK!$G$1,CT!H10,0) -> 100000 | G13: =IF(SUM(E13:F13)=0,0,MAX($G$6+SUM($E$8:E13)-$H$6-SUM($F$8:F13),0)) -> 422900000 | H13: =IF(SUM(E13:F13)=0,0,MAX($H$6+SUM($F$8:F13)-$G$6-SUM($E$8:E13),0)) -> 0
A14: =IF(OR(CT!D11=SCTTK!$G$1,CT!E11=SCTTK!$G$1),CT!$A11,"") -> 45296 | B14: =IF(OR(CT!D11=SCTTK!$G$1,CT!E11=SCTTK!$G$1),CT!$B11,"") -> 02/PC | C14: =IF(OR(CT!D11=SCTTK!$G$1,CT!E11=SCTTK!$G$1),CT!$C11,"") -> Mua VPP cho BPVP | D14: =IF(CT!D11=SCTTK!$G$1,CT!E11,IF(CT!E11=SCTTK!$G$1,CT!D11,"")) -> 6428 | E14: =IF(CT!D11=SCTTK!$G$1,CT!H11,0) -> 0 | F14: =IF(CT!E11=SCTTK!$G$1,CT!H11,0) -> 1000000 | G14: =IF(SUM(E14:F14)=0,0,MAX($G$6+SUM($E$8:E14)-$H$6-SUM($F$8:F14),0)) -> 421900000 | H14: =IF(SUM(E14:F14)=0,0,MAX($H$6+SUM($F$8:F14)-$G$6-SUM($E$8:E14),0)) -> 0
A15: =IF(OR(CT!D12=SCTTK!$G$1,CT!E12=SCTTK!$G$1),CT!$A12,"") | B15: =IF(OR(CT!D12=SCTTK!$G$1,CT!E12=SCTTK!$G$1),CT!$B12,"") | C15: =IF(OR(CT!D12=SCTTK!$G$1,CT!E12=SCTTK!$G$1),CT!$C12,"") | D15: =IF(CT!D12=SCTTK!$G$1,CT!E12,IF(CT!E12=SCTTK!$G$1,CT!D12,"")) | E15: =IF(CT!D12=SCTTK!$G$1,CT!H12,0) -> 0 | F15: =IF(CT!E12=SCTTK!$G$1,CT!H12,0) -> 0 | G15: =IF(SUM(E15:F15)=0,0,MAX($G$6+SUM($E$8:E15)-$H$6-SUM($F$8:F15),0)) -> 0 | H15: =IF(SUM(E15:F15)=0,0,MAX($H$6+SUM($F$8:F15)-$G$6-SUM($E$8:E15),0)) -> 0
A16: =IF(OR(CT!D13=SCTTK!$G$1,CT!E13=SCTTK!$G$1),CT!$A13,"") | B16: =IF(OR(CT!D13=SCTTK!$G$1,CT!E13=SCTTK!$G$1),CT!$B13,"") | C16: =IF(OR(CT!D13=SCTTK!$G$1,CT!E13=SCTTK!$G$1),CT!$C13,"") | D16: =IF(CT!D13=SCTTK!$G$1,CT!E13,IF(CT!E13=SCTTK!$G$1,CT!D13,"")) | E16: =IF(CT!D13=SCTTK!$G$1,CT!H13,0) -> 0 | F16: =IF(CT!E13=SCTTK!$G$1,CT!H13,0) -> 0 | G16: =IF(SUM(E16:F16)=0,0,MAX($G$6+SUM($E$8:E16)-$H$6-SUM($F$8:F16),0)) -> 0 | H16: =IF(SUM(E16:F16)=0,0,MAX($H$6+SUM($F$8:F16)-$G$6-SUM($E$8:E16),0)) -> 0
A17: =IF(OR(CT!D14=SCTTK!$G$1,CT!E14=SCTTK!$G$1),CT!$A14,"") | B17: =IF(OR(CT!D14=SCTTK!$G$1,CT!E14=SCTTK!$G$1),CT!$B14,"") | C17: =IF(OR(CT!D14=SCTTK!$G$1,CT!E14=SCTTK!$G$1),CT!$C14,"") | D17: =IF(CT!D14=SCTTK!$G$1,CT!E14,IF(CT!E14=SCTTK!$G$1,CT!D14,"")) | E17: =IF(CT!D14=SCTTK!$G$1,CT!H14,0) -> 0 | F17: =IF(CT!E14=SCTTK!$G$1,CT!H14,0) -> 0 | G17: =IF(SUM(E17:F17)=0,0,MAX($G$6+SUM($E$8:E17)-$H$6-SUM($F$8:F17),0)) -> 0 | H17: =IF(SUM(E17:F17)=0,0,MAX($H$6+SUM($F$8:F17)-$G$6-SUM($E$8:E17),0)) -> 0
A18: =IF(OR(CT!D15=SCTTK!$G$1,CT!E15=SCTTK!$G$1),CT!$A15,"") | B18: =IF(OR(CT!D15=SCTTK!$G$1,CT!E15=SCTTK!$G$1),CT!$B15,"") | C18: =IF(OR(CT!D15=SCTTK!$G$1,CT!E15=SCTTK!$G$1),CT!$C15,"") | D18: =IF(CT!D15=SCTTK!$G$1,CT!E15,IF(CT!E15=SCTTK!$G$1,CT!D15,"")) | E18: =IF(CT!D15=SCTTK!$G$1,CT!H15,0) -> 0 | F18: =IF(CT!E15=SCTTK!$G$1,CT!H15,0) -> 0 | G18: =IF(SUM(E18:F18)=0,0,MAX($G$6+SUM($E$8:E18)-$H$6-SUM($F$8:F18),0)) -> 0 | H18: =IF(SUM(E18:F18)=0,0,MAX($H$6+SUM($F$8:F18)-$G$6-SUM($E$8:E18),0)) -> 0
A19: =IF(OR(CT!D16=SCTTK!$G$1,CT!E16=SCTTK!$G$1),CT!$A16,"") | B19: =IF(OR(CT!D16=SCTTK!$G$1,CT!E16=SCTTK!$G$1),CT!$B16,"") | C19: =IF(OR(CT!D16=SCTTK!$G$1,CT!E16=SCTTK!$G$1),CT!$C16,"") | D19: =IF(CT!D16=SCTTK!$G$1,CT!E16,IF(CT!E16=SCTTK!$G$1,CT!D16,"")) | E19: =IF(CT!D16=SCTTK!$G$1,CT!H16,0) -> 0 | F19: =IF(CT!E16=SCTTK!$G$1,CT!H16,0) -> 0 | G19: =IF(SUM(E19:F19)=0,0,MAX($G$6+SUM($E$8:E19)-$H$6-SUM($F$8:F19),0)) -> 0 | H19: =IF(SUM(E19:F19)=0,0,MAX($H$6+SUM($F$8:F19)-$G$6-SUM($E$8:E19),0)) -> 0
... A146: =IF(OR(CT!D143=SCTTK!$G$1,CT!E143=SCTTK!$G$1),CT!$A143,"") | B146: =IF(OR(CT!D143=SCTTK!$G$1,CT!E143=SCTTK!$G$1),CT!$B143,"") | C146: =IF(OR(CT!D143=SCTTK!$G$1,CT!E143=SCTTK!$G$1),CT!$C143,"") | D146: =IF(CT!D143=SCTTK!$G$1,CT!E143,IF(CT!E143=SCTTK!$G$1,CT!D143,"")) | E146: =IF(CT!D143=SCTTK!$G$1,CT!H143,0) -> 0 | F146: =IF(CT!E143=SCTTK!$G$1,CT!H143,0) -> 0 | G146: =IF(SUM(E146:F146)=0,0,MAX($G$6+SUM($E$8:E146)-$H$6-SUM($F$8:F146),0)) -> 0 | H146: =IF(SUM(E146:F146)=0,0,MAX($H$6+SUM($F$8:F146)-$G$6-SUM($E$8:E146),0)) -> 0
C147: Tổng phát sinh: | E147: =SUM(E8:E146) -> 25200000 | F147: =SUM(F8:F146) -> 404100000
C148: Số dư cuối kỳ: | G148: =MAX(G6-H6+E147-F147,0) -> 21100000 | H148: =MAX(H6-G6+F147-E147,0) -> 0

Sheet SQTM 
A1: SỔ QUỸ TIỀN MẶT
D2: Số hiệu: | E2: 111
A4: Ngày | B4: Chứng từ | D4: Diễn giải | E4: Tài khoản đối ứng | F4: Số tiền
B5: Thu | C5: Chi | F5: Thu | G5: Chi | H5: Tồn
D6: Tồn quỹ đầu kỳ: | H6: =SUMIFS(DMTK!$F$5:$F$263, DMTK!$B$5:$B$263,'SQTM '!E2&"*") -> 400000000
A7: 1 | B7: 2 | C7: 3 | D7: 4 | E7: 5 | F7: 6 | G7: 7 | H7: 8
A8: =IF(OR(LEFT(CT!D5,3)='SQTM '!$E$2,LEFT(CT!E5,3)='SQTM '!$E$2),CT!A5,"") -> 45293 | B8: =IF(LEFT(CT!D5,3)='SQTM '!$E$2,CT!B5,"") -> 01/PT | C8: =IF(LEFT(CT!E5,3)='SQTM '!$E$2,CT!B5,"") | D8: =IF(OR(LEFT(CT!D5,3)='SQTM '!$E$2,LEFT(CT!E5,3)='SQTM '!$E$2),CT!C5,"") -> Thu nợ lô hàng 200 | E8: =IF(LEFT(CT!D5,3)='SQTM '!$E$2,LEFT(CT!E5,3),IF(LEFT(CT!E5,3)='SQTM '!$E$2,LEFT(CT!D5,3),"")) -> 131 | F8: =IF(LEFT(CT!D5,3)='SQTM '!$E$2,CT!H5,0) -> 5000000 | G8: =IF(LEFT(CT!E5,3)='SQTM '!$E$2,CT!H5,0) -> 0 | H8: =IF(SUM(F8:G8)=0,0,$H$6+SUM($F$8:F8)-SUM($G$8:G8)) -> 405000000
A9: =IF(OR(LEFT(CT!D6,3)='SQTM '!$E$2,LEFT(CT!E6,3)='SQTM '!$E$2),CT!A6,"") -> 45293 | B9: =IF(LEFT(CT!D6,3)='SQTM '!$E$2,CT!B6,"") -> 02/PT | C9: =IF(LEFT(CT!E6,3)='SQTM '!$E$2,CT!B6,"") | D9: =IF(OR(LEFT(CT!D6,3)='SQTM '!$E$2,LEFT(CT!E6,3)='SQTM '!$E$2),CT!C6,"") -> Thu nợ lô hàng 212 | E9: =IF(LEFT(CT!D6,3)='SQTM '!$E$2,LEFT(CT!E6,3),IF(LEFT(CT!E6,3)='SQTM '!$E$2,LEFT(CT!D6,3),"")) -> 131 | F9: =IF(LEFT(CT!D6,3)='SQTM '!$E$2,CT!H6,0) -> 20000000 | G9: =IF(LEFT(CT!E6,3)='SQTM '!$E$2,CT!H6,0) -> 0 | H9: =IF(SUM(F9:G9)=0,0,$H$6+SUM($F$8:F9)-SUM($G$8:G9)) -> 425000000
A10: =IF(OR(LEFT(CT!D7,3)='SQTM '!$E$2,LEFT(CT!E7,3)='SQTM '!$E$2),CT!A7,"") -> 45295 | B10: =IF(LEFT(CT!D7,3)='SQTM '!$E$2,CT!B7,"") | C10: =IF(LEFT(CT!E7,3)='SQTM '!$E$2,CT!B7,"") -> 01/PC | D10: =IF(OR(LEFT(CT!D7,3)='SQTM '!$E$2,LEFT(CT!E7,3)='SQTM '!$E$2),CT!C7,"") -> Chi tạm ứng cho Hồ Sĩ Nhật | E10: =IF(LEFT(CT!D7,3)='SQTM '!$E$2,LEFT(CT!E7,3),IF(LEFT(CT!E7,3)='SQTM '!$E$2,LEFT(CT!D7,3),"")) -> 141 | F10: =IF(LEFT(CT!D7,3)='SQTM '!$E$2,CT!H7,0) -> 0 | G10: =IF(LEFT(CT!E7,3)='SQTM '!$E$2,CT!H7,0) -> 2000000 | H10: =IF(SUM(F10:G10)=0,0,$H$6+SUM($F$8:F10)-SUM($G$8:G10)) -> 423000000
A11: =IF(OR(LEFT(CT!D8,3)='SQTM '!$E$2,LEFT(CT!E8,3)='SQTM '!$E$2),CT!A8,"") | B11: =IF(LEFT(CT!D8,3)='SQTM '!$E$2,CT!B8,"") | C11: =IF(LEFT(CT!E8,3)='SQTM '!$E$2,CT!B8,"") | D11: =IF(OR(LEFT(CT!D8,3)='SQTM '!$E$2,LEFT(CT!E8,3)='SQTM '!$E$2),CT!C8,"") | E11: =IF(LEFT(CT!D8,3)='SQTM '!$E$2,LEFT(CT!E8,3),IF(LEFT(CT!E8,3)='SQTM '!$E$2,LEFT(CT!D8,3),"")) | F11: =IF(LEFT(CT!D8,3)='SQTM '!$E$2,CT!H8,0) -> 0 | G11: =IF(LEFT(CT!E8,3)='SQTM '!$E$2,CT!H8,0) -> 0 | H11: =IF(SUM(F11:G11)=0,0,$H$6+SUM($F$8:F11)-SUM($G$8:G11)) -> 0
A12: =IF(OR(LEFT(CT!D9,3)='SQTM '!$E$2,LEFT(CT!E9,3)='SQTM '!$E$2),CT!A9,"") | B12: =IF(LEFT(CT!D9,3)='SQTM '!$E$2,CT!B9,"") | C12: =IF(LEFT(CT!E9,3)='SQTM '!$E$2,CT!B9,"") | D12: =IF(OR(LEFT(CT!D9,3)='SQTM '!$E$2,LEFT(CT!E9,3)='SQTM '!$E$2),CT!C9,"") | E12: =IF(LEFT(CT!D9,3)='SQTM '!$E$2,LEFT(CT!E9,3),IF(LEFT(CT!E9,3)='SQTM '!$E$2,LEFT(CT!D9,3),"")) | F12: =IF(LEFT(CT!D9,3)='SQTM '!$E$2,CT!H9,0) -> 0 | G12: =IF(LEFT(CT!E9,3)='SQTM '!$E$2,CT!H9,0) -> 0 | H12: =IF(SUM(F12:G12)=0,0,$H$6+SUM($F$8:F12)-SUM($G$8:G12)) -> 0
A13: =IF(OR(LEFT(CT!D10,3)='SQTM '!$E$2,LEFT(CT!E10,3)='SQTM '!$E$2),CT!A10,"") -> 45296 | B13: =IF(LEFT(CT!D10,3)='SQTM '!$E$2,CT!B10,"") | C13: =IF(LEFT(CT!E10,3)='SQTM '!$E$2,CT!B10,"") -> 02/PC | D13: =IF(OR(LEFT(CT!D10,3)='SQTM '!$E$2,LEFT(CT!E10,3)='SQTM '!$E$2),CT!C10,"") -> Thuế GTGT mua VPP | E13: =IF(LEFT(CT!D10,3)='SQTM '!$E$2,LEFT(CT!E10,3),IF(LEFT(CT!E10,3)='SQTM '!$E$2,LEFT(CT!D10,3),"")) -> 133 | F13: =IF(LEFT(CT!D10,3)='SQTM '!$E$2,CT!H10,0) -> 0 | G13: =IF(LEFT(CT!E10,3)='SQTM '!$E$2,CT!H10,0) -> 100000 | H13: =IF(SUM(F13:G13)=0,0,$H$6+SUM($F$8:F13)-SUM($G$8:G13)) -> 422900000
A14: =IF(OR(LEFT(CT!D11,3)='SQTM '!$E$2,LEFT(CT!E11,3)='SQTM '!$E$2),CT!A11,"") -> 45296 | B14: =IF(LEFT(CT!D11,3)='SQTM '!$E$2,CT!B11,"") | C14: =IF(LEFT(CT!E11,3)='SQTM '!$E$2,CT!B11,"") -> 02/PC | D14: =IF(OR(LEFT(CT!D11,3)='SQTM '!$E$2,LEFT(CT!E11,3)='SQTM '!$E$2),CT!C11,"") -> Mua VPP cho BPVP | E14: =IF(LEFT(CT!D11,3)='SQTM '!$E$2,LEFT(CT!E11,3),IF(LEFT(CT!E11,3)='SQTM '!$E$2,LEFT(CT!D11,3),"")) -> 642 | F14: =IF(LEFT(CT!D11,3)='SQTM '!$E$2,CT!H11,0) -> 0 | G14: =IF(LEFT(CT!E11,3)='SQTM '!$E$2,CT!H11,0) -> 1000000 | H14: =IF(SUM(F14:G14)=0,0,$H$6+SUM($F$8:F14)-SUM($G$8:G14)) -> 421900000
A15: =IF(OR(LEFT(CT!D12,3)='SQTM '!$E$2,LEFT(CT!E12,3)='SQTM '!$E$2),CT!A12,"") | B15: =IF(LEFT(CT!D12,3)='SQTM '!$E$2,CT!B12,"") | C15: =IF(LEFT(CT!E12,3)='SQTM '!$E$2,CT!B12,"") | D15: =IF(OR(LEFT(CT!D12,3)='SQTM '!$E$2,LEFT(CT!E12,3)='SQTM '!$E$2),CT!C12,"") | E15: =IF(LEFT(CT!D12,3)='SQTM '!$E$2,LEFT(CT!E12,3),IF(LEFT(CT!E12,3)='SQTM '!$E$2,LEFT(CT!D12,3),"")) | F15: =IF(LEFT(CT!D12,3)='SQTM '!$E$2,CT!H12,0) -> 0 | G15: =IF(LEFT(CT!E12,3)='SQTM '!$E$2,CT!H12,0) -> 0 | H15: =IF(SUM(F15:G15)=0,0,$H$6+SUM($F$8:F15)-SUM($G$8:G15)) -> 0
A16: =IF(OR(LEFT(CT!D13,3)='SQTM '!$E$2,LEFT(CT!E13,3)='SQTM '!$E$2),CT!A13,"") | B16: =IF(LEFT(CT!D13,3)='SQTM '!$E$2,CT!B13,"") | C16: =IF(LEFT(CT!E13,3)='SQTM '!$E$2,CT!B13,"") | D16: =IF(OR(LEFT(CT!D13,3)='SQTM '!$E$2,LEFT(CT!E13,3)='SQTM '!$E$2),CT!C13,"") | E16: =IF(LEFT(CT!D13,3)='SQTM '!$E$2,LEFT(CT!E13,3),IF(LEFT(CT!E13,3)='SQTM '!$E$2,LEFT(CT!D13,3),"")) | F16: =IF(LEFT(CT!D13,3)='SQTM '!$E$2,CT!H13,0) -> 0 | G16: =IF(LEFT(CT!E13,3)='SQTM '!$E$2,CT!H13,0) -> 0 | H16: =IF(SUM(F16:G16)=0,0,$H$6+SUM($F$8:F16)-SUM($G$8:G16)) -> 0
A17: =IF(OR(LEFT(CT!D14,3)='SQTM '!$E$2,LEFT(CT!E14,3)='SQTM '!$E$2),CT!A14,"") | B17: =IF(LEFT(CT!D14,3)='SQTM '!$E$2,CT!B14,"") | C17: =IF(LEFT(CT!E14,3)='SQTM '!$E$2,CT!B14,"") | D17: =IF(OR(LEFT(CT!D14,3)='SQTM '!$E$2,LEFT(CT!E14,3)='SQTM '!$E$2),CT!C14,"") | E17: =IF(LEFT(CT!D14,3)='SQTM '!$E$2,LEFT(CT!E14,3),IF(LEFT(CT!E14,3)='SQTM '!$E$2,LEFT(CT!D14,3),"")) | F17: =IF(LEFT(CT!D14,3)='SQTM '!$E$2,CT!H14,0) -> 0 | G17: =IF(LEFT(CT!E14,3)='SQTM '!$E$2,CT!H14,0) -> 0 | H17: =IF(SUM(F17:G17)=0,0,$H$6+SUM($F$8:F17)-SUM($G$8:G17)) -> 0
A18: =IF(OR(LEFT(CT!D15,3)='SQTM '!$E$2,LEFT(CT!E15,3)='SQTM '!$E$2),CT!A15,"") | B18: =IF(LEFT(CT!D15,3)='SQTM '!$E$2,CT!B15,"") | C18: =IF(LEFT(CT!E15,3)='SQTM '!$E$2,CT!B15,"") | D18: =IF(OR(LEFT(CT!D15,3)='SQTM '!$E$2,LEFT(CT!E15,3)='SQTM '!$E$2),CT!C15,"") | E18: =IF(LEFT(CT!D15,3)='SQTM '!$E$2,LEFT(CT!E15,3),IF(LEFT(CT!E15,3)='SQTM '!$E$2,LEFT(CT!D15,3),"")) | F18: =IF(LEFT(CT!D15,3)='SQTM '!$E$2,CT!H15,0) -> 0 | G18: =IF(LEFT(CT!E15,3)='SQTM '!$E$2,CT!H15,0) -> 0 | H18: =IF(SUM(F18:G18)=0,0,$H$6+SUM($F$8:F18)-SUM($G$8:G18)) -> 0
A19: =IF(OR(LEFT(CT!D16,3)='SQTM '!$E$2,LEFT(CT!E16,3)='SQTM '!$E$2),CT!A16,"") | B19: =IF(LEFT(CT!D16,3)='SQTM '!$E$2,CT!B16,"") | C19: =IF(LEFT(CT!E16,3)='SQTM '!$E$2,CT!B16,"") | D19: =IF(OR(LEFT(CT!D16,3)='SQTM '!$E$2,LEFT(CT!E16,3)='SQTM '!$E$2),CT!C16,"") | E19: =IF(LEFT(CT!D16,3)='SQTM '!$E$2,LEFT(CT!E16,3),IF(LEFT(CT!E16,3)='SQTM '!$E$2,LEFT(CT!D16,3),"")) | F19: =IF(LEFT(CT!D16,3)='SQTM '!$E$2,CT!H16,0) -> 0 | G19: =IF(LEFT(CT!E16,3)='SQTM '!$E$2,CT!H16,0) -> 0 | H19: =IF(SUM(F19:G19)=0,0,$H$6+SUM($F$8:F19)-SUM($G$8:G19)) -> 0
... A146: =IF(OR(LEFT(CT!D143,3)='SQTM '!$E$2,LEFT(CT!E143,3)='SQTM '!$E$2),CT!A143,"") | B146: =IF(LEFT(CT!D143,3)='SQTM '!$E$2,CT!B143,"") | C146: =IF(LEFT(CT!E143,3)='SQTM '!$E$2,CT!B143,"") | D146: =IF(OR(LEFT(CT!D143,3)='SQTM '!$E$2,LEFT(CT!E143,3)='SQTM '!$E$2),CT!C143,"") | E146: =IF(LEFT(CT!D143,3)='SQTM '!$E$2,LEFT(CT!E143,3),IF(LEFT(CT!E143,3)='SQTM '!$E$2,LEFT(CT!D143,3),"")) | F146: =IF(LEFT(CT!D143,3)='SQTM '!$E$2,CT!H143,0) -> 0 | G146: =IF(LEFT(CT!E143,3)='SQTM '!$E$2,CT!H143,0) -> 0 | H146: =IF(SUM(F146:G146)=0,0,$H$6+SUM($F$8:F146)-SUM($G$8:G146)) -> 0
D147: Tổng phát sinh: | F147: =SUM(F8:F146) -> 25200000 | G147: =SUM(G8:G146) -> 404100000
D148: Tồn quỹ cuối kỳ: | H148: =H6+F147-G147 -> 21100000

Sheet SQTM & TGNH NGÀY
A1: SỔ QUỸ TIỀN MẶT
D2: Số hiệu: | E2: 111
C3: Từ ngày | D3: 45306 | E3: Đến ngày | F3: 45322
A4: Ngày | B4: Chứng từ | D4: Diễn giải | E4: Tài khoản đối ứng | F4: Số tiền | I4: LỌC DỮ LIỆU
B5: Thu | C5: Chi | F5: Thu | G5: Chi | H5: Tồn
D6: Tồn quỹ đầu kỳ: | H6: =SUMIFS(DMTK!$F$5:$F$263, DMTK!$B$5:$B$263,'SQTM & TGNH NGÀY'!E2&"*") -> 400000000
D7: Lũy kế phát sinh: | F7: =SUMIFS(CT!$H$5:$H$143,CT!$A$5:$A$143,"<"&D3,CT!$D$5:$D$143,$E$2&"*") -> 25000000 | G7: =SUMIFS(CT!$H$5:$H$143,CT!$A$5:$A$143,"<"&D3,CT!$E$5:$E$143,$E$2&"*") -> 3100000
D8: Tồn quỹ đầu kỳ | H8: =MAX(H6+F7-G7) -> 421900000
A9: 1 | B9: 2 | C9: 3 | D9: 4 | E9: 5 | F9: 6 | G9: 7 | H9: 8 | I9: 9
A10: =IF(OR(LEFT(CT!D5,3)=$E$2,LEFT(CT!E5,3)=$E$2),CT!A5,"") -> 45293 | B10: =IF(LEFT(CT!D5,3)='SQTM & TGNH NGÀY'!$E$2,CT!B5,"") -> 01/PT | C10: =IF(LEFT(CT!E5,3)='SQTM & TGNH NGÀY'!$E$2,CT!B5,"") | D10: =IF(OR(LEFT(CT!D5,3)='SQTM & TGNH NGÀY'!$E$2,LEFT(CT!E5,3)='SQTM & TGNH NGÀY'!$E$2),CT!C5,"") -> Thu nợ lô hàng 200 | E10: =IF(LEFT(CT!D5,3)='SQTM & TGNH NGÀY'!$E$2,LEFT(CT!E5,3),IF(LEFT(CT!E5,3)='SQTM & TGNH NGÀY'!$E$2,LEFT(CT!D5,3),"")) -> 131 | F10: =IF(LEFT(CT!D5,3)='SQTM & TGNH NGÀY'!$E$2,CT!H5,0) -> 5000000 | G10: =IF(LEFT(CT!E5,3)='SQTM & TGNH NGÀY'!$E$2,CT!H5,0) -> 0 | H10: =IF(SUM(F10:G10)=0,0,$H$8+SUBTOTAL(9,$F$10:F10)-SUBTOTAL(9,$G$10:G10)) -> 421900000 | I10: =AND(A10>=$D$3,A10<=$F$3) -> FALSE
A11: =IF(OR(LEFT(CT!D6,3)=$E$2,LEFT(CT!E6,3)=$E$2),CT!A6,"") -> 45293 | B11: =IF(LEFT(CT!D6,3)='SQTM & TGNH NGÀY'!$E$2,CT!B6,"") -> 02/PT | C11: =IF(LEFT(CT!E6,3)='SQTM & TGNH NGÀY'!$E$2,CT!B6,"") | D11: =IF(OR(LEFT(CT!D6,3)='SQTM & TGNH NGÀY'!$E$2,LEFT(CT!E6,3)='SQTM & TGNH NGÀY'!$E$2),CT!C6,"") -> Thu nợ lô hàng 212 | E11: =IF(LEFT(CT!D6,3)='SQTM & TGNH NGÀY'!$E$2,LEFT(CT!E6,3),IF(LEFT(CT!E6,3)='SQTM & TGNH NGÀY'!$E$2,LEFT(CT!D6,3),"")) -> 131 | F11: =IF(LEFT(CT!D6,3)='SQTM & TGNH NGÀY'!$E$2,CT!H6,0) -> 20000000 | G11: =IF(LEFT(CT!E6,3)='SQTM & TGNH NGÀY'!$E$2,CT!H6,0) -> 0 | H11: =IF(SUM(F11:G11)=0,0,$H$8+SUBTOTAL(9,$F$10:F11)-SUBTOTAL(9,$G$10:G11)) -> 421900000 | I11: =AND(A11>=$D$3,A11<=$F$3) -> FALSE
A12: =IF(OR(LEFT(CT!D7,3)=$E$2,LEFT(CT!E7,3)=$E$2),CT!A7,"") -> 45295 | B12: =IF(LEFT(CT!D7,3)='SQTM & TGNH NGÀY'!$E$2,CT!B7,"") | C12: =IF(LEFT(CT!E7,3)='SQTM & TGNH NGÀY'!$E$2,CT!B7,"") -> 01/PC | D12: =IF(OR(LEFT(CT!D7,3)='SQTM & TGNH NGÀY'!$E$2,LEFT(CT!E7,3)='SQTM & TGNH NGÀY'!$E$2),CT!C7,"") -> Chi tạm ứng cho Hồ Sĩ Nhật | E12: =IF(LEFT(CT!D7,3)='SQTM & TGNH NGÀY'!$E$2,LEFT(CT!E7,3),IF(LEFT(CT!E7,3)='SQTM & TGNH NGÀY'!$E$2,LEFT(CT!D7,3),"")) -> 141 | F12: =IF(LEFT(CT!D7,3)='SQTM & TGNH NGÀY'!$E$2,CT!H7,0) -> 0 | G12: =IF(LEFT(CT!E7,3)='SQTM & TGNH NGÀY'!$E$2,CT!H7,0) -> 2000000 | H12: =IF(SUM(F12:G12)=0,0,$H$8+SUBTOTAL(9,$F$10:F12)-SUBTOTAL(9,$G$10:G12)) -> 421900000 | I12: =AND(A12>=$D$3,A12<=$F$3) -> FALSE
A13: =IF(OR(LEFT(CT!D8,3)=$E$2,LEFT(CT!E8,3)=$E$2),CT!A8,"") | B13: =IF(LEFT(CT!D8,3)='SQTM & TGNH NGÀY'!$E$2,CT!B8,"") | C13: =IF(LEFT(CT!E8,3)='SQTM & TGNH NGÀY'!$E$2,CT!B8,"") | D13: =IF(OR(LEFT(CT!D8,3)='SQTM & TGNH NGÀY'!$E$2,LEFT(CT!E8,3)='SQTM & TGNH NGÀY'!$E$2),CT!C8,"") | E13: =IF(LEFT(CT!D8,3)='SQTM & TGNH NGÀY'!$E$2,LEFT(CT!E8,3),IF(LEFT(CT!E8,3)='SQTM & TGNH NGÀY'!$E$2,LEFT(CT!D8,3),"")) | F13: =IF(LEFT(CT!D8,3)='SQTM & TGNH NGÀY'!$E$2,CT!H8,0) -> 0 | G13: =IF(LEFT(CT!E8,3)='SQTM & TGNH NGÀY'!$E$2,CT!H8,0) -> 0 | H13: =IF(SUM(F13:G13)=0,0,$H$8+SUBTOTAL(9,$F$10:F13)-SUBTOTAL(9,$G$10:G13)) -> 0 | I13: =AND(A13>=$D$3,A13<=$F$3) -> FALSE
A14: =IF(OR(LEFT(CT!D9,3)=$E$2,LEFT(CT!E9,3)=$E$2),CT!A9,"") | B14: =IF(LEFT(CT!D9,3)='SQTM & TGNH NGÀY'!$E$2,CT!B9,"") | C14: =IF(LEFT(CT!E9,3)='SQTM & TGNH NGÀY'!$E$2,CT!B9,"") | D14: =IF(OR(LEFT(CT!D9,3)='SQTM & TGNH NGÀY'!$E$2,LEFT(CT!E9,3)='SQTM & TGNH NGÀY'!$E$2),CT!C9,"") | E14: =IF(LEFT(CT!D9,3)='SQTM & TGNH NGÀY'!$E$2,LEFT(CT!E9,3),IF(LEFT(CT!E9,3)='SQTM & TGNH NGÀY'!$E$2,LEFT(CT!D9,3),"")) | F14: =IF(LEFT(CT!D9,3)='SQTM & TGNH NGÀY'!$E$2,CT!H9,0) -> 0 | G14: =IF(LEFT(CT!E9,3)='SQTM & TGNH NGÀY'!$E$2,CT!H9,0) -> 0 | H14: =IF(SUM(F14:G14)=0,0,$H$8+SUBTOTAL(9,$F$10:F14)-SUBTOTAL(9,$G$10:G14)) -> 0 | I14: =AND(A14>=$D$3,A14<=$F$3) -> FALSE
A15: =IF(OR(LEFT(CT!D10,3)=$E$2,LEFT(CT!E10,3)=$E$2),CT!A10,"") -> 45296 | B15: =IF(LEFT(CT!D10,3)='SQTM & TGNH NGÀY'!$E$2,CT!B10,"") | C15: =IF(LEFT(CT!E10,3)='SQTM & TGNH NGÀY'!$E$2,CT!B10,"") -> 02/PC | D15: =IF(OR(LEFT(CT!D10,3)='SQTM & TGNH NGÀY'!$E$2,LEFT(CT!E10,3)='SQTM & TGNH NGÀY'!$E$2),CT!C10,"") -> Thuế GTGT mua VPP | E15: =IF(LEFT(CT!D10,3)='SQTM & TGNH NGÀY'!$E$2,LEFT(CT!E10,3),IF(LEFT(CT!E10,3)='SQTM & TGNH NGÀY'!$E$2,LEFT(CT!D10,3),"")) -> 133 | F15: =IF(LEFT(CT!D10,3)='SQTM & TGNH NGÀY'!$E$2,CT!H10,0) -> 0 | G15: =IF(LEFT(CT!E10,3)='SQTM & TGNH NGÀY'!$E$2,CT!H10,0) -> 100000 | H15: =IF(SUM(F15:G15)=0,0,$H$8+SUBTOTAL(9,$F$10:F15)-SUBTOTAL(9,$G$10:G15)) -> 421900000 | I15: =AND(A15>=$D$3,A15<=$F$3) -> FALSE
A16: =IF(OR(LEFT(CT!D11,3)=$E$2,LEFT(CT!E11,3)=$E$2),CT!A11,"") -> 45296 | B16: =IF(LEFT(CT!D11,3)='SQTM & TGNH NGÀY'!$E$2,CT!B11,"") | C16: =IF(LEFT(CT!E11,3)='SQTM & TGNH NGÀY'!$E$2,CT!B11,"") -> 02/PC | D16: =IF(OR(LEFT(CT!D11,3)='SQTM & TGNH NGÀY'!$E$2,LEFT(CT!E11,3)='SQTM & TGNH NGÀY'!$E$2),CT!C11,"") -> Mua VPP cho BPVP | E16: =IF(LEFT(CT!D11,3)='SQTM & TGNH NGÀY'!$E$2,LEFT(CT!E11,3),IF(LEFT(CT!E11,3)='SQTM & TGNH NGÀY'!$E$2,LEFT(CT!D11,3),"")) -> 642 | F16: =IF(LEFT(CT!D11,3)='SQTM & TGNH NGÀY'!$E$2,CT!H11,0) -> 0 | G16: =IF(LEFT(CT!E11,3)='SQTM & TGNH NGÀY'!$E$2,CT!H11,0) -> 1000000 | H16: =IF(SUM(F16:G16)=0,0,$H$8+SUBTOTAL(9,$F$10:F16)-SUBTOTAL(9,$G$10:G16)) -> 421900000 | I16: =AND(A16>=$D$3,A16<=$F$3) -> FALSE
A17: =IF(OR(LEFT(CT!D12,3)=$E$2,LEFT(CT!E12,3)=$E$2),CT!A12,"") | B17: =IF(LEFT(CT!D12,3)='SQTM & TGNH NGÀY'!$E$2,CT!B12,"") | C17: =IF(LEFT(CT!E12,3)='SQTM & TGNH NGÀY'!$E$2,CT!B12,"") | D17: =IF(OR(LEFT(CT!D12,3)='SQTM & TGNH NGÀY'!$E$2,LEFT(CT!E12,3)='SQTM & TGNH NGÀY'!$E$2),CT!C12,"") | E17: =IF(LEFT(CT!D12,3)='SQTM & TGNH NGÀY'!$E$2,LEFT(CT!E12,3),IF(LEFT(CT!E12,3)='SQTM & TGNH NGÀY'!$E$2,LEFT(CT!D12,3),"")) | F17: =IF(LEFT(CT!D12,3)='SQTM & TGNH NGÀY'!$E$2,CT!H12,0) -> 0 | G17: =IF(LEFT(CT!E12,3)='SQTM & TGNH NGÀY'!$E$2,CT!H12,0) -> 0 | H17: =IF(SUM(F17:G17)=0,0,$H$8+SUBTOTAL(9,$F$10:F17)-SUBTOTAL(9,$G$10:G17)) -> 0 | I17: =AND(A17>=$D$3,A17<=$F$3) -> FALSE
A18: =IF(OR(LEFT(CT!D13,3)=$E$2,LEFT(CT!E13,3)=$E$2),CT!A13,"") | B18: =IF(LEFT(CT!D13,3)='SQTM & TGNH NGÀY'!$E$2,CT!B13,"") | C18: =IF(LEFT(CT!E13,3)='SQTM & TGNH NGÀY'!$E$2,CT!B13,"") | D18: =IF(OR(LEFT(CT!D13,3)='SQTM & TGNH NGÀY'!$E$2,LEFT(CT!E13,3)='SQTM & TGNH NGÀY'!$E$2),CT!C13,"") | E18: =IF(LEFT(CT!D13,3)='SQTM & TGNH NGÀY'!$E$2,LEFT(CT!E13,3),IF(LEFT(CT!E13,3)='SQTM & TGNH NGÀY'!$E$2,LEFT(CT!D13,3),"")) | F18: =IF(LEFT(CT!D13,3)='SQTM & TGNH NGÀY'!$E$2,CT!H13,0) -> 0 | G18: =IF(LEFT(CT!E13,3)='SQTM & TGNH NGÀY'!$E$2,CT!H13,0) -> 0 | H18: =IF(SUM(F18:G18)=0,0,$H$8+SUBTOTAL(9,$F$10:F18)-SUBTOTAL(9,$G$10:G18)) -> 0 | I18: =AND(A18>=$D$3,A18<=$F$3) -> FALSE
A19: =IF(OR(LEFT(CT!D14,3)=$E$2,LEFT(CT!E14,3)=$E$2),CT!A14,"") | B19: =IF(LEFT(CT!D14,3)='SQTM & TGNH NGÀY'!$E$2,CT!B14,"") | C19: =IF(LEFT(CT!E14,3)='SQTM & TGNH NGÀY'!$E$2,CT!B14,"") | D19: =IF(OR(LEFT(CT!D14,3)='SQTM & TGNH NGÀY'!$E$2,LEFT(CT!E14,3)='SQTM & TGNH NGÀY'!$E$2),CT!C14,"") | E19: =IF(LEFT(CT!D14,3)='SQTM & TGNH NGÀY'!$E$2,LEFT(CT!E14,3),IF(LEFT(CT!E14,3)='SQTM & TGNH NGÀY'!$E$2,LEFT(CT!D14,3),"")) | F19: =IF(LEFT(CT!D14,3)='SQTM & TGNH NGÀY'!$E$2,CT!H14,0) -> 0 | G19: =IF(LEFT(CT!E14,3)='SQTM & TGNH NGÀY'!$E$2,CT!H14,0) -> 0 | H19: =IF(SUM(F19:G19)=0,0,$H$8+SUBTOTAL(9,$F$10:F19)-SUBTOTAL(9,$G$10:G19)) -> 0 | I19: =AND(A19>=$D$3,A19<=$F$3) -> FALSE
A20: =IF(OR(LEFT(CT!D15,3)=$E$2,LEFT(CT!E15,3)=$E$2),CT!A15,"") | B20: =IF(LEFT(CT!D15,3)='SQTM & TGNH NGÀY'!$E$2,CT!B15,"") | C20: =IF(LEFT(CT!E15,3)='SQTM & TGNH NGÀY'!$E$2,CT!B15,"") | D20: =IF(OR(LEFT(CT!D15,3)='SQTM & TGNH NGÀY'!$E$2,LEFT(CT!E15,3)='SQTM & TGNH NGÀY'!$E$2),CT!C15,"") | E20: =IF(LEFT(CT!D15,3)='SQTM & TGNH NGÀY'!$E$2,LEFT(CT!E15,3),IF(LEFT(CT!E15,3)='SQTM & TGNH NGÀY'!$E$2,LEFT(CT!D15,3),"")) | F20: =IF(LEFT(CT!D15,3)='SQTM & TGNH NGÀY'!$E$2,CT!H15,0) -> 0 | G20: =IF(LEFT(CT!E15,3)='SQTM & TGNH NGÀY'!$E$2,CT!H15,0) -> 0 | H20: =IF(SUM(F20:G20)=0,0,$H$8+SUBTOTAL(9,$F$10:F20)-SUBTOTAL(9,$G$10:G20)) -> 0 | I20: =AND(A20>=$D$3,A20<=$F$3) -> FALSE
A21: =IF(OR(LEFT(CT!D16,3)=$E$2,LEFT(CT!E16,3)=$E$2),CT!A16,"") | B21: =IF(LEFT(CT!D16,3)='SQTM & TGNH NGÀY'!$E$2,CT!B16,"") | C21: =IF(LEFT(CT!E16,3)='SQTM & TGNH NGÀY'!$E$2,CT!B16,"") | D21: =IF(OR(LEFT(CT!D16,3)='SQTM & TGNH NGÀY'!$E$2,LEFT(CT!E16,3)='SQTM & TGNH NGÀY'!$E$2),CT!C16,"") | E21: =IF(LEFT(CT!D16,3)='SQTM & TGNH NGÀY'!$E$2,LEFT(CT!E16,3),IF(LEFT(CT!E16,3)='SQTM & TGNH NGÀY'!$E$2,LEFT(CT!D16,3),"")) | F21: =IF(LEFT(CT!D16,3)='SQTM & TGNH NGÀY'!$E$2,CT!H16,0) -> 0 | G21: =IF(LEFT(CT!E16,3)='SQTM & TGNH NGÀY'!$E$2,CT!H16,0) -> 0 | H21: =IF(SUM(F21:G21)=0,0,$H$8+SUBTOTAL(9,$F$10:F21)-SUBTOTAL(9,$G$10:G21)) -> 0 | I21: =AND(A21>=$D$3,A21<=$F$3) -> FALSE
... A148: =IF(OR(LEFT(CT!D143,3)=$E$2,LEFT(CT!E143,3)=$E$2),CT!A143,"") | B148: =IF(LEFT(CT!D143,3)='SQTM & TGNH NGÀY'!$E$2,CT!B143,"") | C148: =IF(LEFT(CT!E143,3)='SQTM & TGNH NGÀY'!$E$2,CT!B143,"") | D148: =IF(OR(LEFT(CT!D143,3)='SQTM & TGNH NGÀY'!$E$2,LEFT(CT!E143,3)='SQTM & TGNH NGÀY'!$E$2),CT!C143,"") | E148: =IF(LEFT(CT!D143,3)='SQTM & TGNH NGÀY'!$E$2,LEFT(CT!E143,3),IF(LEFT(CT!E143,3)='SQTM & TGNH NGÀY'!$E$2,LEFT(CT!D143,3),"")) | F148: =IF(LEFT(CT!D143,3)='SQTM & TGNH NGÀY'!$E$2,CT!H143,0) -> 0 | G148: =IF(LEFT(CT!E143,3)='SQTM & TGNH NGÀY'!$E$2,CT!H143,0) -> 0 | H148: =IF(SUM(F148:G148)=0,0,$H$8+SUBTOTAL(9,$F$10:F148)-SUBTOTAL(9,$G$10:G148)) -> 0 | I148: =AND(A148>=$D$3,A148<=$F$3) -> FALSE
D149: Tổng phát sinh: | F149: =SUBTOTAL(9,F10:F148) -> 200000 | G149: =SUBTOTAL(9,G10:G148) -> 401000000 | I149: TRUE
D150: Tồn quỹ cuối kỳ: | H150: =H8+F149-G149 -> 21100000 | I150: TRUE

Sheet SCTVTHH
A1: SỔ CHI TIẾT VẬT TƯ HÀNG HÓA
F2: Số hiệu tài khoản | G2: 1521.0101 | H2: Tên tài khoản | I2: =VLOOKUP(G2,DMTK!$B$5:$Q$263,3,0) -> Gỗ cao su
A4: Chứng từ | C4: Diễn giải | D4: Tài khoản đối ứng | E4: Đơn giá | F4: Nhập | H4: Xuất | J4: Tồn
A5: Ngày | B5: Số | F5: Số lượng | G5: Thành tiền | H5: Số lượng | I5: Thành tiền | J5: Số lượng | K5: Thành tiền
C6: Tồn đầu kỳ: | E6: =IF(J6<>0,K6/J6,0) -> 3300000 | J6: =VLOOKUP(G2,DMTK!$B$5:$Q$263,4,0) -> 10 | K6: =VLOOKUP(G2,DMTK!$B$5:$Q$263,5,0) -> 33000000
A7: 1 | B7: 2 | C7: 3 | D7: 4 | E7: 5 | F7: 6 | G7: 7 | H7: 8 | I7: 9 | J7: 10 | K7: 11
A8: =IF(OR(CT!D5=SCTVTHH!$G$2,CT!E5=SCTVTHH!$G$2),CT!A5,"") | B8: =IF(OR(CT!E5=SCTVTHH!$G$2,CT!E5=SCTVTHH!$G$2),CT!B5,"") | C8: =IF(OR(CT!F5=SCTVTHH!$G$2,CT!E5=SCTVTHH!$G$2),CT!C5,"") | D8: =IF(CT!D5=SCTVTHH!$G$2,CT!E5,IF(CT!E5=SCTVTHH!$G$2,CT!D5,"")) | E8: =IF(OR(CT!D5=SCTVTHH!$G$2,CT!E5=SCTVTHH!$G$2),CT!G5,0) -> 0 | F8: =IF(CT!D5=SCTVTHH!$G$2,CT!F5,0) -> 0 | G8: =IF(CT!D5=SCTVTHH!$G$2,CT!H5,0) -> 0 | H8: =IF(CT!E5=SCTVTHH!$G$2,CT!F5,0) -> 0 | I8: =IF(CT!E5=SCTVTHH!$G$2,CT!H5,0) -> 0 | J8: =IF(SUM(F8,H8)=0,0,$J$6+SUM($F$8:F8)-SUM($H$8:H8)) -> 0 | K8: =IF(SUM(G8,I8)=0,0,$K$6+SUM($H$8:H8)-SUM($J$8:J8)) -> 0
A9: =IF(OR(CT!D6=SCTVTHH!$G$2,CT!E6=SCTVTHH!$G$2),CT!A6,"") | B9: =IF(OR(CT!E6=SCTVTHH!$G$2,CT!E6=SCTVTHH!$G$2),CT!B6,"") | C9: =IF(OR(CT!F6=SCTVTHH!$G$2,CT!E6=SCTVTHH!$G$2),CT!C6,"") | D9: =IF(CT!D6=SCTVTHH!$G$2,CT!E6,IF(CT!E6=SCTVTHH!$G$2,CT!D6,"")) | E9: =IF(OR(CT!D6=SCTVTHH!$G$2,CT!E6=SCTVTHH!$G$2),CT!G6,0) -> 0 | F9: =IF(CT!D6=SCTVTHH!$G$2,CT!F6,0) -> 0 | G9: =IF(CT!D6=SCTVTHH!$G$2,CT!H6,0) -> 0 | H9: =IF(CT!E6=SCTVTHH!$G$2,CT!F6,0) -> 0 | I9: =IF(CT!E6=SCTVTHH!$G$2,CT!H6,0) -> 0 | J9: =IF(SUM(F9,H9)=0,0,$J$6+SUM($F$8:F9)-SUM($H$8:H9)) -> 0 | K9: =IF(SUM(G9,I9)=0,0,$K$6+SUM($H$8:H9)-SUM($J$8:J9)) -> 0
A10: =IF(OR(CT!D7=SCTVTHH!$G$2,CT!E7=SCTVTHH!$G$2),CT!A7,"") | B10: =IF(OR(CT!E7=SCTVTHH!$G$2,CT!E7=SCTVTHH!$G$2),CT!B7,"") | C10: =IF(OR(CT!F7=SCTVTHH!$G$2,CT!E7=SCTVTHH!$G$2),CT!C7,"") | D10: =IF(CT!D7=SCTVTHH!$G$2,CT!E7,IF(CT!E7=SCTVTHH!$G$2,CT!D7,"")) | E10: =IF(OR(CT!D7=SCTVTHH!$G$2,CT!E7=SCTVTHH!$G$2),CT!G7,0) -> 0 | F10: =IF(CT!D7=SCTVTHH!$G$2,CT!F7,0) -> 0 | G10: =IF(CT!D7=SCTVTHH!$G$2,CT!H7,0) -> 0 | H10: =IF(CT!E7=SCTVTHH!$G$2,CT!F7,0) -> 0 | I10: =IF(CT!E7=SCTVTHH!$G$2,CT!H7,0) -> 0 | J10: =IF(SUM(F10,H10)=0,0,$J$6+SUM($F$8:F10)-SUM($H$8:H10)) -> 0 | K10: =IF(SUM(G10,I10)=0,0,$K$6+SUM($H$8:H10)-SUM($J$8:J10)) -> 0
A11: =IF(OR(CT!D8=SCTVTHH!$G$2,CT!E8=SCTVTHH!$G$2),CT!A8,"") | B11: =IF(OR(CT!E8=SCTVTHH!$G$2,CT!E8=SCTVTHH!$G$2),CT!B8,"") | C11: =IF(OR(CT!F8=SCTVTHH!$G$2,CT!E8=SCTVTHH!$G$2),CT!C8,"") | D11: =IF(CT!D8=SCTVTHH!$G$2,CT!E8,IF(CT!E8=SCTVTHH!$G$2,CT!D8,"")) | E11: =IF(OR(CT!D8=SCTVTHH!$G$2,CT!E8=SCTVTHH!$G$2),CT!G8,0) -> 0 | F11: =IF(CT!D8=SCTVTHH!$G$2,CT!F8,0) -> 0 | G11: =IF(CT!D8=SCTVTHH!$G$2,CT!H8,0) -> 0 | H11: =IF(CT!E8=SCTVTHH!$G$2,CT!F8,0) -> 0 | I11: =IF(CT!E8=SCTVTHH!$G$2,CT!H8,0) -> 0 | J11: =IF(SUM(F11,H11)=0,0,$J$6+SUM($F$8:F11)-SUM($H$8:H11)) -> 0 | K11: =IF(SUM(G11,I11)=0,0,$K$6+SUM($H$8:H11)-SUM($J$8:J11)) -> 0
A12: =IF(OR(CT!D9=SCTVTHH!$G$2,CT!E9=SCTVTHH!$G$2),CT!A9,"") | B12: =IF(OR(CT!E9=SCTVTHH!$G$2,CT!E9=SCTVTHH!$G$2),CT!B9,"") | C12: =IF(OR(CT!F9=SCTVTHH!$G$2,CT!E9=SCTVTHH!$G$2),CT!C9,"") | D12: =IF(CT!D9=SCTVTHH!$G$2,CT!E9,IF(CT!E9=SCTVTHH!$G$2,CT!D9,"")) | E12: =IF(OR(CT!D9=SCTVTHH!$G$2,CT!E9=SCTVTHH!$G$2),CT!G9,0) -> 0 | F12: =IF(CT!D9=SCTVTHH!$G$2,CT!F9,0) -> 0 | G12: =IF(CT!D9=SCTVTHH!$G$2,CT!H9,0) -> 0 | H12: =IF(CT!E9=SCTVTHH!$G$2,CT!F9,0) -> 0 | I12: =IF(CT!E9=SCTVTHH!$G$2,CT!H9,0) -> 0 | J12: =IF(SUM(F12,H12)=0,0,$J$6+SUM($F$8:F12)-SUM($H$8:H12)) -> 0 | K12: =IF(SUM(G12,I12)=0,0,$K$6+SUM($H$8:H12)-SUM($J$8:J12)) -> 0
A13: =IF(OR(CT!D10=SCTVTHH!$G$2,CT!E10=SCTVTHH!$G$2),CT!A10,"") | B13: =IF(OR(CT!E10=SCTVTHH!$G$2,CT!E10=SCTVTHH!$G$2),CT!B10,"") | C13: =IF(OR(CT!F10=SCTVTHH!$G$2,CT!E10=SCTVTHH!$G$2),CT!C10,"") | D13: =IF(CT!D10=SCTVTHH!$G$2,CT!E10,IF(CT!E10=SCTVTHH!$G$2,CT!D10,"")) | E13: =IF(OR(CT!D10=SCTVTHH!$G$2,CT!E10=SCTVTHH!$G$2),CT!G10,0) -> 0 | F13: =IF(CT!D10=SCTVTHH!$G$2,CT!F10,0) -> 0 | G13: =IF(CT!D10=SCTVTHH!$G$2,CT!H10,0) -> 0 | H13: =IF(CT!E10=SCTVTHH!$G$2,CT!F10,0) -> 0 | I13: =IF(CT!E10=SCTVTHH!$G$2,CT!H10,0) -> 0 | J13: =IF(SUM(F13,H13)=0,0,$J$6+SUM($F$8:F13)-SUM($H$8:H13)) -> 0 | K13: =IF(SUM(G13,I13)=0,0,$K$6+SUM($H$8:H13)-SUM($J$8:J13)) -> 0
A14: =IF(OR(CT!D11=SCTVTHH!$G$2,CT!E11=SCTVTHH!$G$2),CT!A11,"") | B14: =IF(OR(CT!E11=SCTVTHH!$G$2,CT!E11=SCTVTHH!$G$2),CT!B11,"") | C14: =IF(OR(CT!F11=SCTVTHH!$G$2,CT!E11=SCTVTHH!$G$2),CT!C11,"") | D14: =IF(CT!D11=SCTVTHH!$G$2,CT!E11,IF(CT!E11=SCTVTHH!$G$2,CT!D11,"")) | E14: =IF(OR(CT!D11=SCTVTHH!$G$2,CT!E11=SCTVTHH!$G$2),CT!G11,0) -> 0 | F14: =IF(CT!D11=SCTVTHH!$G$2,CT!F11,0) -> 0 | G14: =IF(CT!D11=SCTVTHH!$G$2,CT!H11,0) -> 0 | H14: =IF(CT!E11=SCTVTHH!$G$2,CT!F11,0) -> 0 | I14: =IF(CT!E11=SCTVTHH!$G$2,CT!H11,0) -> 0 | J14: =IF(SUM(F14,H14)=0,0,$J$6+SUM($F$8:F14)-SUM($H$8:H14)) -> 0 | K14: =IF(SUM(G14,I14)=0,0,$K$6+SUM($H$8:H14)-SUM($J$8:J14)) -> 0
A15: =IF(OR(CT!D12=SCTVTHH!$G$2,CT!E12=SCTVTHH!$G$2),CT!A12,"") | B15: =IF(OR(CT!E12=SCTVTHH!$G$2,CT!E12=SCTVTHH!$G$2),CT!B12,"") | C15: =IF(OR(CT!F12=SCTVTHH!$G$2,CT!E12=SCTVTHH!$G$2),CT!C12,"") | D15: =IF(CT!D12=SCTVTHH!$G$2,CT!E12,IF(CT!E12=SCTVTHH!$G$2,CT!D12,"")) | E15: =IF(OR(CT!D12=SCTVTHH!$G$2,CT!E12=SCTVTHH!$G$2),CT!G12,0) -> 0 | F15: =IF(CT!D12=SCTVTHH!$G$2,CT!F12,0) -> 0 | G15: =IF(CT!D12=SCTVTHH!$G$2,CT!H12,0) -> 0 | H15: =IF(CT!E12=SCTVTHH!$G$2,CT!F12,0) -> 0 | I15: =IF(CT!E12=SCTVTHH!$G$2,CT!H12,0) -> 0 | J15: =IF(SUM(F15,H15)=0,0,$J$6+SUM($F$8:F15)-SUM($H$8:H15)) -> 0 | K15: =IF(SUM(G15,I15)=0,0,$K$6+SUM($H$8:H15)-SUM($J$8:J15)) -> 0
A16: =IF(OR(CT!D13=SCTVTHH!$G$2,CT!E13=SCTVTHH!$G$2),CT!A13,"") | B16: =IF(OR(CT!E13=SCTVTHH!$G$2,CT!E13=SCTVTHH!$G$2),CT!B13,"") | C16: =IF(OR(CT!F13=SCTVTHH!$G$2,CT!E13=SCTVTHH!$G$2),CT!C13,"") | D16: =IF(CT!D13=SCTVTHH!$G$2,CT!E13,IF(CT!E13=SCTVTHH!$G$2,CT!D13,"")) | E16: =IF(OR(CT!D13=SCTVTHH!$G$2,CT!E13=SCTVTHH!$G$2),CT!G13,0) -> 0 | F16: =IF(CT!D13=SCTVTHH!$G$2,CT!F13,0) -> 0 | G16: =IF(CT!D13=SCTVTHH!$G$2,CT!H13,0) -> 0 | H16: =IF(CT!E13=SCTVTHH!$G$2,CT!F13,0) -> 0 | I16: =IF(CT!E13=SCTVTHH!$G$2,CT!H13,0) -> 0 | J16: =IF(SUM(F16,H16)=0,0,$J$6+SUM($F$8:F16)-SUM($H$8:H16)) -> 0 | K16: =IF(SUM(G16,I16)=0,0,$K$6+SUM($H$8:H16)-SUM($J$8:J16)) -> 0
A17: =IF(OR(CT!D14=SCTVTHH!$G$2,CT!E14=SCTVTHH!$G$2),CT!A14,"") | B17: =IF(OR(CT!E14=SCTVTHH!$G$2,CT!E14=SCTVTHH!$G$2),CT!B14,"") | C17: =IF(OR(CT!F14=SCTVTHH!$G$2,CT!E14=SCTVTHH!$G$2),CT!C14,"") | D17: =IF(CT!D14=SCTVTHH!$G$2,CT!E14,IF(CT!E14=SCTVTHH!$G$2,CT!D14,"")) | E17: =IF(OR(CT!D14=SCTVTHH!$G$2,CT!E14=SCTVTHH!$G$2),CT!G14,0) -> 0 | F17: =IF(CT!D14=SCTVTHH!$G$2,CT!F14,0) -> 0 | G17: =IF(CT!D14=SCTVTHH!$G$2,CT!H14,0) -> 0 | H17: =IF(CT!E14=SCTVTHH!$G$2,CT!F14,0) -> 0 | I17: =IF(CT!E14=SCTVTHH!$G$2,CT!H14,0) -> 0 | J17: =IF(SUM(F17,H17)=0,0,$J$6+SUM($F$8:F17)-SUM($H$8:H17)) -> 0 | K17: =IF(SUM(G17,I17)=0,0,$K$6+SUM($H$8:H17)-SUM($J$8:J17)) -> 0
A18: =IF(OR(CT!D15=SCTVTHH!$G$2,CT!E15=SCTVTHH!$G$2),CT!A15,"") | B18: =IF(OR(CT!E15=SCTVTHH!$G$2,CT!E15=SCTVTHH!$G$2),CT!B15,"") | C18: =IF(OR(CT!F15=SCTVTHH!$G$2,CT!E15=SCTVTHH!$G$2),CT!C15,"") | D18: =IF(CT!D15=SCTVTHH!$G$2,CT!E15,IF(CT!E15=SCTVTHH!$G$2,CT!D15,"")) | E18: =IF(OR(CT!D15=SCTVTHH!$G$2,CT!E15=SCTVTHH!$G$2),CT!G15,0) -> 0 | F18: =IF(CT!D15=SCTVTHH!$G$2,CT!F15,0) -> 0 | G18: =IF(CT!D15=SCTVTHH!$G$2,CT!H15,0) -> 0 | H18: =IF(CT!E15=SCTVTHH!$G$2,CT!F15,0) -> 0 | I18: =IF(CT!E15=SCTVTHH!$G$2,CT!H15,0) -> 0 | J18: =IF(SUM(F18,H18)=0,0,$J$6+SUM($F$8:F18)-SUM($H$8:H18)) -> 0 | K18: =IF(SUM(G18,I18)=0,0,$K$6+SUM($H$8:H18)-SUM($J$8:J18)) -> 0
A19: =IF(OR(CT!D16=SCTVTHH!$G$2,CT!E16=SCTVTHH!$G$2),CT!A16,"") | B19: =IF(OR(CT!E16=SCTVTHH!$G$2,CT!E16=SCTVTHH!$G$2),CT!B16,"") | C19: =IF(OR(CT!F16=SCTVTHH!$G$2,CT!E16=SCTVTHH!$G$2),CT!C16,"") | D19: =IF(CT!D16=SCTVTHH!$G$2,CT!E16,IF(CT!E16=SCTVTHH!$G$2,CT!D16,"")) | E19: =IF(OR(CT!D16=SCTVTHH!$G$2,CT!E16=SCTVTHH!$G$2),CT!G16,0) -> 0 | F19: =IF(CT!D16=SCTVTHH!$G$2,CT!F16,0) -> 0 | G19: =IF(CT!D16=SCTVTHH!$G$2,CT!H16,0) -> 0 | H19: =IF(CT!E16=SCTVTHH!$G$2,CT!F16,0) -> 0 | I19: =IF(CT!E16=SCTVTHH!$G$2,CT!H16,0) -> 0 | J19: =IF(SUM(F19,H19)=0,0,$J$6+SUM($F$8:F19)-SUM($H$8:H19)) -> 0 | K19: =IF(SUM(G19,I19)=0,0,$K$6+SUM($H$8:H19)-SUM($J$8:J19)) -> 0
... A146: =IF(OR(CT!D143=SCTVTHH!$G$2,CT!E143=SCTVTHH!$G$2),CT!A143,"") | B146: =IF(OR(CT!E143=SCTVTHH!$G$2,CT!E143=SCTVTHH!$G$2),CT!B143,"") | C146: =IF(OR(CT!F143=SCTVTHH!$G$2,CT!E143=SCTVTHH!$G$2),CT!C143,"") | D146: =IF(CT!D143=SCTVTHH!$G$2,CT!E143,IF(CT!E143=SCTVTHH!$G$2,CT!D143,"")) | E146: =IF(OR(CT!D143=SCTVTHH!$G$2,CT!E143=SCTVTHH!$G$2),CT!G143,0) -> 0 | F146: =IF(CT!D143=SCTVTHH!$G$2,CT!F143,0) -> 0 | G146: =IF(CT!D143=SCTVTHH!$G$2,CT!H143,0) -> 0 | H146: =IF(CT!E143=SCTVTHH!$G$2,CT!F143,0) -> 0 | I146: =IF(CT!E143=SCTVTHH!$G$2,CT!H143,0) -> 0 | J146: =IF(SUM(F146,H146)=0,0,$J$6+SUM($F$8:F146)-SUM($H$8:H146)) -> 0 | K146: =IF(SUM(G146,I146)=0,0,$K$6+SUM($H$8:H146)-SUM($J$8:J146)) -> 0
C147: Tổng phát sinh: | F147: =SUBTOTAL(9,F8:F146) -> 0 | G147: =SUBTOTAL(9,G8:G146) -> 0 | H147: =SUBTOTAL(9,H8:H146) -> 4 | I147: =SUBTOTAL(9,I8:I146) -> 13200000
C148: Tồn cuối kỳ: | E148: =IF(J148<>0,K148/J148,0) -> 3300000 | J148: =J6+F147-H147 -> 6 | K148: =K6+G147-I147 -> 19800000

Sheet SCTVTHH NGÀY
A1: SỔ CHI TIẾT VẬT TƯ HÀNG HÓA
F2: Số hiệu tài khoản: | G2: 1521.0101 | H2: Tên tài khoản: | I2: =VLOOKUP(G2,DMTK!$B$5:$Q$263,3,0) -> Gỗ cao su
C3: Từ ngày | D3: 45306 | E3: Đến ngày | F3: 45321
A4: Chứng từ | C4: Diễn giải | D4: Tài khoản đối ứng | E4: Đơn giá | F4: Nhập | H4: Xuất | J4: Tồn | L4: Lọc dữ liệu
A5: Ngày | B5: Số | F5: Số lượng | G5: Thành tiền | H5: Số lượng | I5: Thành tiền | J5: Số lượng | K5: Thành tiền
C6: Số dư đầu năm: | J6: =VLOOKUP(G2,DMTK!$B$5:$Q$263,4,0) -> 10 | K6: =VLOOKUP(G2,DMTK!$B$5:$Q$263,5,0) -> 33000000
C7: Lũy kế phát sinh: | F7: =SUMIFS(CT!$F$5:$F$143,CT!$A$5:$A$143,"<"&F3,CT!$D$5:$D$143,$G$2&"*") -> 0 | G7: =SUMIFS(CT!$H$5:$H$143,CT!$A$5:$A$143,"<"&F3,CT!$D$5:$D$143,$G$2&"*") -> 0 | H7: =SUMIFS(CT!$F$5:$F$143,CT!$A$5:$A$143,"<"&F3,CT!$E$5:$E$143,$G$2&"*") -> 4 | I7: =SUMIFS(CT!$H$5:$H$143,CT!$A$5:$A$143,"<"&F3,CT!$E$5:$E$143,$G$2&"*") -> 13200000
C8: Tồn đầu kỳ: | J8: =J6+F7 -> 10 | K8: =K6+G7 -> 33000000
A9: 1 | B9: 2 | C9: 3 | D9: 4 | E9: 5 | F9: 6 | G9: 7 | H9: 8 | I9: 9 | J9: 10 | K9: 11 | L9: 12
A10: =IF(OR(CT!D5='SCTVTHH NGÀY'!$G$2,CT!E5='SCTVTHH NGÀY'!$G$2),CT!A5,"") | B10: =IF(OR(CT!E5='SCTVTHH NGÀY'!$G$2,CT!E5='SCTVTHH NGÀY'!$G$2),CT!B5,"") | C10: =IF(OR(CT!F5='SCTVTHH NGÀY'!$G$2,CT!E5='SCTVTHH NGÀY'!$G$2),CT!C5,"") | D10: =IF(CT!D5='SCTVTHH NGÀY'!$G$2,CT!E5,IF(CT!E5='SCTVTHH NGÀY'!$G$2,CT!D5,"")) | E10: =IF(OR(CT!D1='SCTVTHH NGÀY'!$G$2,CT!E1='SCTVTHH NGÀY'!$G$2),CT!G1,0) -> 0 | F10: =IF(CT!D5='SCTVTHH NGÀY'!$G$2,CT!F5,0) -> 0 | G10: =IF(CT!D5='SCTVTHH NGÀY'!$G$2,CT!H5,0) -> 0 | H10: =IF(CT!E5='SCTVTHH NGÀY'!$G$2,CT!F5,0) -> 0 | I10: =IF(CT!E5='SCTVTHH NGÀY'!$G$2,CT!H5,0) -> 0 | J10: =IF(SUM(F10,H10)=0,0,$J$8+SUBTOTAL(9,$F$10:F10)-SUBTOTAL(9,$H$10:H10)) -> 0 | K10: =IF(SUM(G10,I10)=0,0,$K$8+SUBTOTAL(9,$G$10:G10)-SUBTOTAL(9,$I$10:I10)) -> 0 | L10: =AND(A10>=$D$3,A10<=$F$3) -> FALSE
A11: =IF(OR(CT!D6='SCTVTHH NGÀY'!$G$2,CT!E6='SCTVTHH NGÀY'!$G$2),CT!A6,"") | B11: =IF(OR(CT!E6='SCTVTHH NGÀY'!$G$2,CT!E6='SCTVTHH NGÀY'!$G$2),CT!B6,"") | C11: =IF(OR(CT!F6='SCTVTHH NGÀY'!$G$2,CT!E6='SCTVTHH NGÀY'!$G$2),CT!C6,"") | D11: =IF(CT!D6='SCTVTHH NGÀY'!$G$2,CT!E6,IF(CT!E6='SCTVTHH NGÀY'!$G$2,CT!D6,"")) | E11: =IF(OR(CT!D2='SCTVTHH NGÀY'!$G$2,CT!E2='SCTVTHH NGÀY'!$G$2),CT!G2,0) -> 0 | F11: =IF(CT!D6='SCTVTHH NGÀY'!$G$2,CT!F6,0) -> 0 | G11: =IF(CT!D6='SCTVTHH NGÀY'!$G$2,CT!H6,0) -> 0 | H11: =IF(CT!E6='SCTVTHH NGÀY'!$G$2,CT!F6,0) -> 0 | I11: =IF(CT!E6='SCTVTHH NGÀY'!$G$2,CT!H6,0) -> 0 | J11: =IF(SUM(F11,H11)=0,0,$J$8+SUBTOTAL(9,$F$10:F11)-SUBTOTAL(9,$H$10:H11)) -> 0 | K11: =IF(SUM(G11,I11)=0,0,$K$8+SUBTOTAL(9,$G$10:G11)-SUBTOTAL(9,$I$10:I11)) -> 0 | L11: =AND(A11>=$D$3,A11<=$F$3) -> FALSE
A12: =IF(OR(CT!D7='SCTVTHH NGÀY'!$G$2,CT!E7='SCTVTHH NGÀY'!$G$2),CT!A7,"") | B12: =IF(OR(CT!E7='SCTVTHH NGÀY'!$G$2,CT!E7='SCTVTHH NGÀY'!$G$2),CT!B7,"") | C12: =IF(OR(CT!F7='SCTVTHH NGÀY'!$G$2,CT!E7='SCTVTHH NGÀY'!$G$2),CT!C7,"") | D12: =IF(CT!D7='SCTVTHH NGÀY'!$G$2,CT!E7,IF(CT!E7='SCTVTHH NGÀY'!$G$2,CT!D7,"")) | E12: =IF(OR(CT!D3='SCTVTHH NGÀY'!$G$2,CT!E3='SCTVTHH NGÀY'!$G$2),CT!G3,0) -> 0 | F12: =IF(CT!D7='SCTVTHH NGÀY'!$G$2,CT!F7,0) -> 0 | G12: =IF(CT!D7='SCTVTHH NGÀY'!$G$2,CT!H7,0) -> 0 | H12: =IF(CT!E7='SCTVTHH NGÀY'!$G$2,CT!F7,0) -> 0 | I12: =IF(CT!E7='SCTVTHH NGÀY'!$G$2,CT!H7,0) -> 0 | J12: =IF(SUM(F12,H12)=0,0,$J$8+SUBTOTAL(9,$F$10:F12)-SUBTOTAL(9,$H$10:H12)) -> 0 | K12: =IF(SUM(G12,I12)=0,0,$K$8+SUBTOTAL(9,$G$10:G12)-SUBTOTAL(9,$I$10:I12)) -> 0 | L12: =AND(A12>=$D$3,A12<=$F$3) -> FALSE
A13: =IF(OR(CT!D8='SCTVTHH NGÀY'!$G$2,CT!E8='SCTVTHH NGÀY'!$G$2),CT!A8,"") | B13: =IF(OR(CT!E8='SCTVTHH NGÀY'!$G$2,CT!E8='SCTVTHH NGÀY'!$G$2),CT!B8,"") | C13: =IF(OR(CT!F8='SCTVTHH NGÀY'!$G$2,CT!E8='SCTVTHH NGÀY'!$G$2),CT!C8,"") | D13: =IF(CT!D8='SCTVTHH NGÀY'!$G$2,CT!E8,IF(CT!E8='SCTVTHH NGÀY'!$G$2,CT!D8,"")) | E13: =IF(OR(CT!D4='SCTVTHH NGÀY'!$G$2,CT!E4='SCTVTHH NGÀY'!$G$2),CT!G4,0) -> 0 | F13: =IF(CT!D8='SCTVTHH NGÀY'!$G$2,CT!F8,0) -> 0 | G13: =IF(CT!D8='SCTVTHH NGÀY'!$G$2,CT!H8,0) -> 0 | H13: =IF(CT!E8='SCTVTHH NGÀY'!$G$2,CT!F8,0) -> 0 | I13: =IF(CT!E8='SCTVTHH NGÀY'!$G$2,CT!H8,0) -> 0 | J13: =IF(SUM(F13,H13)=0,0,$J$8+SUBTOTAL(9,$F$10:F13)-SUBTOTAL(9,$H$10:H13)) -> 0 | K13: =IF(SUM(G13,I13)=0,0,$K$8+SUBTOTAL(9,$G$10:G13)-SUBTOTAL(9,$I$10:I13)) -> 0 | L13: =AND(A13>=$D$3,A13<=$F$3) -> FALSE
A14: =IF(OR(CT!D9='SCTVTHH NGÀY'!$G$2,CT!E9='SCTVTHH NGÀY'!$G$2),CT!A9,"") | B14: =IF(OR(CT!E9='SCTVTHH NGÀY'!$G$2,CT!E9='SCTVTHH NGÀY'!$G$2),CT!B9,"") | C14: =IF(OR(CT!F9='SCTVTHH NGÀY'!$G$2,CT!E9='SCTVTHH NGÀY'!$G$2),CT!C9,"") | D14: =IF(CT!D9='SCTVTHH NGÀY'!$G$2,CT!E9,IF(CT!E9='SCTVTHH NGÀY'!$G$2,CT!D9,"")) | E14: =IF(OR(CT!D5='SCTVTHH NGÀY'!$G$2,CT!E5='SCTVTHH NGÀY'!$G$2),CT!G5,0) -> 0 | F14: =IF(CT!D9='SCTVTHH NGÀY'!$G$2,CT!F9,0) -> 0 | G14: =IF(CT!D9='SCTVTHH NGÀY'!$G$2,CT!H9,0) -> 0 | H14: =IF(CT!E9='SCTVTHH NGÀY'!$G$2,CT!F9,0) -> 0 | I14: =IF(CT!E9='SCTVTHH NGÀY'!$G$2,CT!H9,0) -> 0 | J14: =IF(SUM(F14,H14)=0,0,$J$8+SUBTOTAL(9,$F$10:F14)-SUBTOTAL(9,$H$10:H14)) -> 0 | K14: =IF(SUM(G14,I14)=0,0,$K$8+SUBTOTAL(9,$G$10:G14)-SUBTOTAL(9,$I$10:I14)) -> 0 | L14: =AND(A14>=$D$3,A14<=$F$3) -> FALSE
